transaction_amount_usd,latent_v1,latent_v2,latent_v3,latent_v4,device_trust_score,is_fraud,amount_log,risk_interaction
93.81,0.135,-0.119,-1.084,0.358,0.979,0,4.551874888929868,-0.04307583417593528
67.1,0.193,-0.651,0.768,-0.624,0.937,0,4.220977213155467,0.42895881731784585
333.16,-3.1,0.129,-0.554,0.382,0.859,0,5.81161992018892,0.05670655926352129
72.17,-0.165,-0.827,0.585,-0.37,0.737,0,4.292785500895938,0.4096251673360107
113.2,0.251,-0.812,1.184,-0.59,0.768,0,4.73795129722191,0.6157840616966581
91.65,0.781,-0.966,0.261,1.023,0.737,0,4.528828952731369,-1.3229156626506022
52.41,0.497,-0.841,-0.404,0.265,0.847,0,3.977997994351679,-0.2600525087514586
148.26,0.023,0.738,0.05,0.636,0.814,0,5.005689751703241,0.569621359223301
165.24,-3.275,-0.818,1.209,-0.034,0.941,0,5.113432527350917,0.029245005257623555
48.92,-0.101,-2.093,-1.505,0.419,0.93,0,3.9104217240611723,-0.9329436170212765
61.65,-0.733,-0.31,-0.885,-0.521,0.834,0,4.137563681342077,0.1913625592417062
36.18,-0.052,-0.136,2.15,1.833,0.803,0,3.6157709822932977,-0.3066273062730627
55.4,-0.099,0.377,-0.86,-0.811,0.833,0,4.032469158504013,-0.3626892052194544
126.14,0.662,-0.93,-0.057,-0.336,0.925,0,4.845288841508263,0.33420320855614977
40.16,-1.389,0.3,-0.355,0.415,0.954,0,3.717466910965849,0.12914937759336098
41.95,-0.94,1.158,-0.029,-1.329,0.724,0,3.7600366484302645,-2.0967057220708445
23.54,0.68,-0.199,-1.708,0.332,0.904,0,3.2003044392827653,-0.07228446389496718
96.42,-0.378,0.145,0.051,1.49,0.787,0,4.579031528378397,0.2710790464240903
18.94,-0.835,-1.449,0.248,1.601,0.722,0,2.9927277645336923,-3.1691926229508196
6.55,-0.198,-0.882,0.187,0.589,0.933,0,2.0215475632609334,-0.550899257688229
58.39,-0.812,-0.287,0.296,0.393,0.749,0,4.0841258620277685,-0.14860474308300395
66.03,2.338,-0.236,0.11,0.617,0.857,0,4.205140280369866,-0.16794925028835062
9.39,-0.677,0.416,-0.276,0.269,0.787,0,2.340843805111136,0.1404065244667503
29.34,-1.365,-0.711,-2.574,-0.307,0.986,0,3.4124669739203863,0.21915361445783132
9.89,-0.534,0.151,0.045,1.257,0.853,0,2.387844936944869,0.21993858632676708
75.09,-0.453,-0.493,0.869,-1.683,0.761,0,4.331916850188431,1.07615953307393
15.51,0.584,0.614,-0.745,-0.414,0.742,0,2.8039662579320366,-0.3380265957446808
106.61,1.206,0.609,0.172,0.391,0.745,0,4.678513580212301,0.31538940397350995
28.71,-0.425,0.5,0.201,-0.423,0.817,0,3.391483689474516,-0.25574365175332525
219.73,-0.693,0.254,-1.013,-1.687,0.715,0,5.39694023515312,-0.5910317241379311
63.33,-0.254,-0.967,1.209,-0.661,0.933,0,4.1640260854229085,0.6778229056203606
19.16,-1.377,-1.451,0.381,-0.445,0.905,0,3.0037004432031678,0.7056775956284153
22.95,-0.812,-0.275,-0.896,0.303,0.986,0,3.175968323856924,-0.08365963855421688
133.96,1.332,-1.861,0.113,0.857,0.751,0,4.904978438237713,-2.095764783180026
45.46,0.421,1.002,0.891,0.366,0.959,0,3.838591727342263,0.37846439628482975
219.47,0.098,-0.899,0.865,0.81,0.876,0,5.39576163120889,-0.8218848758465013
20.51,0.653,0.882,-0.075,-0.858,0.75,0,3.068517943279639,-0.9957315789473684
39.99,-0.051,-0.247,2.145,0.895,0.892,0,3.7133281345162463,-0.24508314855875832
158.82,-0.367,-0.275,-0.184,0.188,0.983,0,5.074048181946317,-0.05206445115810675
162.13,0.389,0.001,-0.291,-0.594,0.885,0,5.0945474289482116,-0.0006636871508379888
41.62,2.206,1.199,-1.259,0.787,0.806,0,3.752323626670471,1.156388480392157
162.75,0.489,-0.456,1.529,0.365,0.907,0,5.098340874515361,-0.181504907306434
24.77,1.059,0.198,0.479,-0.07,0.831,0,3.2492110246642736,-0.016480380499405475
18.1,0.523,-0.128,0.801,-0.392,0.956,0,2.9496883350525844,0.05194202898550725
41.64,0.222,-0.412,1.034,-0.689,0.828,0,3.752792779857589,0.338744630071599
61.45,-0.554,1.309,-2.072,-0.952,0.807,0,4.134366236571586,-1.5252974296205628
68.45,-0.511,1.141,2.043,0.29,0.778,0,4.240607069200353,0.4199111675126903
32.63,0.145,0.281,1.858,0.971,0.708,0,3.515418525752178,0.3800153203342619
86.82,3.015,0.627,-0.669,-0.225,0.756,0,4.475289265133571,-0.1841710182767624
260.91,-0.877,-2.405,0.313,1.782,0.848,0,5.568000933297142,-4.995
28.68,-0.707,0.522,-0.172,-1.36,0.783,0,3.39047341829918,-0.8952332912988652
29.17,1.344,1.293,-0.311,1.228,0.721,0,3.40684805317097,2.172098495212038
32.18,0.057,0.285,-0.555,0.022,0.865,0,3.5019472847622986,0.007165714285714285
220.51,0.043,0.494,0.667,-0.063,0.895,0,5.4004677351929695,-0.03438895027624309
10.7,-1.594,-0.21,-2.472,-1.676,0.869,0,2.4595888418037104,0.40040955631399316
42.51,0.014,-1.262,0.491,0.989,0.798,0,3.772990796732589,-1.544700495049505
238.02,0.232,0.901,-0.469,0.03,0.772,0,5.476547230438735,0.034565217391304345
57.32,0.917,2.057,-0.874,0.963,0.864,0,4.065945087700403,2.266465675057208
12.84,1.508,-0.52,-0.015,-1.802,0.796,0,2.6275629501895237,1.1625806451612903
54.38,0.429,0.832,-0.222,0.286,0.953,0,4.014218517742816,0.24709449636552439
10.24,-0.326,0.741,0.129,-1.986,0.973,0,2.419478844465545,-1.4970762970498472
9.16,0.94,-0.39,-1.27,-0.439,0.823,0,2.318458442150336,0.2055342136854742
46.4,0.143,0.227,0.306,0.003,0.835,0,3.858622228701031,0.0008059171597633138
10.1,-0.437,-1.626,-0.772,0.89,0.871,0,2.4069451083182885,-1.6426106696935299
113.64,1.544,0.085,1.742,2.054,0.733,0,4.741796783519916,0.23497981157469716
16.46,-1.733,0.221,0.086,-0.424,0.856,0,2.859912550411456,-0.10820323325635103
299.76,-0.735,-0.027,1.205,0.183,0.989,0,5.706312604509826,-0.004945945945945946
52.83,0.627,-0.277,0.452,-1.209,0.818,0,3.985830932572866,0.4044601449275363
8.57,-1.276,-0.83,0.313,0.13,0.778,0,2.258633205464863,-0.13692893401015227
800.81,-3.414,2.991,-3.953,5.567,0.38,1,6.686871672068771,42.69460769230769
93.63,0.032,0.806,0.075,-1.025,0.737,0,4.549974550520141,-1.1059571619812583
81.3,2.339,-0.334,0.645,-0.012,0.811,0,4.410371107683024,0.004881851400730816
51.94,0.749,1.549,-0.735,-1.657,0.763,0,3.9691591967989552,-3.3204307891332467
292.47,-0.325,-0.937,-0.65,0.61,0.723,0,5.681775419393111,-0.779768076398363
59.68,0.589,0.667,-0.337,0.138,0.927,0,4.105614154480332,0.09823479188900748
163.75,0.041,1.433,0.583,-0.451,0.911,0,5.104429173382616,-0.7017187839305103
340.82,-0.445,-0.558,0.632,-0.623,0.754,0,5.834284282720359,0.4550183246073299
10.86,-0.425,1.058,0.192,1.199,0.961,0,2.4731713935695794,1.3064284243048405
226.54,0.798,-1.177,-0.102,0.99,0.876,0,5.4273260471115705,-1.315158013544018
22.75,-0.039,-1.755,0.12,-0.837,0.846,0,3.1675825304806504,1.7160455607476635
18.26,-1.931,-0.674,2.551,0.65,0.702,0,2.9580304063699794,-0.615308988764045
126.66,-0.881,1.404,-0.992,-0.554,0.867,0,4.849370479827911,-0.8869053591790195
19.3,1.369,-0.999,-2.06,1.091,0.822,0,3.0106208860477417,-1.3099867788461539
75.19,0.46,0.227,-0.787,-1.394,0.865,0,4.333230220484919,-0.36164342857142856
186.44,0.254,-0.622,-0.802,-2.455,0.714,0,5.2334587941995405,2.109129834254144
23.02,-0.228,1.439,-0.89,-1.522,0.948,0,3.1788868166518376,-2.28617745302714
122.5,-0.586,-0.349,0.264,-0.156,0.869,0,4.816241156068032,0.061938566552901024
69.81,-1.709,1.23,0.105,1.388,0.734,0,4.260000233663683,2.2946774193548385
16.75,0.724,0.061,0.76,-0.394,0.922,0,2.8763855159214247,-0.02578755364806867
29.21,-0.844,0.642,0.031,-2.329,0.91,0,3.4081729953985804,-1.6252369565217393
15.21,-0.406,-2.547,1.321,0.169,0.75,0,2.785628335747585,-0.5663723684210528
145.2,0.531,1.835,-0.735,1.667,0.74,0,4.9849755473156785,4.078593333333333
98.15,2.212,0.392,0.676,-0.269,0.87,0,4.5966338549658055,-0.11982727272727274
12.59,1.581,-0.31,-0.027,1.456,0.959,0,2.6093342281630525,-0.4657997936016512
31.48,0.877,-0.197,0.31,0.661,0.949,0,3.4806245152934774,-0.13578415015641293
12.9,-0.401,0.816,-0.547,-0.675,0.821,0,2.631888840136646,-0.6628158844765343
29.59,-0.816,-0.401,0.612,-1.726,0.828,0,3.420673158162812,0.8259260143198092
41.19,0.461,0.289,-0.765,1.169,0.916,0,3.7421832261362473,0.36483909287257016
19.01,-0.363,-0.869,-0.605,0.734,0.718,0,2.996232148595642,-0.8761620879120879
17.0,0.361,0.968,0.361,-1.611,0.853,0,2.8903717578961645,-1.8070081112398608
95.57,0.515,-0.377,1.113,-1.093,0.705,0,4.570268133978827,0.576309090909091
44.63,0.61,-2.08,0.677,-1.08,0.933,0,3.8205653949393112,2.382184517497349
75.15,0.823,1.224,1.121,-0.524,0.785,0,4.332705079341171,-0.8067622641509434
76.98,-0.687,1.393,-0.385,-1.868,0.937,0,4.356452383554451,-2.7477550158394934
230.94,2.014,0.562,0.764,-0.98,0.939,0,5.446478717528557,-0.5803582718651212
170.33,-0.821,-0.17,-1.5,-0.347,0.784,0,5.143591521344882,0.07429471032745592
130.76,1.907,-1.436,-0.26,-0.656,0.726,0,4.880982085869385,1.2799130434782608
281.95,-0.18,1.371,-0.984,-0.451,0.863,0,5.645270203588533,-0.7082714776632303
249.66,0.175,-0.965,-0.072,1.132,0.988,0,5.524097439183376,-1.094569138276553
101.63,-1.61,-0.697,-1.816,0.537,0.725,0,4.631130287657623,-0.5092367346938775
5.12,1.225,-0.183,-1.006,-0.976,0.746,0,1.8115620965242347,0.23625396825396824
20.23,0.912,-0.669,0.435,-0.305,0.795,0,3.055415275715165,0.253472049689441
15.18,0.337,0.915,-0.252,-1.204,0.783,0,2.7837759116303458,-1.3892307692307693
118.46,0.261,-0.025,-0.159,-0.487,0.84,0,4.7829815873041595,0.014323529411764707
64.45,1.136,-0.913,0.408,0.355,0.86,0,4.181286492355909,-0.3725459770114942
153.58,-0.829,-1.605,-0.349,-1.958,0.783,0,5.040711761678725,3.962912988650693
282.1,-0.628,-0.293,-0.69,0.042,0.732,0,5.6458001921178536,-0.016584905660377357
26.05,-2.424,-1.295,0.643,0.804,0.824,0,3.2976870052924907,-1.2484172661870505
39.51,1.072,-0.718,-0.111,1.442,0.738,0,3.701548857214599,-1.3841657754010694
27.83,-0.157,1.853,0.446,0.019,0.98,0,3.3614165116503107,0.03556262626262627
25.61,-0.524,0.539,0.66,-1.073,0.817,0,3.281287084989598,-0.6993313180169287
232.93,0.025,-0.884,-0.4,-1.03,0.88,0,5.455021925305676,1.0230561797752808
19.76,-0.355,-1.3,2.177,-1.125,0.721,0,3.033028058297688,2.000683994528044
26.86,1.092,-1.476,0.457,-0.251,0.884,0,3.3271919683516598,0.41440268456375834
11.34,0.062,-0.812,-0.858,-1.574,0.752,0,2.5128460184772416,1.6772808398950132
78.35,0.004,0.592,0.208,-0.723,0.799,0,4.373868446972418,-0.5290679851668726
169.68,-1.334,-0.284,0.587,-0.674,0.777,0,5.1397904583197995,0.2432223634053367
128.91,-0.634,-1.046,0.684,-0.053,0.97,0,4.866841903007641,0.05656938775510204
24.7,-0.98,-0.396,-3.071,0.778,0.961,0,3.246490991901174,-0.3172893923789908
231.04,-0.171,-2.406,-1.457,-0.422,0.758,0,5.4469097705978635,1.322046875
8.27,-1.314,0.793,0.419,0.36,0.84,0,2.2267833795777636,0.33585882352941177
50.73,-0.698,-0.954,-0.415,-1.126,0.964,0,3.9460378840154235,1.1028788501026694
86.21,0.68,-0.138,1.999,1.14,0.711,0,4.468319003238894,-0.21819694868238557
48.85,1.338,1.008,-1.41,1.086,0.727,0,3.9090184964078474,1.4853297150610585
52.35,-1.979,-0.269,-0.012,1.587,0.79,0,3.976873977747762,-0.53362875
147.05,0.389,0.826,0.086,-0.587,0.921,0,4.997550054547601,-0.5207969924812029
17.48,0.413,-0.293,-2.619,-1.291,0.702,0,2.916689066213538,0.5312682584269662
150.47,0.62,-2.131,1.184,1.036,0.977,0,5.020387585538934,-2.2367943262411347
69.42,0.529,-0.117,-1.374,0.967,0.737,0,4.254477313726906,-0.15145783132530122
162.14,1.407,-1.209,-1.411,-0.137,0.874,0,5.094608727872434,0.18736764705882356
10.32,1.208,-2.246,1.581,-0.407,0.94,0,2.4265710727750367,0.9622336842105264
130.38,0.735,0.062,0.296,0.289,0.788,0,4.878093887464327,0.02245363408521303
52.7,-1.219,-0.104,-0.787,-0.784,0.724,0,3.983413001514819,0.11108446866485014
229.24,1.799,0.859,-0.252,0.672,0.88,0,5.439122243139058,0.6485932584269662
8.36,0.442,-0.418,-0.685,1.224,0.809,0,2.2364452904895007,-0.6247032967032966
69.82,-0.668,-0.781,-0.621,0.862,0.756,0,4.2601414466837575,-0.8788798955613577
64.65,-0.383,0.542,-0.22,-0.645,0.917,0,4.184337600748806,-0.3771197411003236
73.0,0.461,1.301,-0.578,-0.008,0.985,0,4.30406509320417,-0.010460301507537687
46.11,0.441,-0.919,0.647,-1.628,0.87,0,3.85248529271195,1.70015
55.16,-0.51,0.73,1.698,-2.314,0.892,0,4.028204759717555,-1.8727494456762748
135.25,1.64,-1.182,1.451,-0.739,0.706,0,4.914491433543353,1.2199692737430168
24.52,1.055,-0.036,0.771,0.049,0.84,0,3.239462458476589,-0.002075294117647059
62.31,0.21,-0.264,0.398,-0.252,0.964,0,4.148043294556035,0.06830390143737167
248.96,2.018,0.231,-0.447,0.337,0.874,0,5.521300905060881,0.08806221719457015
65.7,-5.326,4.185,-5.373,2.328,0.223,1,4.200204952921578,41.814077253218876
87.96,0.007,-0.803,0.297,-1.274,0.885,0,4.488186830502272,1.143041340782123
74.15,-0.84,1.217,-0.382,1.506,0.84,0,4.319486116198983,2.156237647058824
93.78,-1.52,0.948,0.224,0.502,0.737,0,4.551558416539442,0.6370763052208835
42.5,1.16,0.32,-1.444,0.687,0.719,0,3.7727609380946383,0.3015637860082305
7.43,0.486,-0.325,1.62,-0.618,0.966,0,2.131796772013764,0.2057889344262295
49.57,0.077,-1.384,0.184,-0.414,0.866,0,3.9233585150918917,0.6540821917808218
207.31,0.095,-1.048,-0.23,0.97,0.84,0,5.339027354795824,-1.1959529411764704
11.21,-0.936,-1.184,-0.085,0.174,0.834,0,2.502255288122613,-0.2440947867298578
99.57,-0.05,-1.25,0.612,0.398,0.882,0,4.610854002456389,-0.5577354260089686
98.99,0.351,-0.47,0.205,-0.111,0.909,0,4.605070180987758,0.05676822633297062
124.14,-0.296,-1.462,1.333,0.582,0.73,0,4.829433110570218,-1.1498432432432433
283.79,-0.319,0.543,0.075,1.319,0.834,0,5.651752066561817,0.8485983412322275
37.09,1.599,0.563,1.773,-1.222,0.903,0,3.6399517804905126,-0.7535443592552025
110.55,-1.682,-0.296,-0.107,-1.62,0.957,0,4.714472920878541,0.4958841778697001
45.41,-0.391,0.242,0.249,-0.012,0.923,0,3.8375149532530846,-0.003112540192926045
25.09,-1.587,0.009,1.385,-0.447,0.924,0,3.261552099148637,-0.004307280513918629
27.01,0.163,0.745,0.038,-2.388,0.875,0,3.332561589272017,-2.010237288135593
74.76,1.284,-3.539,0.451,-0.467,0.857,0,4.327570448877823,1.9062433679354096
16.94,-0.149,0.509,0.057,-1.121,0.733,0,2.88703285663065,-0.7679528936742934
236.02,-0.577,-0.738,-1.716,-1.372,0.93,0,5.4681445257603025,1.0771659574468087
56.8,-0.536,-0.757,-1.181,0.031,0.877,0,4.056988775678332,-0.026456595264937995
75.9,0.285,0.14,-0.543,-0.377,0.788,0,4.3425058765115985,-0.06614035087719299
196.64,-0.162,-0.025,-0.591,-0.075,0.858,0,5.2864471939775495,0.002160138248847926
40.13,2.352,-0.552,0.374,0.852,0.826,0,3.716737782242333,-0.5625645933014355
150.49,-1.803,0.267,0.129,-0.346,0.95,0,5.020519616170232,-0.09623124999999999
20.11,0.362,0.32,-0.218,0.384,0.962,0,3.0497468618602293,0.12641975308641976
37.86,-0.627,0.073,-1.624,-0.37,0.755,0,3.659965443949294,-0.03530718954248366
99.22,-0.32,-2.405,-1.368,-1.106,0.98,0,4.607367769531579,2.68679797979798
92.21,-0.056,-0.383,-0.379,0.716,0.727,0,4.5348550120730655,-0.3720868385345997
125.73,1.293,1.95,-1.246,0.523,0.846,0,4.842058839093973,1.191413551401869
71.91,0.115,-0.056,0.49,0.755,0.723,0,4.289225803818339,-0.057680763983628924
14.54,-1.245,-0.026,-2.269,-0.209,0.885,0,2.7434173449395014,0.006071508379888267
16.74,-1.656,-0.512,0.967,-0.676,0.709,0,2.8758219768814333,0.48137969401947156
294.61,-1.905,0.258,-0.587,-0.186,0.987,0,5.6890410180011655,-0.04813239719157473
8.41,-0.73,1.974,-1.558,2.833,0.904,0,2.2417729535972883,6.118536105032823
10.99,-0.575,-0.617,-0.785,0.601,0.866,0,2.4840729690394228,-0.4233070776255708
25.6,-2.184,0.274,0.849,-1.275,0.855,0,3.2809112157876537,-0.4038728323699422
250.07,1.598,-0.855,2.816,-2.391,0.778,0,5.525731784712892,2.594295685279188
56.58,1.851,-0.262,-0.172,0.443,0.712,0,4.05317528518403,-0.1607562326869806
63.29,-1.257,0.169,0.379,0.695,0.832,0,4.163404098153595,0.13949524940617578
71.12,-0.068,1.192,-0.125,-2.338,0.868,0,4.2783313983351166,-3.1741412300683374
22.81,0.292,0.673,-0.781,0.26,0.875,0,3.170105660498771,0.1977175141242938
15.96,0.053,-0.821,1.558,-1.706,0.726,0,2.830857630363757,1.9030244565217391
52.93,1.834,0.598,-0.649,-0.28,0.983,0,3.9876869093491356,-0.16862034239677745
33.66,1.861,-0.946,-1.764,0.291,0.718,0,3.54558628428746,-0.3781401098901099
20.07,0.314,0.666,0.673,1.771,0.817,0,3.0478502278160975,1.4262224909310763
43.42,0.662,-1.106,-1.457,1.866,0.83,0,3.7936898184662815,-2.4569000000000005
29.92,-0.059,1.309,-1.869,0.415,0.753,0,3.4314032237192214,0.7119724770642201
12.64,-0.89,0.628,-0.907,1.572,0.821,0,2.613006652415316,1.1879855595667872
58.83,-0.789,-0.261,1.082,-1.258,0.893,0,4.09150720740194,0.3636079734219269
33.66,-1.375,-0.179,-0.159,0.218,0.766,0,3.54558628428746,-0.050286082474226806
32.88,0.335,-0.896,-1.36,1.228,0.905,0,3.522824869783854,-1.2025005464480873
74.29,0.784,-1.268,0.096,-1.016,0.827,0,4.321347323862031,1.5391732377538831
31.5,0.982,0.275,-1.391,-0.482,0.775,0,3.481240089335692,-0.16885350318471337
60.49,0.713,-0.229,-1.391,-1.447,0.811,0,4.118874559965378,0.40360901339829475
158.99,1.19,1.572,1.022,-0.533,0.711,0,5.075111313280621,-1.162102635228849
178.94,-2.498,0.313,2.092,-0.035,0.704,0,5.192623461988973,-0.015343137254901964
179.44,-1.99,-0.675,-0.184,-1.098,0.844,0,5.1953983125401955,0.867857142857143
48.94,-0.785,1.773,0.101,0.47,0.934,0,3.910822284851627,0.8827436440677965
14.84,-1.652,-1.04,1.089,0.209,0.723,0,2.7625383863862796,-0.29653478854024556
11.4,-0.399,0.486,0.506,1.991,0.942,0,2.517696472610991,1.0164138655462185
16.36,0.163,-1.063,-0.116,0.608,0.795,0,2.854168709232204,-0.8028621118012422
84.32,0.254,-0.897,-0.567,0.846,0.769,0,4.44640889360315,-0.9741489088575096
136.44,-0.158,-0.536,2.892,0.278,0.911,0,4.923187458235946,-0.1617893593919653
42.25,1.357,1.792,2.088,0.708,0.775,0,3.7669972333778885,1.6162242038216559
12.52,-0.292,-0.404,1.24,0.001,0.903,0,2.604170070614818,-0.0004424972617743702
137.27,-1.099,-1.717,-1.237,-0.427,0.718,0,4.929208295400526,1.0070865384615384
80.98,0.703,-0.528,0.257,0.118,0.819,0,4.406475315076191,-0.0751556091676719
97.19,2.208,-0.594,-1.34,-0.217,0.847,0,4.586904377181199,0.15040606767794631
68.92,0.603,0.795,-0.77,0.326,0.909,0,4.24735173134728,0.28201305767138196
63.97,-0.109,-0.378,-1.165,0.14,0.916,0,4.17392562489244,-0.05714902807775379
5.71,0.293,-1.202,0.453,0.233,0.905,0,1.9035989509835904,-0.3060830601092896
99.7,0.094,-1.036,-0.831,1.762,0.912,0,4.612145799724517,-1.9798611713665943
67.72,0.499,0.754,0.939,-1.223,0.751,0,4.230040277676,-1.2117503285151117
78.78,-0.285,0.64,-1.025,0.559,0.881,0,4.379272846477261,0.4015263748597082
39.86,-0.664,-1.027,-1.435,-0.579,0.83,0,3.710151589389476,0.7078964285714284
37.85,1.099,-0.189,-1.178,0.226,0.9,0,3.6597080768136565,-0.04693846153846154
66.23,0.791,0.306,0.905,-0.134,0.918,0,4.208119576480946,-0.0441853448275862
62.0,-1.636,0.968,-0.111,-0.291,0.881,0,4.143134726391533,-0.3161481481481481
9.93,-0.044,-0.415,-0.703,-1.905,0.776,0,2.391511302188447,1.0058206106870229
20.3,0.151,1.963,-0.616,-1.024,0.872,0,3.0587070727153796,-2.2790385487528346
11.37,0.589,0.728,0.828,0.969,0.894,0,2.5152741864043966,0.7803451327433627
60.09,-0.355,0.109,1.296,0.566,0.845,0,4.112348186661675,0.07215672514619882
42.6,0.862,-1.343,0.751,0.39,0.799,0,3.775057150354989,-0.6474289245982694
129.84,0.996,0.16,1.766,2.786,0.868,0,4.8739752026701835,0.5076993166287016
122.6,2.321,0.603,-0.908,-0.039,0.923,0,4.817050545023591,-0.02520578778135048
121.9,-1.125,-1.094,-0.341,0.535,0.872,0,4.811371016571989,-0.6635941043083902
238.65,-0.834,1.737,-1.072,1.302,0.78,0,5.47917952560564,2.8627518987341776
490.25,0.739,1.28,-0.444,-0.143,0.709,0,6.196953163183471,-0.25457579972183586
73.67,0.225,1.579,-1.297,-0.657,0.83,0,4.3130784050476105,-1.2350035714285716
11.39,-0.136,0.772,0.034,0.303,0.97,0,2.516889695641051,0.23868979591836736
5.46,0.398,0.245,0.703,-0.122,0.857,0,1.8656293177945105,-0.03447520184544406
68.72,0.706,0.228,0.625,-1.101,0.723,0,4.24448722065182,-0.3424665757162347
83.69,0.51,-0.726,-0.345,-1.872,0.874,0,4.4389975309335075,1.5374117647058825
20.97,-0.869,1.064,-0.954,0.453,0.9,0,3.089677886396519,0.5296615384615385
16.66,-1.535,-0.453,-0.846,0.883,0.956,0,2.8713021951758138,-0.4140776397515528
194.04,0.462,-1.233,-0.203,-0.772,0.907,0,5.273204665732961,1.0380327153762268
96.55,-1.442,0.827,-0.823,-0.253,0.909,0,4.5803650670691205,-0.22767247007616975
64.58,-1.004,0.835,-1.172,-1.241,0.707,0,4.1832707714165025,-1.44523709902371
40.45,0.028,0.022,-2.832,1.16,0.709,0,3.724487881581304,0.035493741307371346
184.66,-2.139,-0.146,1.328,2.209,0.764,0,5.223917043971786,-0.4166847545219638
52.61,1.291,0.865,-0.489,-0.616,0.776,0,3.9817356178394463,-0.677913486005089
8.28,-0.717,-0.345,0.316,-0.566,0.948,0,2.2278615467981093,0.20383089770354904
30.24,-1.482,-0.376,-1.676,0.108,0.973,0,3.441699324971485,-0.04131027466937945
205.93,-1.939,0.89,-1.315,-1.773,0.911,0,5.332380571823737,-1.7133224755700323
56.07,0.711,-1.922,-1.343,-0.396,0.954,0,4.044278584548617,0.7895352697095436
127.54,-0.142,2.51,-5.917,6.038,0.398,1,4.85624013994314,37.14553921568627
76.41,-0.727,-0.102,1.316,-0.145,0.878,0,4.349115971216622,0.016655405405405402
156.7,-1.04,-0.016,0.981,0.669,0.786,0,5.060694493968993,-0.013447236180904524
63.18,-1.796,-1.583,-0.51,-0.377,0.757,0,4.161691635681711,0.7780847457627118
9.84,-1.475,1.023,-1.264,-1.371,0.702,0,2.3832429960115,-1.9698497191011235
160.35,0.088,0.974,2.055,0.583,0.812,0,5.083575918497971,0.6908053527980534
93.56,2.16,-1.861,-0.504,0.561,0.814,0,4.549234553657788,-1.2670157766990293
37.36,-1.086,-0.31,1.422,0.017,0.828,0,3.6470152500152375,-0.006288782816229118
62.34,0.467,0.79,-1.7,-0.067,0.957,0,4.148517041110494,-0.05473629782833506
78.14,-0.725,-0.875,-0.456,1.284,0.843,0,4.371218435957278,-1.317116060961313
185.68,1.02,-2.369,0.792,-1.119,0.735,0,5.229395921081615,3.5582697986577183
15.27,1.767,-1.064,-0.853,0.562,0.723,0,2.7893229212309465,-0.8157817189631652
244.7,0.659,-0.446,0.371,0.495,0.749,0,5.504111279527133,-0.29086956521739127
151.61,0.505,1.406,-1.225,-0.84,0.735,0,5.027885647502783,-1.5852885906040266
65.59,-1.803,1.093,-2.229,-0.402,0.886,0,4.198554416122531,-0.4903861607142857
201.8,-0.387,-1.097,0.344,-0.988,0.911,0,5.312220271717028,1.1768034744842562
233.39,0.151,-0.64,2.035,0.358,0.941,0,5.456986394676763,-0.240925341745531
18.85,-0.774,-0.386,2.392,-0.767,0.709,0,2.9882040071331994,0.411769123783032
32.32,-0.078,-0.456,-1.04,0.421,0.963,0,3.506157817298642,-0.1973031860226105
66.73,0.811,0.901,-0.918,0.641,0.761,0,4.215529213226812,0.7490804150453957
104.08,-0.319,-1.456,0.67,0.665,0.831,0,4.654721964817339,-1.1512960760998812
138.55,0.451,0.988,-0.754,-0.906,0.791,0,4.938422959982331,-1.1175131086142323
15.56,-0.871,-0.68,0.881,-0.096,0.73,0,2.8069901489571136,0.08821621621621623
113.28,-0.616,0.286,0.126,0.778,0.805,0,4.738651577362572,0.27301595092024533
125.09,0.861,-1.08,2.074,-0.786,0.764,0,4.836995937685135,1.0967441860465117
101.08,-0.152,1.546,-0.818,2.204,0.959,0,4.6257568195964796,3.5163921568627456
63.56,0.403,0.457,-1.426,-0.473,0.818,0,4.1675950239616935,-0.26106400966183574
153.75,0.139,-1.547,-0.538,1.123,0.886,0,5.041810911564705,-1.9389296874999997
28.96,0.178,-0.236,-0.28,-0.491,0.948,0,3.3998631586490187,0.12095615866388308
41.16,-0.432,1.808,0.3,-0.576,0.709,0,3.741471904233107,-1.4484116828929068
178.55,0.973,0.624,-1.654,-1.034,0.768,0,5.1904537206720915,-0.8293264781491002
60.69,2.091,0.822,-0.013,-0.343,0.797,0,4.122121843221548,-0.34937546468401487
55.68,-1.733,1.901,1.574,-0.576,0.899,0,4.03742141482248,-1.2045940594059406
157.27,0.624,-1.425,-1.808,1.183,0.841,0,5.0643024353451915,-1.98093419506463
37.01,-0.368,-0.46,0.314,-0.678,0.892,0,3.6378492830011573,0.34576496674057655
260.67,2.099,-1.385,0.029,0.431,0.963,0,5.567084167886663,-0.6134994861253854
12.37,-0.256,-1.337,1.257,0.337,0.987,0,2.5930133911138515,-0.4519247743229689
46.86,-1.267,0.439,1.702,-0.036,0.923,0,3.868280082480227,-0.016938906752411574
63.85,-0.97,1.728,0.973,-0.924,0.77,0,4.172076910762453,-2.0470153846153845
21.01,-1.834,0.26,-0.879,0.297,0.89,0,3.0914968955383704,0.0858
33.31,0.738,-0.706,0.36,0.083,0.808,0,3.5354368568703585,-0.07163569682151588
102.24,-0.152,-0.641,0.045,0.533,0.783,0,4.637056374850413,-0.4308360655737705
15.89,0.966,1.357,0.494,-0.138,0.706,0,2.826721730819709,-0.2615446927374302
35.77,-0.233,0.548,0.228,-1.649,0.939,0,3.6046822953131805,-0.9522149631190728
14.25,0.572,-0.861,-1.417,-1.668,0.927,0,2.7245795030534206,1.5327086446104587
284.74,-0.216,-1.017,-2.326,-0.358,0.805,0,5.655082306437012,0.4467312883435582
9.56,-0.629,1.829,0.517,-0.5,0.933,0,2.3570732782781154,-0.9697773064687167
61.64,0.957,-1.396,-0.974,-0.782,0.912,0,4.137404051682548,1.1840260303687635
8.5,-0.44,-0.595,0.034,0.736,0.806,0,2.2512917986064953,-0.5366666666666666
180.67,-1.635,-1.04,-0.52,-1.245,0.792,0,5.202191854450653,1.6144638403990026
101.14,0.617,-1.682,0.657,-0.139,0.809,0,4.626344421219498,0.2854676434676435
97.72,-0.564,-0.37,-0.153,-0.346,0.746,0,4.592287560157078,0.16933862433862434
21.25,-2.071,0.993,2.861,0.298,0.791,0,3.1023420086122493,0.3694307116104869
34.73,0.613,0.385,-0.284,0.753,0.86,0,3.5759906720353185,0.3332241379310345
42.87,0.238,-0.996,-1.433,0.121,0.831,0,3.7812307151781224,-0.14330083234244947
140.51,-0.853,0.191,1.821,0.431,0.93,0,4.95237038596428,0.08757553191489362
89.31,0.473,-0.781,-1.745,-0.922,0.894,0,4.503248196262708,0.7965508849557523
25.7,0.798,0.176,-1.269,1.787,0.949,0,3.2846635654062037,0.3279582898852971
29.66,0.049,0.209,0.568,-0.696,0.706,0,3.422958873443668,-0.20316201117318433
149.3,1.305,-1.58,-1.039,1.292,0.731,0,5.012633296758929,-2.754871794871795
11.14,0.59,2.54,0.068,1.7,0.823,0,2.4965057856313524,5.183673469387755
48.15,0.896,-1.74,-0.197,1.167,0.705,0,3.8948768465931756,-2.839972027972028
11.58,0.501,0.011,-0.449,0.202,0.755,0,2.5321082512722946,0.002904575163398693
130.41,0.372,1.078,-0.222,0.068,0.94,0,4.878322206655547,0.0771621052631579
136.96,0.878,-1.014,-0.529,-0.492,0.798,0,4.92696378806864,0.6174356435643564
51.07,-3.254,1.195,-1.554,1.567,0.787,0,3.952588967174808,2.349516938519448
176.44,0.616,0.425,-1.102,-0.015,0.902,0,5.178632523602057,-0.006990131578947368
24.62,-0.715,-0.097,-0.14,0.122,0.962,0,3.2433732964685884,-0.012174897119341565
174.73,1.663,-0.241,1.218,0.48,0.825,0,5.168948726206755,-0.1385389221556886
135.98,0.696,-0.059,-2.989,-1.09,0.928,0,4.919834929769759,0.06856076759061834
151.51,-1.295,0.22,0.503,-0.035,0.918,0,5.027230167668092,-0.00829741379310345
146.68,-0.035,-0.511,1.043,0.463,0.714,0,4.995047770754542,-0.32678591160221
167.65,-1.381,0.221,-1.151,-0.965,0.854,0,5.12782556150766,-0.24683449074074074
9.51,0.374,-0.409,-0.365,-0.503,0.831,0,2.3523271848888596,0.2446218787158145
66.88,-0.309,1.545,0.517,1.267,0.733,0,4.217741440366026,2.6346096904441447
19.45,-2.034,-1.242,0.514,1.551,0.813,0,3.017982882488811,-2.3406342648845686
20.92,0.401,-1.452,0.522,-2.676,0.749,0,3.087399462079815,5.119304347826087
97.43,-0.448,0.652,0.447,-0.008,0.797,0,4.58934563564112,-0.006463444857496902
81.84,0.204,-0.79,0.918,0.687,0.904,0,4.416911036527384,-0.5937964989059081
80.73,1.126,-0.157,-0.001,0.601,0.97,0,4.403421131528038,-0.0962826530612245
79.41,-2.23,1.881,0.061,-1.622,0.81,0,4.387138546560058,-3.7207097560975613
55.58,-1.09,-0.142,1.515,0.411,0.743,0,4.035655565873421,-0.07750597609561752
77.1,-0.824,-0.747,-0.706,-0.352,0.986,0,4.35799005684564,0.264
36.37,-0.276,-0.339,-0.671,0.135,0.95,0,3.6208682434973927,-0.04767187500000001
281.85,-0.314,-1.596,0.034,-0.117,0.82,0,5.644916721789165,0.22497831325301207
31.76,0.597,-1.136,-1.242,-0.325,0.9,0,3.4892082589848687,0.4057142857142857
75.77,0.659,1.085,0.347,-0.685,0.828,0,4.3408139388398075,-0.8869033412887829
251.51,0.377,-0.946,0.466,-0.121,0.796,0,5.531450851891594,0.14201736972704712
283.38,-0.277,0.485,-0.406,-1.589,0.851,0,5.650311371968228,-0.8950813008130081
34.7,-0.447,-1.729,0.107,-0.094,0.904,0,3.5751506887855933,0.17781838074398248
12.57,1.315,1.285,0.144,-0.085,0.97,0,2.6078614738467776,-0.11145408163265307
113.38,-0.268,0.175,-1.574,0.081,0.753,0,4.73952623848717,0.018577981651376148
146.3,-0.095,-1.112,-1.25,0.211,0.792,0,4.9924713234685845,-0.29255860349127183
51.96,-1.112,-0.966,0.775,0.179,0.784,0,3.9695369116287527,-0.21777581863979845
22.44,1.312,0.936,-1.118,1.164,0.773,0,3.154443964708812,1.391448275862069
270.35,-0.081,0.8,-0.163,1.186,0.823,0,5.6034095005094136,1.139015606242497
19.49,1.216,-2.393,-0.046,-0.394,0.927,0,3.0199369622508083,1.0062347918890073
101.86,0.73,0.241,0.041,-0.343,0.928,0,4.63336884034677,-0.08812686567164178
71.25,-0.831,-0.402,-0.076,1.001,0.955,0,4.2801323269925415,-0.41699689119170985
79.93,1.034,0.592,-1.064,1.661,0.849,0,4.393584583507611,1.1447171129220024
143.11,-1.382,-1.56,0.254,-0.702,0.82,0,4.97057689685027,1.319421686746988
49.22,-0.47,0.195,1.406,0.484,0.94,0,3.916413353729439,0.09934736842105264
20.89,0.291,0.74,-0.04,1.036,0.857,0,3.0860299115347716,0.884244521337947
218.67,-0.119,0.92,-0.713,-1.507,0.812,0,5.392126420226094,-1.6866666666666663
33.74,0.66,-0.423,0.205,-0.495,0.75,0,3.5478917608129588,0.2755065789473684
40.9,-0.092,-0.175,0.413,0.288,0.764,0,3.735285826928092,-0.06511627906976743
57.94,1.071,-0.085,0.08,1.6,0.895,0,4.076519977309548,-0.15027624309392265
164.77,-0.002,-0.012,0.24,0.407,0.857,0,5.110601285436775,-0.005633217993079584
69.11,0.29,-2.153,-0.952,1.811,0.907,0,4.250065437218876,-4.251998909487459
172.87,-0.167,-1.189,1.678,-0.823,0.772,0,5.158307893539698,1.2513388746803067
91.9,-0.215,0.993,-0.25,-0.368,0.976,0,4.531523645819793,-0.3706125760649087
275.12,0.011,-1.336,-1.524,0.714,0.95,0,5.620835553835275,-0.99365
33.33,1.118,1.199,-1.621,-0.698,0.935,0,3.5360196074696004,-0.885610582010582
141.96,2.249,-0.908,1.168,0.372,0.823,0,4.962564870851173,-0.40549339735894363
32.39,0.263,-1.704,-2.074,-1.761,0.726,0,3.508256453955563,4.077097826086956
112.78,-0.62,-0.586,-1.424,-0.456,0.869,0,4.734266759322502,0.304
44.47,1.692,-2.326,-0.469,-0.404,0.955,0,3.8170527678369193,0.9737865284974094
53.34,-0.466,-0.088,2.979,-0.111,0.862,0,3.9952606039982017,0.01120183486238532
109.35,-0.554,-0.721,-0.007,-1.126,0.762,0,4.703657132702745,1.0516139896373056
10.27,-0.864,-0.423,0.293,1.826,0.742,0,2.422144328051685,-1.027125
5.79,-0.485,0.462,-1.628,1.06,0.87,0,1.9154509415706047,0.5565
37.24,-0.081,-0.121,-0.3,-1.301,0.891,0,3.643882088183201,0.17471809100998886
31.03,0.012,-0.308,0.443,0.101,0.871,0,3.466672963621067,-0.035309875141884224
59.15,0.741,0.127,-0.514,0.953,0.769,0,4.096841442420688,0.15536713735558408
30.9,1.693,0.031,-0.763,0.006,0.91,0,3.462606009790799,0.00020217391304347824
144.38,0.974,-1.25,0.949,-0.179,0.945,0,4.97935100405649,0.2342931937172775
68.35,0.703,0.351,-1.984,-0.046,0.919,0,4.239166146760841,-0.0173799784714747
26.13,0.991,-0.302,-0.667,1.556,0.762,0,3.3006401266708405,-0.6086943005181347
42.4,-0.833,-0.555,-0.861,0.845,0.832,0,3.770459441106359,-0.556977434679335
269.39,-3.571,4.578,-2.77,6.063,0.218,1,5.599865361236428,121.73865789473683
53.06,0.025,-0.673,-1.192,0.016,0.73,0,3.9900945408483017,-0.014551351351351353
16.21,0.231,-0.839,-0.624,-0.762,0.75,0,2.845490610223448,0.841207894736842
274.12,-0.411,0.541,-1.078,-0.641,0.843,0,5.617207366124011,-0.4065427901524033
6.68,0.276,2.042,0.572,0.596,0.737,0,2.038619547159581,1.629226238286479
48.22,-0.528,-0.71,0.392,-1.651,0.819,0,3.89630004496291,1.4140048250904704
255.87,0.733,-0.724,-0.901,-0.407,0.949,0,5.548570120340864,0.30726590198123044
36.4,0.797,1.905,-0.495,-3.348,0.912,0,3.6216707044204863,-6.917505422993492
12.81,0.715,0.304,-0.496,1.714,0.817,0,2.6253929674212007,0.630055622732769
17.52,-1.08,0.02,1.589,-0.141,0.775,0,2.918851229218033,-0.0035923566878980884
60.71,-0.287,1.15,-0.25,-0.318,0.817,0,4.122445992332976,-0.44220072551390566
163.88,1.292,-1.285,0.678,1.646,0.804,0,5.1052179365822035,-2.5984152334152326
78.14,-0.638,-0.242,1.01,-1.332,0.795,0,4.371218435957278,0.4004273291925466
47.22,-0.826,-1.252,1.598,-0.647,0.848,0,3.875773872753025,0.9441072261072261
249.35,0.004,-0.591,0.77,0.154,0.714,0,5.522859938775953,-0.12570994475138123
77.43,-0.43,0.589,0.23,0.123,0.891,0,4.362206507224575,0.08040732519422863
54.14,-0.48,-0.03,-0.187,1.955,0.736,0,4.0098754055956505,-0.07861930294906166
25.5,0.118,-0.694,0.112,2.372,0.937,0,3.2771447329921766,-1.7382977824709607
172.73,-0.718,1.709,1.939,0.853,0.802,0,5.157502369905808,1.7952918719211823
216.66,0.391,-0.835,-1.126,-1.487,0.762,0,5.382934212267916,1.608348445595855
79.78,-0.5,-0.061,0.995,-0.578,0.9,0,4.391729410135267,0.03874505494505494
114.69,-1.071,1.123,-0.284,-0.499,0.941,0,4.750914200040797,-0.5892502628811778
339.55,-0.279,-0.004,-0.415,-0.84,0.868,0,5.830561957687327,0.0038268792710706152
11.64,-0.16,0.527,0.052,0.077,0.919,0,2.5368663887187113,0.043680301399354145
84.32,1.459,1.34,0.87,2.085,0.986,0,4.44640889360315,2.805120481927711
117.02,0.438,0.326,2.244,-2.726,0.94,0,4.7708541016290225,-0.9354484210526316
54.86,0.98,2.566,0.107,-0.431,0.94,0,4.022848560517031,-1.1641536842105262
19.57,1.622,1.634,-0.056,0.253,0.766,0,3.0238337036648657,0.5327345360824742
20.97,1.046,1.602,-0.697,0.243,0.959,0,3.089677886396519,0.4017399380804954
46.91,-0.389,-1.926,1.004,-0.303,0.969,0,3.8693242508950307,0.5960960163432073
35.74,0.353,0.456,-1.63,0.556,0.939,0,3.6038660797869797,0.26716122233930456
5.45,-1.909,0.77,1.118,-1.369,0.947,0,1.864080130807681,-1.1014942528735632
84.86,-0.449,0.674,-2.785,1.098,0.703,0,4.452718062796414,1.0379410939691447
74.17,0.984,1.729,0.486,1.609,0.719,0,4.319752215189378,3.816133058984911
15.52,-1.553,0.666,-0.132,-0.788,0.861,0,2.804571768092832,-0.6025350172215844
38.88,0.875,1.342,1.176,-0.772,0.888,0,3.6858749450936377,-1.1537015590200446
91.24,-0.26,0.028,-0.934,1.481,0.973,0,4.524393875960803,0.04218514750762971
149.81,-1.512,0.535,-0.597,-1.108,0.838,0,5.016020766372594,-0.6990330188679247
34.84,-1.265,0.056,1.769,0.2,0.826,0,3.57906458810673,0.013397129186602873
89.52,-1.281,-1.027,-0.065,2.723,0.868,0,4.505570820765336,-3.1851036446469245
33.71,-0.7,-0.224,-1.258,0.879,0.953,0,3.547027829873695,-0.20446105919003119
61.4,0.175,-1.932,1.097,-2.013,0.733,0,4.133565275375382,5.234341857335127
498.51,-1.87,-0.917,-0.904,1.396,0.942,0,6.21362761790823,-1.3446764705882355
56.48,-0.568,0.318,0.474,0.696,0.761,0,4.051437061210824,0.2870661478599222
18.34,-0.298,-1.652,-0.084,-0.384,0.866,0,2.9621754900251482,0.7241643835616438
265.12,1.336,0.07,-0.562,0.058,0.791,0,5.583947334873687,0.005068664169787765
77.84,-0.715,-0.694,0.411,0.527,0.814,0,4.367420482284519,-0.4438567961165049
64.67,-1.652,-0.239,-0.501,0.005,0.738,0,4.184642200202881,-0.0015975935828877004
190.02,-0.469,1.532,-2.294,0.303,0.915,0,5.252378134606592,0.5018335135135135
135.33,0.787,0.931,-0.604,-1.101,0.836,0,4.915078417198038,-1.2116205673758866
39.14,-0.778,1.162,-0.288,-1.03,0.984,0,3.692373343368192,-1.2040845070422537
165.21,-5.283,7.78,-4.827,2.806,0.331,1,5.113252049083019,64.01958944281525
66.2,-0.39,0.687,1.186,-1.891,0.93,0,4.207673247529104,-1.3820393617021276
38.32,-0.699,0.415,-0.758,-0.446,0.935,0,3.671733295278966,-0.19586243386243385
26.41,0.202,0.099,2.507,1.74,0.834,0,3.3109079103146946,0.2040995260663507
38.52,2.426,-0.575,2.088,-0.426,0.96,0,3.6768068728796672,0.25252577319587627
274.62,-3.635,5.09,-2.91,4.962,0.43,1,5.619023105446999,57.40131818181818
28.85,0.142,1.674,0.877,-0.734,0.86,0,3.396184839838611,-1.4123172413793104
96.94,-0.214,-2.021,-1.378,1.7,0.758,0,4.584355046274172,-4.4735677083333325
282.16,1.74,0.085,-1.77,-1.087,0.818,0,5.646012108905989,-0.11158816425120774
49.73,2.027,2.06,-1.121,-0.009,0.844,0,3.9265174515785985,-0.021709601873536297
20.75,1.639,1.079,0.809,-0.194,0.885,0,3.079613757534693,-0.23388379888268157
129.62,0.404,-0.115,0.318,0.288,0.75,0,4.872292344474511,-0.04357894736842105
31.86,-0.997,-0.933,-0.188,-0.353,0.758,0,3.492256112609122,0.42883984375
27.42,0.292,1.378,-0.011,-0.076,0.818,0,3.3470931226689546,-0.1264830917874396
15.28,1.19,1.037,0.968,0.936,0.7,0,2.7899373605743945,1.367087323943662
266.58,0.437,0.401,0.245,-0.417,0.978,0,5.589418587045473,-0.16924797570850203
101.47,0.633,0.1,2.105,-1.21,0.838,0,4.629570072811626,-0.14268867924528303
234.57,0.002,-0.813,1.019,0.653,0.869,0,5.462008109204515,-0.6039692832764505
208.66,-0.325,-0.067,0.433,-2.006,0.964,0,5.345487171024427,0.13798973305954826
164.32,0.873,2.426,0.48,-0.281,0.969,0,5.107882989643532,-0.6963289070480083
48.79,-0.258,0.869,-0.174,1.714,0.736,0,3.9078141606540915,1.996603217158177
228.56,1.687,-0.33,-0.081,-0.022,0.729,0,5.436164433240162,0.009824086603518268
63.28,-1.087,1.25,1.09,1.073,0.904,0,4.163248540869312,1.4674507658643325
62.66,-0.022,0.863,-1.389,-0.23,0.789,0,4.1535564218539465,-0.24842302878598246
8.68,-1.325,0.704,1.029,-0.744,0.795,0,2.2700619012884857,-0.6506534161490684
28.57,0.495,-0.597,-0.134,-1.073,0.847,0,3.3867603338643857,0.7474690781796965
103.84,1.15,0.493,-0.042,-0.094,0.781,0,4.6524353784552055,-0.058586599241466496
18.42,-1.008,-1.117,2.086,0.279,0.811,0,2.966303462863179,-0.3795895249695493
113.04,-1.252,-0.978,-0.422,0.036,0.723,0,4.736549264044472,-0.048032742155525235
51.0,0.088,0.175,0.702,1.47,0.938,0,3.9512437185814275,0.2713607594936709
49.0,0.066,-1.527,1.783,2.273,0.864,0,3.912023005428146,-3.97124828375286
257.46,-0.271,-0.464,1.211,-0.017,0.846,0,5.554740943097046,0.009214953271028038
122.17,-0.412,-0.601,-0.744,0.514,0.802,0,4.813565514953393,-0.380435960591133
31.15,1.324,-0.955,0.863,-2.063,0.729,0,3.4704124506836282,2.6659878213802437
785.68,-1.325,1.914,-5.852,4.852,0.404,1,6.667821558360453,22.431710144927536
86.4,-1.278,-0.287,-0.617,-1.11,0.935,0,4.470495282661489,0.3371111111111111
106.12,-0.337,1.523,-0.786,1.498,0.761,0,4.673949701382917,2.9590843060959786
90.13,1.982,-0.444,1.205,0.146,0.921,0,4.5122870585080355,-0.0696283566058002
10.11,0.374,0.901,0.846,-0.342,0.758,0,2.4078456036515385,-0.40122656250000005
11.93,0.532,0.457,0.214,-0.203,0.899,0,2.559550192783766,-0.10205830583058306
67.4,-0.295,1.207,-0.62,-0.881,0.846,0,4.225372824628505,-1.2422511682242994
69.42,0.568,0.595,1.407,0.408,0.756,0,4.254477313726906,0.31691906005221926
9.37,0.816,-1.059,0.984,-0.237,0.786,0,2.3389170222414357,0.31530527638190947
6.02,0.672,-1.715,0.63,-2.242,0.954,0,1.9487632180377197,3.9886203319502074
212.06,-0.276,-1.706,0.633,0.069,0.99,0,5.361573816183052,-0.11771400000000001
27.82,-0.771,1.434,-0.897,-3.031,0.707,0,3.361069590571376,-6.061999999999999
103.71,0.514,-1.767,-0.865,-0.517,0.818,0,4.651194624299371,1.1033079710144928
27.47,-1.405,0.162,-1.229,0.03,0.895,0,3.3488509012899463,0.005370165745856353
124.18,-0.082,-0.989,0.159,-0.696,0.777,0,4.829752701496555,0.8746429479034307
68.75,0.807,0.033,2.209,1.306,0.816,0,4.244917420701475,0.0521767554479419
258.09,-0.73,0.942,-0.229,1.168,0.94,0,5.55717549168624,1.1581642105263157
152.13,0.595,-0.92,-1.022,-1.057,0.786,0,5.031287233827117,1.2216582914572864
114.91,-0.821,0.538,-0.252,-0.38,0.81,0,4.752814027900653,-0.2493170731707317
59.92,-0.967,1.182,-0.539,-1.9,0.882,0,4.109561528026961,-2.5177130044843046
18.45,0.34,-0.294,-0.689,-1.402,0.953,0,2.9678470700644555,0.42802492211838
97.49,1.289,-1.111,1.366,-0.057,0.977,0,4.589955020181611,0.06416109422492403
226.07,0.027,0.894,-0.541,-2.164,0.9,0,5.425258339989186,-2.1259516483516485
188.1,-0.36,0.623,0.827,-1.512,0.933,0,5.242275975664412,-0.9989141039236479
1082.8,-3.466,0.1,-4.948,3.378,0.122,1,6.988228663132014,2.5590909090909095
93.53,-0.421,-3.216,0.558,-0.088,0.762,0,4.548917244437293,0.3665906735751295
66.8,0.398,1.653,-0.185,0.65,0.834,0,4.216562194946349,1.2730450236966826
12.88,-1.531,0.788,0.16,-1.219,0.854,0,2.6304489550786583,-1.1117731481481483
11.71,0.924,1.48,-0.134,-1.365,0.909,0,2.542389085201363,-2.198258977149075
69.07,-1.623,-0.955,0.611,0.154,0.895,0,4.249494742382442,-0.16250828729281766
11.6,0.978,-0.098,-0.186,0.589,0.945,0,2.533696813957432,-0.06044188481675393
51.07,2.027,-0.893,-1.25,0.372,0.8,0,3.952588967174808,-0.4101185185185185
41.35,-2.049,-0.382,-0.033,-0.517,0.977,0,3.7459684210980635,0.2000952380952381
15.45,1.39,1.316,1.929,0.047,0.87,0,2.800325477211381,0.07028636363636365
157.02,0.208,-0.467,-2.263,0.637,0.799,0,5.062721607294587,-0.3677119901112485
87.43,-0.01,0.992,-0.359,1.193,0.73,0,4.482211278587644,1.599264864864865
10.4,-0.14,-0.525,1.25,-0.934,0.915,0,2.4336133554004498,0.5301081081081082
9.44,-0.725,-0.896,-1.143,0.153,0.739,0,2.3456445824544927,-0.18302803738317755
249.68,-0.513,0.489,-1.735,-1.123,0.929,0,5.524177225356475,-0.5848210862619807
65.67,0.379,-0.589,-1.49,-0.648,0.809,0,4.199755076629969,0.466021978021978
63.54,-1.213,-0.738,-0.257,-0.054,0.924,0,4.167285186623816,0.042668094218415414
20.93,0.125,-0.37,0.644,0.562,0.843,0,3.0878555624297968,-0.24377491207502933
24.54,0.89,1.057,0.371,-0.233,0.73,0,3.2402458506043934,-0.33281216216216214
1875.37,-2.868,5.654,-4.661,4.22,0.126,1,7.537094338264246,175.44029411764703
54.61,-0.174,-0.677,-0.674,1.434,0.796,0,4.018363041199472,-1.2044888337468982
81.9,-1.085,-0.364,-0.641,0.317,0.893,0,4.417635062141249,-0.12778294573643412
33.66,-0.044,-0.341,-0.014,-0.418,0.845,0,3.54558628428746,0.16671111111111112
37.99,-0.321,-0.954,1.097,0.669,0.854,0,3.663305202994506,-0.7386874999999999
80.75,-0.643,-0.906,-0.494,-0.667,0.765,0,4.403665809777363,0.7797445161290323
67.29,0.647,0.091,0.532,-1.144,0.937,0,4.223763342972998,-0.10993030623020061
74.83,-0.861,-0.888,0.712,-0.969,0.927,0,4.328493992712844,0.9183265741728922
56.64,-0.874,1.544,-0.336,-1.121,0.868,0,4.054216771131322,-1.9713257403189068
256.39,0.013,-0.769,0.1,-2.068,0.707,0,5.550592444368494,2.217980474198048
36.91,0.219,1.297,-1.765,-0.407,0.786,0,3.635214929528243,-0.6631645728643215
46.06,-2.053,-1.181,-0.242,1.149,0.86,0,3.8514233832992164,-1.5597344827586208
27.32,0.22,1.672,0.571,0.629,0.762,0,3.343568268825519,1.3622901554404143
615.87,-4.359,6.21,-7.261,2.945,0.272,1,6.42465830478509,64.85265957446806
143.74,-4.132,5.327,-4.931,1.735,0.25,1,4.974939029437982,35.547480769230766
25.59,-0.771,-0.533,0.938,0.759,0.834,0,3.2805352052549286,-0.4793210900473934
111.43,-0.641,0.418,-0.561,-0.528,0.736,0,4.722330805761668,-0.2958498659517426
17.66,-0.202,1.653,0.704,0.809,0.875,0,2.926382195419198,1.5110474576271187
103.56,-1.131,0.887,1.014,0.652,0.789,0,4.649761069315966,0.7238097622027535
8.12,-0.195,0.546,-0.02,-0.978,0.923,0,2.21046980408624,-0.5723344051446945
26.3,-0.906,-0.812,0.753,0.134,0.743,0,3.3068867021909143,-0.14449933598937584
305.51,0.577,-1.229,0.549,-0.66,0.798,0,5.725250381271442,1.0038861386138613
21.42,1.362,-0.364,2.201,-2.062,0.989,0,3.109953417644014,0.7513193193193192
48.29,-1.546,1.324,1.576,-0.863,0.972,0,3.8977212207172864,-1.1635560081466394
71.44,-0.229,0.15,0.011,-1.481,0.706,0,4.282758633015213,-0.3102653631284917
29.78,-0.345,0.012,0.103,-1.731,0.866,0,3.426865128410733,-0.02371232876712329
226.03,-1.055,1.799,-0.347,-0.282,0.896,0,5.425082167339534,-0.5599536423841058
74.76,0.681,0.826,-1.002,0.087,0.94,0,4.327570448877823,0.07564421052631579
29.66,0.797,1.633,-2.158,-0.631,0.802,0,3.422958873443668,-1.268993842364532
90.99,0.806,1.134,-0.028,-1.421,0.93,0,4.521679875489066,-1.7142702127659573
59.88,1.539,0.208,-0.977,1.738,0.96,0,4.1089047135534305,0.3726845360824742
20.08,0.821,-0.912,0.343,0.297,0.988,0,3.0483247236731614,-0.2714068136272545
34.6,-0.637,0.348,1.106,-0.296,0.807,0,3.572345637857985,-0.12608078335373316
81.01,2.218,0.057,1.073,0.219,0.84,0,4.40684119104832,0.014685882352941179
11.95,-1.909,0.688,0.194,-0.192,0.851,0,2.5610957881455465,-0.15342160278745645
235.11,0.607,0.962,-0.549,-0.835,0.85,0,5.4642977981288725,-0.9340348837209301
30.98,0.452,-1.324,1.42,-0.822,0.861,0,3.4651107074058083,1.2495154994259472
51.72,-1.973,0.964,0.721,0.32,0.933,0,3.9649948901942516,0.3271261930010604
22.29,1.048,-0.986,0.976,0.931,0.729,0,3.1480240838962494,-1.2421732070365359
112.52,0.935,0.508,-1.016,-0.367,0.862,0,4.731979032851787,-0.21380275229357798
216.92,1.086,-0.342,-1.0,2.194,0.972,0,5.384128022961147,-0.76410183299389
16.11,-1.681,-0.5,0.28,0.986,0.878,0,2.839663087904102,-0.5551801801801801
69.52,-0.118,-0.873,-0.22,-0.32,0.701,0,4.25589635752967,0.3929113924050633
35.74,-0.068,-0.982,0.784,0.371,0.917,0,3.6038660797869797,-0.39301186623516715
242.16,-1.264,0.968,-0.811,-1.183,0.778,0,5.493719662880522,-1.453228426395939
65.88,0.59,-2.839,-1.029,1.575,0.773,0,4.202899968776446,-5.710632183908046
20.45,1.274,-0.793,0.763,1.174,0.768,0,3.065724645374026,-1.1966349614395886
80.39,-0.604,2.714,-0.491,2.986,0.864,0,4.3992524153389505,9.272315789473684
111.85,0.297,-0.465,-0.089,-0.689,0.754,0,4.726059503263545,0.41935209424083764
61.46,-1.416,1.301,-1.612,0.886,0.964,0,4.134526351854933,1.1834558521560574
178.68,-1.894,0.63,-0.208,1.321,0.794,0,5.191177490990133,1.0351119402985074
59.14,-0.188,0.16,-0.132,0.575,0.763,0,4.096675177560383,0.11901681759379042
44.77,-1.0,-0.516,-0.524,2.406,0.951,0,3.8236288546655506,-1.2918792924037463
7.77,1.255,0.687,0.446,0.3,0.911,0,2.1713368063840917,0.2237785016286645
228.42,0.04,-2.092,-0.369,-0.24,0.775,0,5.435554384853122,0.639592356687898
21.56,0.301,0.768,0.299,0.742,0.8,0,3.1161784266298582,0.7035259259259259
195.49,0.525,-1.746,-0.384,-0.502,0.862,0,5.280611539429104,1.005151376146789
127.77,-1.334,0.595,0.91,-0.09,0.819,0,4.858027867285692,-0.06459589867310012
68.27,-2.699,-1.179,0.149,1.532,0.792,0,4.238011912034514,-2.252154613466334
30.38,0.089,-0.492,-0.549,-0.421,0.89,0,3.4461707473048864,0.23014666666666664
102.17,0.023,1.654,0.509,1.154,0.788,0,4.6363781131122845,2.3918746867167915
351.06,-0.861,-0.654,-0.664,-0.087,0.984,0,5.8638016156178265,0.05724144869215291
80.46,1.973,0.721,-0.515,-0.003,0.878,0,4.400112102220266,-0.002435810810810811
112.05,1.492,-0.483,-0.712,-0.697,0.747,0,4.727830198723979,0.44471730515191543
44.54,0.295,0.312,1.339,-1.76,0.909,0,3.8185910606355935,-0.597519042437432
28.46,0.183,0.045,1.264,-1.01,0.765,0,3.3830334110344844,-0.05864516129032257
30.73,-2.013,0.133,-0.523,-0.733,0.71,0,3.4572626055951043,-0.1354013888888889
108.6,-0.913,-0.018,-0.799,0.222,0.919,0,4.696837374513915,-0.00430139935414424
6.76,0.459,-0.295,-0.362,0.185,0.938,0,2.048982334195127,-0.05756856540084388
62.74,0.318,1.096,0.611,-1.318,0.833,0,4.15481230898919,-1.7135563463819694
8.42,0.868,1.928,-0.484,0.055,0.836,0,2.2428350885882717,0.12534278959810874
224.75,1.644,-1.348,0.678,0.668,0.851,0,5.419428192297095,-1.0458350754936123
170.89,0.892,-0.249,-0.801,-0.947,0.715,0,5.146854737340066,0.3252455172413793
139.94,-1.441,-0.441,0.311,-0.208,0.942,0,4.948334267898876,0.09635294117647059
73.54,-0.517,2.34,0.755,-0.197,0.736,0,4.311335894051113,-0.6179356568364611
51.07,-0.026,-2.162,1.256,-2.817,0.741,0,3.952588967174808,8.109659121171772
66.18,-0.701,-0.572,1.926,-1.103,0.911,0,4.207375584184147,0.6850336590662323
101.67,-2.338,-0.615,1.484,-1.315,0.843,0,4.6315199613108735,0.948094958968347
165.76,-0.061,0.069,0.343,-0.956,0.787,0,5.116555653012596,-0.08276537013801757
6.59,-0.26,0.371,0.177,0.349,0.921,0,2.0268315914075385,0.1390751879699248
24.12,0.126,-1.581,-0.531,-0.896,0.793,0,3.223664341599998,1.764104607721046
19.78,0.613,-0.627,0.225,0.061,0.796,0,3.0339909856710814,-0.047452853598014884
15.74,0.865,0.15,0.549,1.272,0.791,0,2.8178010650613294,0.2382022471910112
71.35,0.271,-0.618,1.81,0.399,0.929,0,4.281515453077493,-0.2626006389776358
23.3,0.091,-1.718,0.863,-0.406,0.837,0,3.190476350346503,0.823504132231405
141.62,1.439,0.425,0.974,-0.492,0.78,0,4.960183750600158,-0.2646835443037974
72.14,-0.127,-1.485,-1.143,-0.891,0.98,0,4.292375412721235,1.3365000000000002
19.83,0.66,-0.147,0.031,-0.175,0.845,0,3.0363942552728806,0.03008771929824561
180.66,0.249,-0.57,1.149,1.224,0.973,0,5.2021368080740675,-0.7097456765005086
152.23,-0.037,-0.584,-1.616,-0.869,0.831,0,5.031940060590085,0.6034435196195006
46.21,0.357,-0.05,2.323,-0.371,0.941,0,3.8546057345581954,0.01950578338590957
43.0,-1.927,-1.482,0.664,-0.195,0.94,0,3.784189633918261,0.3042
14.81,-0.172,-0.937,0.24,-0.808,0.742,0,2.7606426512213806,1.006776595744681
67.81,-0.182,2.025,-0.425,-0.132,0.945,0,4.231349083214389,-0.2798952879581152
210.85,-0.203,0.175,0.468,0.257,0.768,0,5.355878477072568,0.05780848329048843
208.05,0.1,-0.214,-1.812,2.631,0.765,0,5.342573457802574,-0.7264954838709676
108.94,0.23,-1.346,-0.494,-1.482,0.767,0,4.699934762432514,2.5672741312741314
62.46,0.388,0.682,-0.827,0.161,0.901,0,4.150409786155049,0.12052908891328211
20.47,-0.689,0.789,-1.812,-1.005,0.949,0,3.0666566118906897,-0.8268456725755995
16.5,-1.109,0.203,0.555,0.281,0.826,0,2.8622008809294686,0.06823325358851676
61.92,0.039,0.788,2.681,-0.424,0.9,0,4.1418640781900775,-0.36715604395604395
14.61,-0.256,1.275,-0.808,-0.249,0.884,0,2.7479117345273405,-0.3551174496644295
185.32,1.161,-0.437,1.263,-1.664,0.876,0,5.227465625576086,0.8207313769751692
43.6,0.007,0.921,0.099,-0.007,0.843,0,3.7977338590260183,-0.007558030480656507
21.7,1.362,0.057,0.682,0.654,0.905,0,3.122364924487357,0.04074098360655738
29.93,-0.314,-0.26,2.098,0.597,0.858,0,3.4317265866969784,-0.17882488479262673
9.47,0.037,1.686,0.039,2.208,0.843,0,2.3485140248824456,4.3642297772567415
21.02,-0.763,-0.495,-0.473,-0.711,0.871,0,3.091951131294534,0.3994835414301929
85.08,0.403,-0.474,-0.683,0.742,0.784,0,4.455277096413474,-0.44295717884130975
241.34,0.541,0.891,-0.154,-0.787,0.862,0,5.490341698803377,-0.8041479357798166
22.64,2.167,-1.111,1.099,-0.676,0.944,0,3.1629401925378975,0.7872494758909854
38.23,-0.255,0.248,0.229,-0.674,0.837,0,3.6694417602214613,-0.19734592680047228
207.71,-1.389,-0.892,-3.117,0.052,0.8,0,5.34094572860366,-0.057264197530864196
105.58,0.586,0.431,-0.752,1.537,0.896,0,4.668895876868636,0.7311777041942604
59.93,-1.636,-0.269,-0.15,-0.041,0.852,0,4.109725664260403,0.012794663573085847
64.78,0.455,0.024,-1.096,-1.89,0.805,0,4.186315840760911,-0.055656441717791404
141.17,2.604,0.868,0.342,0.394,0.738,0,4.957023524647607,0.45720855614973266
111.37,-1.752,-0.551,-0.018,-0.648,0.803,0,4.721796997919811,0.43917343173431733
29.62,1.036,0.748,0.171,0.587,0.793,0,3.4216533902295376,0.5467945205479451
29.05,0.311,-1.005,0.108,-1.263,0.871,0,3.4028626609812167,1.4407661748013618
35.08,1.027,-0.631,-1.52,-2.208,0.849,0,3.585738695194423,1.621941792782305
111.11,-0.608,-0.364,-1.913,0.62,0.828,0,4.719480532165502,-0.26930787589498806
93.5,2.383,-0.116,1.667,0.307,0.905,0,4.548599834499697,-0.03892021857923497
69.94,0.783,0.375,-1.941,-1.507,0.922,0,4.261834449345476,-0.606357296137339
79.26,0.128,-0.591,-1.839,-0.784,0.726,0,4.385271364838771,0.6295434782608695
75.3,-0.964,-0.051,1.448,0.685,0.923,0,4.334672938290411,-0.037443729903536976
205.41,0.551,-0.11,-0.411,0.738,0.746,0,5.329864482046166,-0.10738095238095238
53.59,1.443,-1.87,1.518,0.506,0.848,0,3.9998507157936665,-1.1028205128205129
14.41,-0.429,0.808,0.788,0.461,0.826,0,2.7350166493320245,0.44555980861244027
229.26,1.762,1.224,-0.477,0.811,0.803,0,5.439209105245518,1.2209889298892989
205.94,-0.338,1.215,-0.015,0.26,0.861,0,5.332428896176805,0.36268656716417913
69.14,-0.527,-0.221,0.074,0.097,0.74,0,4.2504932447120325,-0.02858266666666667
132.46,-1.266,1.754,0.612,-0.419,0.903,0,4.893801807475461,-0.8049572836801752
72.45,-0.788,0.211,-1.39,-0.118,0.76,0,4.296604902619887,-0.03233506493506493
97.03,-0.187,0.8,0.589,-1.158,0.953,0,4.585273554273635,-0.961993769470405
122.27,0.108,1.089,-0.589,0.412,0.801,0,4.814377071563428,0.5532281134401972
46.95,0.781,0.021,-0.463,-1.065,0.784,0,3.8701588013294472,-0.02816750629722922
86.08,0.993,0.451,-1.458,0.126,0.852,0,4.466827236366346,0.06592343387470997
73.84,-0.828,0.717,-1.416,-1.371,0.978,0,4.315352501405889,-0.9949463562753036
54.89,0.811,0.825,0.495,-1.614,0.959,0,4.023385473281607,-1.3741486068111455
59.8,0.443,0.182,0.329,0.313,0.865,0,4.107589788972121,0.065104
45.96,-0.111,0.708,-2.306,1.661,0.864,0,3.849296175519841,1.3455240274599543
59.05,2.119,-1.325,0.817,-1.017,0.729,0,4.095177548525992,1.823443843031123
1128.05,-4.459,3.09,-4.262,4.354,0.296,1,7.029131850148651,43.966862745098034
22.72,-0.204,-1.821,-0.434,1.66,0.786,0,3.1663185741295248,-3.7975628140703512
56.74,0.814,-0.928,0.214,-0.172,0.935,0,4.055950174234789,0.16890582010582011
297.2,1.762,-0.171,-1.145,-0.469,0.828,0,5.697764402330638,0.09570286396181385
20.4,1.77,1.248,2.041,0.479,0.734,0,3.0633909220278057,0.8034838709677419
73.83,0.27,-0.13,0.779,-1.122,0.767,0,4.315218874092267,0.18772200772200773
65.46,0.338,0.676,-1.622,-1.34,0.832,0,4.196600262926448,-1.0758194774346794
21.56,-1.397,1.378,0.436,0.599,0.877,0,3.1161784266298582,0.9305772266065387
43.49,0.65,-0.682,-1.542,-0.076,0.757,0,3.7952644448179504,0.06757757496740548
20.37,-0.705,0.721,-2.601,1.43,0.868,0,3.0619880693310564,1.1742938496583142
183.23,-0.144,1.083,-0.042,-0.278,0.876,0,5.2161849770094175,-0.33981264108352144
74.35,-0.971,0.425,-1.086,0.502,0.918,0,4.3221439250725044,0.2299030172413793
40.2,-0.1,0.046,1.631,-0.733,0.766,0,3.7184382563554808,-0.043451030927835047
139.82,1.196,1.787,-0.263,-2.194,0.873,0,4.947482479090987,-4.440178935447338
59.36,-0.592,1.771,-0.606,-0.631,0.702,0,4.100326633899648,-1.5695238764044943
35.43,0.779,0.659,0.852,0.005,0.905,0,3.5953926110204724,0.0036010928961748637
113.94,1.149,-0.624,1.034,-0.521,0.738,0,4.744410253079596,0.43463101604278076
21.18,-0.998,-1.736,1.224,-0.702,0.728,0,3.099190981922221,1.6513170731707316
41.78,-0.257,-0.506,1.279,-0.591,0.873,0,3.7560707036542595,0.33867044167610416
92.88,-0.474,0.32,0.519,0.842,0.867,0,4.542017370982823,0.30722919042189284
192.41,-0.954,0.641,-0.237,-2.789,0.716,0,5.2648122879906385,-2.4624641873278237
267.91,0.39,-0.734,-0.458,0.006,0.968,0,5.59437675112927,-0.004503067484662577
167.3,-1.554,0.139,-0.317,-0.877,0.774,0,5.12574810119676,-0.15548852040816327
65.06,0.076,0.471,0.305,0.789,0.838,0,4.190563419962643,0.4382299528301887
168.91,1.095,-0.085,-0.699,-0.393,0.948,0,5.135268885097667,0.03486951983298539
80.25,0.001,-0.674,1.444,-1.435,0.93,0,4.3975308212098465,1.0289255319148938
32.99,1.766,0.481,0.25,-0.291,0.876,0,3.5260663637080247,-0.1579808126410835
258.85,-0.755,-0.309,-0.867,0.014,0.981,0,5.560104541454451,-0.0043652875882946515
8.35,0.162,1.634,-0.597,-0.181,0.88,0,2.2353763433005955,-0.3323078651685393
79.8,0.475,-0.254,-0.473,-1.843,0.858,0,4.39197696552705,0.5393110599078341
13.98,-0.181,0.623,-0.195,-0.726,0.874,0,2.7067159780890733,-0.5116493212669683
66.27,-0.317,0.139,0.847,-0.572,0.723,0,4.208714372037514,-0.10846930422919508
169.42,1.273,-1.579,-0.408,-0.311,0.791,0,5.13826597839981,0.6130699126092384
66.4,1.353,0.414,1.123,1.613,0.819,0,4.210645017918261,0.8055271411338962
59.58,1.146,-0.286,-1.133,0.576,0.958,0,4.103964805599091,-0.17018181818181816
171.54,2.464,-0.109,0.951,-0.988,0.873,0,5.1506290936484325,0.12196149490373726
38.39,0.546,-0.466,1.706,-1.764,0.953,0,3.6735119769828146,0.8536074766355142
174.35,-1.23,-0.543,-0.356,1.465,0.756,0,5.166783976586187,-1.038505221932115
204.57,0.049,-0.193,-1.27,1.087,0.793,0,5.325786608537582,-0.26125902864259026
40.25,-0.4,0.163,-0.72,0.707,0.723,0,3.71965111278069,0.1572182810368349
181.71,-0.283,1.053,0.505,1.791,0.947,0,5.207900196423574,1.9706614420062694
37.17,-1.787,2.892,0.794,-0.296,0.748,0,3.6420498667571386,-1.12932981530343
18.76,1.84,0.899,-0.443,-1.239,0.975,0,2.983659692319722,-1.1308233502538074
29.07,1.196,0.839,0.706,-0.084,0.914,0,3.4035279970004377,-0.07627272727272727
325.56,-0.833,5.352,-3.636,4.231,0.193,1,5.788613699061535,111.54833497536944
35.3,1.146,1.274,1.054,0.346,0.839,0,3.591817741270805,0.5192037691401649
178.69,0.621,-0.205,-1.057,0.865,0.864,0,5.191233143938362,-0.2028890160183066
69.73,0.264,-1.048,-0.328,-0.136,0.975,0,4.258869811047899,0.14469847715736042
92.19,0.363,0.777,0.197,-2.225,0.896,0,4.534640419797564,-1.9081953642384106
279.14,0.55,-0.361,0.224,0.556,0.97,0,5.6352894782109,-0.20481224489795918
48.12,0.07,0.157,-2.923,-1.144,0.864,0,3.894266283838887,-0.2055011441647597
18.75,1.272,-0.118,0.848,0.648,0.974,0,2.9831534913471307,-0.07770731707317073
84.71,0.246,-0.142,0.391,1.447,0.902,0,4.450969504910791,-0.2253004385964912
224.4,-0.877,1.416,-1.407,-1.706,0.748,0,5.417876601605676,-3.1869340369393133
6.99,0.371,-0.881,1.089,-1.684,0.972,0,2.0781907597781832,1.5107983706720978
20.54,0.962,0.821,0.118,-2.1,0.854,0,3.0699116717282426,-1.995486111111111
31.48,-0.233,0.727,-0.068,-0.155,0.854,0,3.4806245152934774,-0.1304224537037037
49.59,-0.649,-0.398,-1.07,-1.54,0.879,0,3.923753928303845,0.6894488188976378
112.73,0.812,-0.217,-1.738,2.102,0.888,0,4.733827218196353,-0.5079443207126948
264.54,-0.359,-2.045,1.142,-1.058,0.94,0,5.581765488467756,2.2774842105263158
116.72,0.334,0.47,1.346,-0.792,0.73,0,4.7683089233652725,-0.5030270270270271
137.39,-1.84,0.286,1.251,1.376,0.761,0,4.930075786237839,0.5104228274967574
7.62,1.857,-1.774,1.629,0.185,0.827,0,2.154085084675602,-0.3921027479091995
121.51,-0.531,-1.215,0.776,0.514,0.816,0,4.808192659306079,-0.7560653753026635
55.5,0.415,0.529,-0.987,-1.188,0.897,0,4.034240638152395,-0.6928908489525909
75.4,-0.495,-0.88,0.299,0.635,0.986,0,4.335982696172475,-0.5610441767068273
128.83,-0.364,2.025,0.902,-0.381,0.948,0,4.866225902372162,-0.8053496868475992
6.92,-1.592,1.319,1.192,-0.303,0.79,0,2.0693912058263346,-0.49957124999999997
248.57,0.521,-1.025,-1.168,0.811,0.794,0,5.519739436963906,-1.0339241293532337
158.05,-0.749,1.148,-0.715,0.055,0.761,0,5.069218618195153,0.08189364461738002
61.54,0.192,0.094,0.36,0.158,0.861,0,4.135806352029695,0.01705166475315729
82.93,0.039,0.13,1.764,0.863,0.987,0,4.429983118094737,0.11252758274824473
13.08,-1.229,0.949,1.243,1.618,0.745,0,2.644755350729896,2.0337509933774833
24.69,-0.942,0.308,0.733,-0.513,0.795,0,3.2461018111217923,-0.1962782608695652
61.91,1.509,-1.565,0.375,0.238,0.965,0,4.141705133581938,-0.3820205128205128
132.41,-1.012,-0.328,0.969,1.265,0.713,0,4.893427093190715,-0.5738865836791148
158.98,-0.421,-1.56,-0.779,1.853,0.828,0,5.075048807420676,-3.449498806682578
10.77,1.416,-0.527,-0.166,0.794,0.823,0,2.4655539212721855,-0.502326530612245
108.09,1.392,-0.282,-0.886,0.25,0.882,0,4.692173229609665,-0.07903587443946188
22.57,3.15,1.106,-0.105,1.052,0.781,0,3.1599747169480397,1.4709380530973453
27.32,-0.077,0.088,-1.293,-0.306,0.924,0,3.343568268825519,-0.028830835117773016
59.67,-1.293,-1.386,0.176,1.151,0.908,0,4.105449341954206,-1.73778431372549
198.24,-0.289,0.676,0.827,-0.257,0.78,0,5.294510128205083,-0.21991392405063293
32.11,0.879,-1.544,1.677,-0.456,0.96,0,3.4998353515591547,0.725839175257732
100.32,-0.684,-0.46,0.132,-0.854,0.733,0,4.618283825133474,0.528721399730821
17.7,-1.068,-0.978,1.209,0.398,0.921,0,2.928523523860541,-0.41809237379162195
30.88,-0.738,-1.95,0.697,1.646,0.792,0,3.461978853922014,-4.002119700748129
73.6,-0.024,-0.275,0.378,-0.847,0.762,0,4.312140507209715,0.3017163212435233
53.21,0.222,-1.383,0.437,-0.751,0.72,0,3.992865393272247,1.4227849315068493
14.73,-3.141,0.794,0.494,1.353,0.832,0,2.7555697170701863,1.2758693586698338
42.43,0.132,0.572,-1.463,0.431,0.714,0,3.7711504465467307,0.3405138121546961
251.83,-0.572,-1.855,-0.751,0.514,0.864,0,5.532717326117946,-1.0909267734553776
36.87,0.283,-0.254,-1.635,-1.555,0.749,0,3.634159241913703,0.5203820816864295
46.05,-0.334,0.906,-0.273,-0.3,0.95,0,3.8512108660313884,-0.283125
47.4,1.293,0.422,0.137,0.23,0.871,0,3.879499813722586,0.11017026106696937
129.62,1.522,-0.419,-1.336,-0.669,0.911,0,4.872292344474511,0.30435504885993486
51.25,0.736,-0.637,0.808,-0.13,0.831,0,3.9560398908449206,0.09846611177170037
120.92,-1.539,-0.187,-0.333,-1.343,0.919,0,4.803365091938336,0.27033476856835303
83.97,-1.122,0.973,-0.607,-0.025,0.937,0,4.44229825301545,-0.02568637803590285
395.53,-0.13,-0.025,0.473,-1.024,0.878,0,5.98275170025555,0.02882882882882883
136.8,0.836,-0.78,-1.115,1.183,0.858,0,4.925803358579558,-1.0630645161290324
18.54,1.019,-0.127,1.17,-0.272,0.871,0,2.972463646614637,0.03920998864926221
23.11,0.198,2.688,-0.945,-0.252,0.821,0,3.1826266921930797,-0.8151335740072203
11.42,-0.183,-0.872,0.468,-0.214,0.809,0,2.519308076505333,0.22784859584859582
125.55,1.861,0.276,1.271,0.115,0.806,0,4.840637486991133,0.038897058823529417
13.98,-1.387,-0.112,0.172,0.046,0.835,0,2.7067159780890733,-0.006097041420118344
149.58,-1.894,3.544,-0.691,0.969,0.858,0,5.014494504421976,3.956377880184332
26.54,-0.795,-2.823,-0.283,-0.05,0.95,0,3.315639493300509,0.14703125
21.28,-0.27,0.069,0.17,-0.035,0.729,0,3.1036894150590832,-0.003267929634641408
51.84,0.594,-0.283,-0.364,0.512,0.724,0,3.9672684796541247,-0.19740599455040872
88.86,1.251,-1.189,-1.031,0.668,0.949,0,4.498252903642014,-0.8282085505735142
10.13,1.751,-0.577,0.413,-1.192,0.911,0,2.4096441652874536,0.7467795874049945
37.09,0.366,1.163,1.086,-2.09,0.867,0,3.6399517804905126,-2.77157354618016
20.38,-1.697,-1.054,1.427,-0.542,0.84,0,3.062455905596899,0.6720800000000001
244.59,-0.68,-1.664,0.233,1.455,0.859,0,5.503663478831665,-2.7860989643268126
9.66,-1.52,-0.672,0.341,0.744,0.799,0,2.3664984187376983,-0.6180074165636589
71.66,-0.457,-0.967,-0.309,-0.111,0.873,0,4.2857910267930555,0.12155945639864099
169.03,1.418,-0.7,-1.417,1.455,0.741,0,5.135974892069394,-1.3561917443408789
110.02,0.438,0.835,0.119,-0.729,0.919,0,4.709710365262016,-0.6552368137782562
14.96,0.199,1.212,-0.276,-0.964,0.947,0,2.7700855920216627,-1.2208652037617553
206.21,2.577,0.174,0.834,0.522,0.735,0,5.333732771768991,0.12191677852348992
146.19,-2.804,-1.063,0.329,-2.719,0.974,0,4.991724269204496,2.937293699186992
72.53,0.833,0.598,0.958,1.606,0.864,0,4.297693486208131,1.0988421052631578
172.69,-0.135,0.115,-0.275,1.118,0.774,0,5.157272101065921,0.1639923469387755
178.27,1.324,-0.292,-0.946,-0.011,0.919,0,5.188893049266747,0.0034574811625403654
32.46,-0.845,-0.115,0.94,-0.712,0.744,0,3.510350695558678,0.10859416445623342
93.55,0.244,0.567,-0.042,0.034,0.773,0,4.549128795104466,0.024620689655172414
196.2,0.89,1.371,-0.926,1.767,0.713,0,5.284218442168535,3.350701244813278
135.43,-0.303,1.994,-0.29,0.707,0.785,0,4.915811662574783,1.773280503144654
180.27,0.073,1.44,-0.322,-0.418,0.89,0,5.199987632474827,-0.6687999999999998
46.33,-0.481,1.2,-0.601,1.169,0.748,0,3.8571443439181565,1.8506596306068601
7.89,0.807,-0.228,-0.734,-0.653,0.981,0,2.1849270495258133,0.15023612512613524
7.15,-0.666,1.065,0.16,-1.115,0.779,0,2.0980179272527715,-1.505038022813688
10.73,-2.139,-0.197,0.723,-0.138,0.964,0,2.462149662665384,0.027911704312114993
111.9,-0.343,0.731,1.457,-1.524,0.881,0,4.726502471155617,-1.2503299663299663
60.86,0.171,-0.035,-0.258,1.274,0.911,0,4.124873767256924,-0.04841476655808904
31.7,-0.277,-0.75,-0.231,-0.046,0.936,0,3.487375077903208,0.036469344608879496
42.83,-0.742,0.14,0.537,0.13,0.99,0,3.780318514430718,0.0182
44.52,0.772,-0.434,0.623,0.652,0.803,0,3.8181517898180757,-0.3480541205412054
77.59,0.509,0.901,-0.411,-0.548,0.963,0,4.364244464878084,-0.5074491264131553
8.2,-0.701,-1.032,0.666,2.282,0.763,0,2.2192034840549946,-3.046602846054334
20.25,0.015,-1.602,-0.696,-0.057,0.911,0,3.056356895370426,0.09914657980456026
38.89,-1.294,0.901,1.469,0.382,0.969,0,3.686125665917315,0.3515648621041879
30.72,-0.441,-2.036,-0.979,-0.011,0.8,0,3.456947396766647,0.02764938271604938
18.65,0.479,0.145,1.058,0.294,0.734,0,2.9780773383152703,0.057298387096774185
104.43,-1.331,-0.413,-0.727,-0.167,0.902,0,4.6580472255888585,0.07562609649122808
29.76,-0.731,-0.364,-0.02,1.123,0.866,0,3.4262151446374434,-0.466634703196347
76.63,-1.282,-0.373,-0.563,0.37,0.73,0,4.351953950417589,-0.1865
110.26,-0.662,-0.997,-2.654,-1.298,0.905,0,4.711869804647147,1.4143234972677594
88.02,1.348,0.909,-1.012,-1.181,0.827,0,4.488861063587708,-1.2825913978494625
36.23,0.087,-1.008,0.431,0.652,0.763,0,3.6171148878846253,-0.8502147477360932
48.32,1.381,0.035,1.941,0.092,0.732,0,3.8983296782961436,0.0043396226415094346
75.81,-0.424,-1.559,-1.344,0.741,0.715,0,4.341334840010591,-1.5934055172413792
5.87,-0.283,-0.423,-0.74,-0.386,0.858,0,1.927164106234258,0.18810829493087558
170.89,-1.18,1.03,1.725,0.495,0.911,0,5.146854737340066,0.5535830618892508
98.35,-1.657,1.864,1.099,0.489,0.702,0,4.598648968997826,1.2801910112359551
415.37,-0.125,-1.337,-0.331,0.448,0.838,0,6.031574288035858,-0.7063396226415094
17.09,-1.184,-0.385,-1.353,-1.458,0.988,0,2.895359299407204,0.5624549098196393
452.24,0.34,-0.58,-0.486,-0.633,0.85,0,6.116421786512366,0.42690697674418604
76.68,0.715,-0.775,0.505,-0.228,0.89,0,4.35259782398307,0.19633333333333336
53.73,0.573,0.522,-0.972,-1.27,0.971,0,4.0024120051558265,-0.6757798165137615
20.3,-0.058,-0.574,0.613,0.679,0.967,0,3.0587070727153796,-0.39892118730808596
69.76,0.193,-0.872,-0.198,0.136,0.75,0,4.259293869291585,-0.1560421052631579
6.05,0.929,0.225,-0.571,0.966,0.982,0,1.9530276168241774,0.21910282258064515
33.87,0.381,1.546,0.087,-1.037,0.803,0,3.5516268606875596,-1.9719581795817958
138.56,0.295,0.186,0.046,-0.17,0.883,0,4.9384946163185734,-0.03540873460246361
373.58,-1.652,-1.002,1.122,0.429,0.972,0,5.925805398301708,-0.43773727087576375
143.14,1.909,-1.038,-0.031,1.163,0.763,0,4.970785049496295,-1.561699870633894
20.81,-0.293,-0.445,0.532,-1.78,0.815,0,3.0823685802135374,0.9601212121212122
100.45,-2.117,-0.01,-0.377,-0.178,0.96,0,4.619566066271823,0.0018350515463917525
105.05,1.687,-0.69,0.774,0.709,0.839,0,4.663910681010692,-0.5762190812720848
52.76,-1.287,0.448,0.338,0.358,0.767,0,3.984529696214894,0.2064144144144144
13.81,-0.029,-0.401,0.777,-1.07,0.864,0,2.6953026282797072,0.49092677345537766
11.86,-0.368,-1.109,0.532,-0.572,0.821,0,2.554121718809473,0.7633549939831528
13.34,-0.893,-0.034,-0.36,-0.513,0.949,0,2.663052835171474,0.018187695516162672
224.73,-0.506,0.996,0.369,-1.709,0.909,0,5.4193395947954865,-1.8521915125136017
431.41,0.883,0.517,0.458,0.888,0.977,0,6.069374212232139,0.46514285714285714
65.81,-0.464,0.848,0.218,-1.377,0.831,0,4.2018527699373855,-1.388461355529132
183.65,-0.268,-0.443,-0.369,0.23,0.793,0,5.2184621412985726,-0.12688667496886674
46.62,-1.064,0.382,-0.162,1.113,0.966,0,3.8632528410587166,0.43562090163934425
58.62,-0.693,-0.435,0.01,-0.147,0.731,0,4.087991088249925,0.08629554655870446
47.26,-1.586,0.631,0.519,-0.614,0.975,0,3.8766030601968855,-0.39333401015228425
14.0,0.379,-0.166,1.106,-1.312,0.723,0,2.70805020110221,0.2971241473396999
28.59,0.161,1.537,-0.124,0.743,0.952,0,3.3874364664121184,1.1871008316008316
55.65,0.753,-0.333,-0.405,0.487,0.881,0,4.036891987474015,-0.182010101010101
11.41,-0.356,0.368,-0.161,-0.693,0.867,0,2.5185025992165158,-0.29079133409350055
918.7,-3.58,4.956,-6.805,6.826,0.174,1,6.824047529908652,183.85682608695652
64.33,1.197,-0.751,1.044,0.122,0.858,0,4.179451348852659,-0.1055552995391705
28.13,0.188,1.152,0.522,-1.239,0.804,0,3.3717685709713434,-1.7534742014742013
163.14,1.72,-0.355,-0.211,-0.822,0.985,0,5.100719722201566,0.2932763819095477
145.48,-0.499,-0.763,1.176,-1.332,0.92,0,4.986888900366255,1.0928129032258065
122.67,1.378,0.044,-1.027,-0.172,0.864,0,4.817616727753966,-0.00865903890160183
263.64,0.367,1.365,0.582,0.198,0.824,0,5.578370411835326,0.3240647482014389
39.22,-0.405,-1.977,-1.109,-0.268,0.978,0,3.6943643843445058,0.5362712550607288
49.03,-0.205,0.248,-0.418,0.042,0.922,0,3.912622825500114,0.011175965665236052
78.92,-0.515,0.144,0.869,-1.44,0.864,0,4.381026134340298,-0.23725400457665902
85.51,-1.711,0.371,-0.564,-0.397,0.946,0,4.460260014192283,-0.15406589958158998
86.46,-0.466,-0.452,0.372,0.572,0.891,0,4.471181545984774,-0.2869522752497225
49.4,-0.643,0.965,0.452,0.606,0.786,0,3.919991175077323,0.7346608040201004
52.27,-0.021,-0.017,-0.958,0.918,0.938,0,3.9753733209289077,-0.0164620253164557
466.39,-0.052,-0.809,0.585,0.612,0.92,0,6.147164026925091,-0.5323741935483871
41.49,2.243,-1.09,-0.184,0.337,0.987,0,3.7492687541267204,-0.3684353059177533
99.3,2.28,-0.734,-0.94,-0.946,0.733,0,4.60816569496789,0.9345410497981157
15.29,1.221,-0.708,-0.85,0.231,0.947,0,2.790551422613954,-0.17089655172413792
83.18,0.092,0.249,-0.105,-1.304,0.888,0,4.432957363342425,-0.36157683741648106
7.44,-0.444,-1.564,-1.135,-0.039,0.895,0,2.132982308607866,0.0673988950276243
82.07,-0.184,-0.717,-0.373,-1.046,0.882,0,4.41968362585098,0.8407869955156951
72.35,-0.693,-1.192,1.006,0.318,0.918,0,4.295242504588991,-0.4084655172413793
73.52,-1.366,-1.394,-0.162,0.063,0.876,0,4.311067545733388,-0.09912189616252821
61.37,-0.31,-0.551,0.124,0.971,0.82,0,4.1330843905380314,-0.6446036144578314
11.41,0.999,1.055,0.218,2.418,0.826,0,2.5185025992165158,3.0514234449760766
81.47,-1.692,0.796,1.365,-0.225,0.747,0,4.4124345908452645,-0.23659180977542935
34.45,-1.168,1.136,-0.381,0.302,0.921,0,3.5681232529781366,0.3684983888292158
11.02,-1.826,1.002,0.588,-1.345,0.848,0,2.4865719291070616,-1.5707342657342658
411.24,-0.45,-2.903,-0.66,0.302,0.795,0,6.021605704019969,-1.0890757763975154
11.65,1.497,-0.078,-2.097,-0.185,0.724,0,2.5376572151735295,0.019659400544959127
72.93,0.735,-1.462,-0.138,-1.474,0.981,0,4.3031186995690085,2.1745590312815337
130.59,-0.296,0.708,-0.162,-0.22,0.981,0,4.879691028162049,-0.15717457114026234
98.69,0.694,0.7,1.422,0.168,0.873,0,4.602065371034612,0.13318233295583237
37.1,1.35,2.462,1.452,-0.49,0.729,0,3.6402142821326553,-1.6324492557510148
132.49,-0.407,-0.113,1.286,-1.589,0.735,0,4.894026568667641,0.24101610738255033
224.09,-1.003,1.219,1.454,-0.659,0.874,0,5.4165003222257475,-0.9087341628959277
99.66,-0.268,-2.435,-1.668,-0.658,0.922,0,4.611748501348214,1.7191309012875535
127.74,-0.466,-0.231,-0.032,-0.219,0.819,0,4.85779486662447,0.06102412545235224
383.75,-1.674,-0.208,-0.023,0.99,0.874,0,5.952593772718989,-0.23294117647058823
13.55,0.563,-0.148,-1.755,1.01,0.881,0,2.6775909936175015,-0.1677665544332211
210.06,0.04,-1.781,0.775,1.486,0.897,0,5.352142453242944,-2.917933847850055
41.78,1.131,-1.143,-0.394,-1.395,0.755,0,3.7560707036542595,2.084294117647059
5.71,-0.065,0.448,-1.32,0.386,0.929,0,1.9035989509835904,0.1841618743343983
135.14,0.455,-1.228,-0.121,0.352,0.731,0,4.913683768019805,-0.5833414304993252
22.74,1.461,0.002,0.426,-0.932,0.794,0,3.167161389181522,-0.002318407960199005
40.47,-0.42,2.062,-0.402,0.365,0.929,0,3.7249702742582897,0.8015228966986154
10.64,0.557,-1.092,-0.435,0.624,0.795,0,2.454447442303292,-0.8464695652173913
70.47,0.594,-0.551,-0.525,0.405,0.835,0,4.269277781231888,-0.2640887573964497
131.73,1.179,-1.441,0.131,-0.541,0.744,0,4.888316989638111,1.0339270557029179
155.91,-1.341,-0.887,-1.643,-1.307,0.783,0,5.055672392570977,1.4619281210592685
211.35,0.231,1.816,-0.296,0.634,0.867,0,5.35823585675928,1.3128209806157356
64.05,-3.018,-0.718,0.654,-0.753,0.831,0,4.1751562049585145,0.6428703923900119
275.51,0.865,-1.132,0.173,0.466,0.953,0,5.622246986673683,-0.5477798546209761
154.37,1.202,-1.68,0.125,-1.209,0.767,0,5.045809369103909,2.614054054054054
120.73,-2.472,0.781,-0.268,0.357,0.982,0,4.801805477421505,0.28106552419354836
18.1,1.427,0.371,0.169,-0.047,0.826,0,2.9496883350525844,-0.020857655502392346
18.86,1.974,-0.375,-0.156,1.257,0.872,0,2.9887076586170265,-0.534438775510204
31.44,-1.589,0.399,-0.022,0.612,0.796,0,3.479392229247212,0.3029627791563275
22.02,0.664,-0.51,0.756,0.209,0.767,0,3.1363634032937364,-0.13718146718146718
15.98,0.004,-0.22,0.73,-0.371,0.927,0,2.8320361808832013,0.0871077908217716
6.32,-0.573,0.91,-0.422,-0.54,0.836,0,1.9906103279732201,-0.5808510638297874
52.02,-0.839,-0.54,-0.722,0.983,0.771,0,3.9706692008608795,-0.6796670934699104
25.87,0.156,-1.102,1.564,0.802,0.897,0,3.2910104226273997,-0.9744255788313122
34.39,1.222,-1.142,-1.165,-0.61,0.809,0,3.566429294357372,0.8505738705738703
31.99,-0.4,0.504,0.081,-0.148,0.761,0,3.49620448524049,-0.09674708171206224
47.5,0.592,0.569,-0.617,-1.101,0.739,0,3.8815637979434374,-0.836407209612817
11.55,1.556,0.247,0.397,0.44,0.705,0,2.529720665577793,0.152
22.58,-1.202,1.499,-0.403,0.822,0.987,0,3.160398895109225,1.2358856569709127
19.59,1.458,0.081,-1.181,-2.493,0.986,0,3.0248055210396982,-0.20274397590361445
52.08,-0.581,0.136,0.43,0.994,0.817,0,3.9718002094640066,0.16346311970979444
6.39,-0.179,0.034,-0.513,-0.518,0.889,0,2.0001277349601105,-0.01959065628476085
9.69,-0.847,-0.451,1.809,0.896,0.909,0,2.3693087250369538,-0.43971273122959736
30.05,0.627,-0.104,-0.708,-0.822,0.729,0,3.435598808379488,0.115680649526387
84.08,1.097,1.381,-0.043,1.139,0.739,0,4.4435919903320364,2.100078771695594
34.04,1.1,1.58,1.963,0.333,0.885,0,3.5564902660681907,0.5878659217877096
186.17,1.403,0.433,0.805,-1.135,0.962,0,5.232017294790805,-0.5056121399176955
46.42,0.724,0.899,0.121,-0.652,0.738,0,3.8590440806372595,-0.783620320855615
295.78,-0.059,0.047,0.242,-0.968,0.8,0,5.69299112357798,-0.0561679012345679
8.02,-2.242,0.833,0.164,0.265,0.939,0,2.199444334074532,0.23260800842992624
25.74,-0.832,-0.675,0.628,0.357,0.885,0,3.286160571673797,-0.2692458100558659
46.69,-0.758,-0.133,1.747,-2.06,0.862,0,3.864721732310133,0.31419724770642204
32.61,-2.479,-2.043,1.175,-0.409,0.831,0,3.5148236417370144,0.993563614744352
83.66,-0.318,0.541,0.472,-0.255,0.888,0,4.438643235092778,-0.1536247216035635
12.25,1.377,0.763,-0.632,-0.992,0.77,0,2.583997552432231,-0.9703794871794872
42.77,0.147,0.814,-0.071,1.72,0.708,0,3.778948651202804,1.9499721448467968
10.64,1.775,0.308,0.702,-0.9,0.935,0,2.454447442303292,-0.29333333333333333
50.12,-0.579,1.487,1.113,0.752,0.988,0,3.9341758100692794,1.1204649298597196
41.02,-1.173,-0.312,0.644,-0.986,0.966,0,3.7381456954168546,0.3151967213114754
47.66,-0.568,-0.846,-1.801,-0.387,0.768,0,3.8848573373553763,0.4208251928020566
118.2,0.018,-0.224,-0.667,0.838,0.875,0,4.7808027546312495,-0.21210395480225988
98.95,-0.696,1.992,1.001,-0.457,0.92,0,4.604670060946409,-0.9788645161290322
37.94,0.174,-0.851,-0.148,-0.407,0.918,0,3.6620219999440535,0.3732295258620689
34.63,0.782,0.839,0.825,-0.916,0.917,0,3.5731879796177446,-0.8290442286947141
48.06,0.108,-1.47,0.217,0.655,0.75,0,3.893044038830343,-1.2669078947368422
102.59,1.887,-1.501,0.111,1.737,0.936,0,4.640440800070011,-2.7560644820295983
113.86,-1.053,0.347,-0.037,-1.13,0.775,0,4.74371399543615,-0.49950318471337574
124.39,-0.701,0.433,-0.143,0.169,0.931,0,4.831428880202447,0.07776514346439958
56.9,-0.925,-0.465,0.481,-0.988,0.86,0,4.05871738457895,0.5280689655172414
16.07,0.867,0.998,0.092,-0.672,0.725,0,2.837322536806349,-0.912457142857143
203.96,0.276,0.566,0.262,1.234,0.789,0,5.322814838148424,0.8741476846057571
25.88,1.095,-1.473,-0.539,-0.732,0.836,0,3.2913825156549485,1.2745106382978724
27.55,0.746,0.156,0.8,1.192,0.869,0,3.351656936102019,0.2115494880546075
61.89,-0.345,-0.213,-0.708,0.545,0.808,0,4.141387168555412,-0.14191320293398532
7.44,-0.205,-0.228,0.158,-0.45,0.943,0,2.132982308607866,0.10766002098635888
44.72,-0.294,0.384,-0.889,-0.445,0.88,0,3.8225358389266098,-0.192
51.28,1.375,0.595,2.151,0.77,0.971,0,3.956613888756021,0.46702344546381247
35.2,1.361,-0.88,-1.173,0.406,0.809,0,3.5890591188317256,-0.4362393162393163
58.62,-1.243,-0.311,0.048,0.078,0.84,0,4.087991088249925,-0.028538823529411762
101.87,0.278,-1.626,-0.031,0.334,0.804,0,4.6334660551429385,-0.6671793611793612
34.44,0.489,-0.546,-0.103,0.541,0.976,0,3.56784112573688,-0.299580121703854
152.57,2.037,-0.222,1.769,-1.959,0.717,0,5.034156489137602,0.5982090784044016
106.29,-0.532,0.658,-0.215,-2.025,0.873,0,4.675535448648655,-1.5090033975084935
33.8,-1.637,0.749,0.125,-0.17,0.979,0,3.5496173867804286,-0.12874620829120323
52.33,-1.177,0.042,-1.14,0.164,0.877,0,3.9764990246125107,0.007765501691093575
235.09,0.609,-0.7,-0.062,-0.238,0.732,0,5.464213088260122,0.2245283018867924
41.94,-0.432,-1.113,-1.694,-0.701,0.89,0,3.759803792450635,0.8669033333333332
218.48,-1.257,-0.406,0.692,-0.448,0.866,0,5.391261112190775,0.20763470319634705
56.59,-0.167,-1.164,0.171,-0.086,0.956,0,4.053348941518581,0.10362732919254657
12.45,-1.541,0.093,0.984,-0.233,0.853,0,2.598979106047848,-0.025108922363847045
39.58,0.603,-0.586,-0.579,2.258,0.763,0,3.7032753343976688,-1.7117567917205692
39.58,0.025,0.575,0.532,-2.468,0.926,0,3.7032753343976688,-1.5161324786324784
40.33,0.327,-1.236,1.242,0.965,0.956,0,3.721588628523641,-1.2347204968944099
44.43,2.0,-1.054,0.555,1.986,0.76,0,3.816172679771312,-2.718498701298701
124.6,0.239,1.37,-1.016,-0.03,0.724,0,4.833102254034098,-0.055994550408719354
40.26,0.242,-0.101,0.643,1.141,0.85,0,3.7198935076431057,-0.13400116279069768
20.57,-0.053,0.203,-0.015,-0.981,0.953,0,3.071303460401065,-0.2067943925233645
190.55,1.455,1.881,0.547,0.598,0.958,0,5.255148871146658,1.1620227272727273
73.39,-2.443,-0.004,-0.573,0.146,0.847,0,4.30932152420325,-0.0006814469078179697
179.0,-0.36,-1.403,-0.109,0.672,0.804,0,5.19295685089021,-1.1582506142506144
54.37,2.274,0.335,-0.222,1.391,0.937,0,4.014037930834876,0.49206441393875394
69.85,1.246,-1.275,0.46,1.725,0.716,0,4.260564966136689,-3.0294421487603307
20.83,-0.999,-0.986,-0.817,0.89,0.79,0,3.0832851705618523,-1.096925
68.8,0.341,-0.252,-0.112,-0.837,0.946,0,4.2456340097683265,0.22063179916317993
86.32,-0.642,-1.682,-0.303,0.756,0.989,0,4.4695795316817435,-1.2728648648648648
5.3,-0.421,-1.498,0.763,1.415,0.769,0,1.840549633397487,-2.7210141206675225
64.48,-0.318,0.152,-0.81,0.583,0.848,0,4.181744752502934,0.10328205128205127
13.32,-0.228,0.616,-0.014,-0.196,0.707,0,2.6616571615324998,-0.1683905160390516
208.45,-0.803,0.035,-0.26,-0.871,0.973,0,5.344485047393044,-0.031012207527975587
105.35,-0.338,0.932,0.264,-1.284,0.885,0,4.666735541646246,-1.3370815642458103
119.31,1.002,0.401,-2.338,1.093,0.983,0,4.7900717450454335,0.4413826787512588
79.17,0.54,1.936,-0.546,-0.52,0.774,0,4.38414938005486,-1.2840816326530613
35.92,-1.052,-1.852,0.427,1.988,0.829,0,3.6087534096346516,-4.388290822407629
90.54,-0.272,1.233,0.432,0.135,0.943,0,4.516776035225496,0.17466421825813225
52.19,-1.073,0.481,0.345,0.043,0.85,0,3.9738704087542263,0.024049999999999995
228.22,-0.535,0.093,-1.592,0.613,0.709,0,5.434682241068553,0.07928929068150209
151.16,0.868,-0.657,-0.895,-0.62,0.982,0,5.02493259879708,0.410625
43.15,1.615,1.489,0.832,0.121,0.896,0,3.787592927049969,0.19886203090507726
48.95,-0.248,0.281,0.627,0.062,0.881,0,3.9110225050945626,0.01955331088664422
149.34,0.989,0.447,-0.038,0.074,0.749,0,5.012899395749323,0.04358102766798418
61.24,-1.001,0.741,-1.259,-0.404,0.803,0,4.130997879870137,-0.36822140221402216
20.82,-0.155,-0.406,-1.428,-0.186,0.787,0,3.0828269804049246,0.09475031367628607
24.06,0.741,0.955,-1.311,1.569,0.964,0,3.221272949467922,1.5383932238193019
301.74,-0.51,-0.601,-0.892,0.056,0.827,0,5.71287435133442,-0.04021027479091995
79.1,-2.057,0.269,0.569,0.053,0.76,0,4.383275854074314,0.018515584415584416
95.42,-0.945,0.124,1.758,0.561,0.759,0,4.568713648977476,0.09046033810143043
98.79,0.422,-1.182,1.768,-1.012,0.989,0,4.603067977896221,1.1973813813813814
241.1,-0.796,-1.473,0.086,0.044,0.877,0,5.489350863944013,-0.07306877113866966
111.95,-0.791,0.873,-1.244,-0.718,0.718,0,4.726945242914012,-0.8610082417582418
21.82,0.118,-1.132,1.065,2.279,0.729,0,3.1276373444339294,-3.490971583220568
37.63,-0.13,-0.557,0.262,-1.322,0.901,0,3.65402917667819,0.8082919868276619
69.56,-2.002,-1.169,-0.445,0.542,0.913,0,4.256463411698536,-0.6864550379198268
125.42,-1.692,-0.674,-0.9,-0.065,0.713,0,4.8396096970441524,0.06059474412171508
15.06,0.018,-1.369,-0.44,0.581,0.971,0,2.7763317085186157,-0.8107940876656472
268.42,-0.628,-0.2,1.697,1.99,0.946,0,5.596271500270422,-0.4163179916317992
2533.65,-6.742,4.405,-1.3,4.57,0.38,1,7.837810839432006,51.61756410256411
64.7,0.218,0.709,-0.21,0.204,0.948,0,4.185098925490565,0.15097703549060543
100.57,-0.432,-0.459,-1.927,-0.387,0.893,0,4.6207482159514095,0.19671428571428573
160.57,-0.997,-1.904,-0.142,0.924,0.768,0,5.084938485288739,-2.261305912596401
50.12,-0.59,0.326,1.242,-0.257,0.707,0,3.9341758100692794,-0.11685076708507673
100.62,1.055,0.944,-1.177,1.251,0.749,0,4.621240366165586,1.5559209486166006
78.89,1.761,-0.126,-1.943,-0.706,0.785,0,4.380650688493951,0.11189433962264149
25.19,-0.445,-0.257,-0.295,-0.097,0.754,0,3.2653776585196206,0.03262958115183246
121.74,1.181,-1.225,0.615,1.643,0.978,0,4.810068296960951,-2.03712044534413
6.84,-0.177,0.193,-0.968,-0.512,0.874,0,2.0592388343623163,-0.11178280542986425
110.86,0.419,-1.938,-0.716,1.739,0.948,0,4.717248089393442,-3.517935281837161
130.5,0.171,-0.613,0.333,-1.53,0.977,0,4.879006851617819,0.9502431610942249
184.56,-1.605,-0.735,0.192,-1.57,0.733,0,5.223378279883543,1.5530955585464334
72.74,-0.86,1.3,0.037,-0.904,0.762,0,4.300545392805998,-1.522279792746114
70.35,0.382,1.107,0.662,2.158,0.969,0,4.267597343922845,2.440149131767109
233.38,-1.938,0.127,-1.344,-0.173,0.885,0,5.456943729830456,-0.024548603351955304
63.93,-0.06,-0.078,1.005,-0.053,0.864,0,4.173309766520395,0.004729977116704805
102.26,0.829,-1.868,1.985,-0.656,0.715,0,4.637250079451503,1.690217931034483
62.79,-1.024,-1.202,0.103,-1.97,0.95,0,4.1555964382538635,2.4666041666666665
50.82,0.632,0.432,-0.895,-1.586,0.803,0,3.947776175133964,-0.8427453874538745
157.06,-0.083,-0.198,0.672,1.843,0.827,0,5.06297470777683,-0.43597849462365595
71.0,-0.309,-1.347,0.938,0.004,0.776,0,4.276666119016055,-0.006854961832061069
177.01,-1.039,-0.868,-1.533,-1.264,0.808,0,5.181839728489342,1.3412616136919313
37.57,-1.092,0.394,0.355,0.393,0.838,0,3.6524747722201365,0.18259669811320756
167.82,-0.781,2.211,0.906,0.152,0.981,0,5.128833058555574,0.33912411705348133
90.54,-0.202,0.128,0.499,-0.727,0.825,0,4.516776035225496,-0.11144431137724552
55.19,0.888,-1.583,0.465,-1.154,0.75,0,4.028738805124107,2.4036605263157895
10.61,-1.138,-0.718,0.194,-1.289,0.84,0,2.4518667957098,1.088825882352941
8.99,-1.21,1.428,-1.723,-0.218,0.8,0,2.301584592660462,-0.38432592592592585
94.0,-0.11,0.133,-0.807,-0.077,0.978,0,4.553876891600541,-0.010365384615384615
184.51,0.561,-0.467,0.764,0.393,0.931,0,5.223108788950282,-0.19503825717322
41.16,-0.741,0.856,-0.723,-0.316,0.971,0,3.741471904233107,-0.2757349643221203
34.23,-2.413,0.458,-0.102,0.286,0.926,0,3.561897992353146,0.13994444444444443
169.38,-2.007,-1.061,0.333,0.2,0.919,0,5.138031236614695,-0.22841765339074271
26.9,-0.256,0.886,1.21,0.278,0.755,0,3.32862668882732,0.32197124183006537
135.46,0.892,0.218,-0.295,-1.219,0.942,0,4.9160315313872776,-0.27914075630252105
6.65,-0.485,-1.109,0.761,1.22,0.869,0,2.0347056478384444,-1.5392263936291237
69.16,-0.46,0.597,-1.181,-0.197,0.873,0,4.250778348063927,-0.13319252548131372
29.51,-0.355,-2.055,-0.685,1.793,0.951,0,3.418054498728578,-3.8341467221644123
105.84,0.126,-0.182,0.016,0.245,0.898,0,4.67133238824176,-0.0491079295154185
28.03,1.122,-0.197,-0.523,-0.742,0.829,0,3.3683297780365384,0.17422407628128725
110.88,0.653,-0.19,-0.244,-0.765,0.906,0,4.717426868333759,0.15867903930131005
26.77,-0.993,0.463,0.091,0.753,0.931,0,3.323956301318708,0.37049840595111583
232.0,-3.712,8.865,-6.737,7.301,0.421,1,5.4510384535657,150.1702204176334
30.29,-0.604,-1.569,-0.528,-0.366,0.949,0,3.443298557680791,0.5988050052137643
74.45,0.191,0.208,0.384,-1.755,0.724,0,4.323470185213858,-0.4973297002724795
214.79,-1.663,-1.497,-0.373,-1.872,0.773,0,5.3743057125473745,3.579034482758621
44.93,0.488,0.438,-0.301,-1.9,0.953,0,3.8271184983377022,-0.8641744548286604
9.6,-0.237,0.329,0.811,1.753,0.86,0,2.3608540011180215,0.6629160919540229
171.73,-0.285,-0.743,1.356,0.167,0.763,0,5.151729681705193,-0.16051875808538163
143.06,-1.241,-0.4,-0.303,0.192,0.849,0,4.9702298794612165,-0.08940628637951106
10.61,1.178,-1.673,-2.117,1.246,0.824,0,2.4518667957098,-2.499470023980815
26.86,0.608,-0.059,-0.073,0.072,0.709,0,3.3271919683516598,-0.005908205841446452
235.43,2.519,1.781,-0.694,1.051,0.84,0,5.465652181033668,2.2021541176470585
299.35,-0.908,0.451,-0.306,-0.38,0.922,0,5.704948461296171,-0.18388412017167383
34.76,-0.768,-0.762,0.778,-0.144,0.955,0,3.576829950305313,0.11370777202072538
56.89,1.314,-2.128,-0.129,-1.41,0.843,0,4.058544658090914,3.517561547479484
6.58,-0.355,-1.025,-1.076,0.728,0.823,0,2.0255131996542803,-0.895798319327731
74.27,-0.328,0.732,-0.033,-1.114,0.917,0,4.321081649046441,-0.879663430420712
14.89,-0.307,-0.048,-0.019,-0.524,0.786,0,2.7656899805486246,0.031597989949748745
163.53,-1.005,2.23,-0.078,-2.6,0.712,0,5.103092924398559,-8.030470914127424
194.8,1.255,1.252,0.457,0.632,0.83,0,5.27709373009641,0.9419809523809524
85.66,0.133,1.97,2.182,-0.366,0.862,0,4.461992416311763,-0.8268577981651376
514.7,-1.257,5.586,-4.433,6.993,0.323,1,6.245525201056913,117.30600000000001
55.74,2.061,1.363,-0.072,0.244,0.814,0,4.038479429380705,0.40360679611650485
24.16,0.621,-1.427,-0.298,1.945,0.954,0,3.22525543183224,-2.8791649377593367
54.86,0.567,-0.308,-0.155,0.167,0.708,0,4.022848560517031,-0.07163788300835655
13.02,-2.051,0.947,-0.118,0.982,0.791,0,2.640484881606444,1.160991260923845
245.89,0.198,0.201,1.476,0.063,0.752,0,5.508942893303274,0.016618110236220472
77.38,-0.047,1.454,0.429,-1.081,0.725,0,4.361568792771485,-2.1384680272108842
254.47,-0.974,-0.741,1.0,0.877,0.845,0,5.543104985920118,-0.7600666666666667
59.73,0.148,-0.962,-0.39,1.331,0.744,0,4.106437809909484,-1.6981724137931034
135.79,-0.187,-0.228,0.282,-1.43,0.928,0,4.918446903101353,0.347590618336887
37.07,-0.073,-0.85,-0.809,0.721,0.764,0,3.639426570394406,-0.7917958656330749
255.05,-0.518,0.511,-0.627,-1.13,0.792,0,5.54537273790856,-0.7199875311720698
271.53,0.685,0.884,-0.358,0.349,0.953,0,5.607748699786767,0.3203696780893042
32.01,0.233,-0.624,-0.708,0.269,0.792,0,3.4968105458651015,-0.20929675810473816
2271.06,-1.757,5.822,-5.932,2.727,0.144,1,7.728442187943049,103.09476623376622
23.2,-1.817,0.79,-0.456,0.462,0.835,0,3.186352633162641,0.4319289940828403
6.17,-0.685,-0.028,-0.871,-0.021,0.872,0,1.969905654611529,0.0006666666666666668
125.87,0.291,-1.32,0.567,0.664,0.933,0,4.843162940152507,-0.929459172852598
184.74,-0.14,0.649,1.397,0.331,0.902,0,5.224347846347863,0.23554714912280703
464.7,-0.972,-0.895,0.726,-0.964,0.725,0,6.1435416499883315,1.1738503401360545
120.03,-1.072,0.832,0.707,-1.356,0.921,0,4.7960384487505126,-1.2118066595059076
182.77,0.837,0.167,1.427,-0.127,0.737,0,5.213684975707333,-0.028392235609103082
47.85,-0.934,-1.024,0.218,-0.269,0.703,0,3.888754378488792,0.3863338008415148
36.85,0.331,-1.209,-0.856,-0.873,0.842,0,3.6336309798834576,1.238799295774648
94.89,-0.066,-0.077,1.553,-1.613,0.77,0,4.56320170116559,0.15923205128205126
62.31,-2.38,-0.734,0.412,-0.798,0.988,0,4.148043294556035,0.5869058116232465
47.81,0.396,0.106,-0.139,1.265,0.914,0,3.887935209899056,0.1451190476190476
16.66,-1.803,0.099,-0.257,-1.182,0.738,0,2.8713021951758138,-0.15644117647058822
107.05,1.732,-2.434,0.248,0.043,0.728,0,4.682594082952895,-0.14181842818428186
33.6,0.069,1.062,-1.672,-0.806,0.786,0,3.543853682063679,-1.0753417085427135
214.25,-2.986,5.261,-3.522,4.747,0.153,1,5.371800143307841,153.21452147239262
86.81,1.484,-0.21,1.033,-1.376,0.956,0,4.475175389371905,0.29913043478260865
48.73,0.028,-0.754,1.31,-1.171,0.976,0,3.906608372726647,0.8954705882352941
61.51,2.096,-0.458,-0.276,-0.445,0.967,0,4.135326543943721,0.20860798362333677
99.22,1.093,0.756,-0.497,0.813,0.97,0,4.607367769531579,0.6271714285714285
73.43,0.802,1.63,-0.355,-0.546,0.936,0,4.309859086371819,-0.9407822410147991
86.93,0.058,1.248,0.69,-0.201,0.711,0,4.4765410433909105,-0.3479167822468794
169.8,0.563,-0.435,0.239,-1.073,0.958,0,5.14049328135447,0.4821849173553719
59.53,0.767,0.621,0.287,0.16,0.83,0,4.103139109903596,0.1182857142857143
21.16,0.183,-1.124,-1.752,1.129,0.959,0,3.098288861879083,-1.3095933952528382
11.19,0.051,0.21,0.556,-0.982,0.921,0,2.5006159434931803,-0.2215037593984962
52.68,-0.489,-0.266,-0.669,-0.741,0.966,0,3.9830404926634264,0.20195286885245903
11.91,1.105,-2.477,-0.457,0.225,0.817,0,2.558002204858551,-0.6739117291414752
93.41,-1.306,-0.86,0.702,0.125,0.71,0,4.547646999744425,-0.14930555555555555
129.64,-1.443,0.1,1.551,0.264,0.96,0,4.8724454486622095,0.027216494845360827
137.54,0.415,-1.267,-0.232,-0.18,0.944,0,4.931159092594459,0.2390566037735849
30.42,-0.634,-0.36,-1.26,0.378,0.805,0,3.4474446328274753,-0.16696932515337423
173.35,0.807,-0.147,-2.527,-0.052,0.918,0,5.161064773121661,0.00823706896551724
11.46,0.253,-0.684,1.471,-0.066,0.966,0,2.522523513359307,0.04625409836065574
46.79,0.019,2.566,-0.21,0.352,0.924,0,3.866816412590067,0.9670578158458243
31.22,0.309,-0.339,-0.872,-1.309,0.763,0,3.472587377748828,0.5740633893919793
79.86,1.308,-1.263,-0.178,-0.882,0.936,0,4.392719264212625,1.177553911205074
191.22,0.445,-1.526,-0.764,0.971,0.819,0,5.258640549395138,-1.7873896260554887
68.09,0.377,-1.032,-0.592,-0.227,0.756,0,4.2354100025007035,0.3058276762402089
210.88,1.557,-1.043,-1.404,0.45,0.946,0,5.356020076676326,-0.4909518828451883
62.56,-0.353,1.211,0.016,0.529,0.837,0,4.151984341668515,0.7563388429752067
124.71,1.045,-0.614,0.228,-1.445,0.752,0,4.83397766692674,1.1643438320209976
41.28,1.221,1.739,-0.355,-0.773,0.863,0,3.7443141610020367,-1.5398018327605958
22.62,-0.602,-0.549,1.63,-0.296,0.782,0,3.1620938107692163,0.2051818181818182
6.71,0.587,0.053,-1.355,-1.845,0.981,0,2.0425181875752383,-0.09867305751765892
105.82,0.488,1.704,0.315,0.624,0.913,0,4.671145174911624,1.152
34.16,1.003,-0.696,0.545,-1.766,0.772,0,3.559909072816976,1.5717851662404092
149.35,-1.227,0.403,-1.772,0.342,0.794,0,5.012965909434538,0.17142537313432837
41.82,0.06,-0.173,1.457,-1.285,0.803,0,3.757005283161537,0.27343788437884375
100.21,0.919,1.106,0.321,-0.791,0.781,0,4.61719756620081,-1.106
7.48,-1.523,-1.952,1.852,-0.297,0.79,0,2.1377104498038118,0.7246799999999999
37.19,0.168,-0.395,-1.919,0.865,0.905,0,3.6425737012374246,-0.37341530054644806
70.52,1.141,-3.098,1.417,1.207,0.784,0,4.269977130865259,-4.709428211586902
17.89,0.412,-1.014,-0.243,1.0,0.749,0,2.9386326815134183,-1.3359683794466404
125.11,1.023,0.303,0.269,-0.515,0.72,0,4.8371545419677835,-0.21376027397260272
63.3,-1.941,-0.28,-0.122,0.137,0.802,0,4.163559631243574,-0.04724137931034483
131.48,-0.368,0.766,-0.753,0.154,0.775,0,4.886431690636949,0.15027261146496815
13.41,0.758,-0.373,0.791,-1.952,0.826,0,2.667922410011431,0.8709282296650718
57.21,-1.166,1.857,-0.018,-0.721,0.936,0,4.064057161283644,-1.4153245243128962
13.84,0.783,0.924,-1.221,2.498,0.958,0,2.6973262377392344,2.384454545454546
128.71,0.497,0.495,-0.621,2.113,0.951,0,4.865301189352582,1.088381893860562
226.32,-0.285,0.958,-0.475,-0.652,0.842,0,5.426358716428921,-0.7331173708920188
107.76,-0.034,0.284,2.602,2.169,0.856,0,4.68914361976427,0.711311778290993
66.99,-0.945,0.656,0.076,-1.769,0.751,0,4.219360635538369,-1.5249198423127464
144.48,1.534,-0.395,-0.452,1.533,0.989,0,4.980038620118788,-0.6061411411411411
13.7,-0.065,1.163,0.424,0.438,0.966,0,2.6878474937846906,0.5219200819672132
35.06,-0.131,-0.804,-0.104,1.288,0.94,0,3.585184217775171,-1.0900547368421054
116.19,0.001,-1.938,-1.221,-0.289,0.804,0,4.763796549270511,0.688061425061425
23.22,-0.561,-0.53,1.437,-0.053,0.865,0,3.1871787381249463,0.03210285714285714
195.13,1.416,1.021,-0.592,1.962,0.9,0,5.27877770467342,2.201320879120879
11.14,0.377,0.488,0.796,-0.757,0.704,0,2.4965057856313524,-0.5173893557422969
25.82,0.712,0.581,0.0,-0.19,0.904,0,3.2891478778535324,-0.12077680525164113
19.36,-0.66,0.238,-0.101,-1.334,0.89,0,3.013572191682322,-0.35276888888888885
18.4,-0.524,-0.558,-0.764,-0.73,0.815,0,2.9652730660692823,0.4937454545454546
95.16,1.473,-0.331,-0.654,0.384,0.714,0,4.566013470786897,-0.1755580110497238
183.78,0.053,-0.197,0.22,0.037,0.957,0,5.2191659282425995,-0.007537745604963806
49.97,-1.447,-0.915,-0.788,-1.058,0.979,0,3.93123722435195,0.9788372093023257
78.43,-1.963,-0.474,-0.322,-0.286,0.974,0,4.374876130645041,0.1377682926829268
372.91,-1.285,-0.313,-0.911,-0.334,0.832,0,5.92401512674444,0.12415914489311165
31.95,-0.719,-0.262,0.301,-0.045,0.795,0,3.4949912609485163,0.014645962732919253
182.73,0.619,1.125,0.274,-0.021,0.923,0,5.2134672886316435,-0.02532154340836013
283.13,0.414,0.309,1.001,0.794,0.852,0,5.649431879906119,0.28462412993039443
224.31,0.341,0.323,-1.207,1.069,0.71,0,5.417477231717294,0.4795652777777778
238.2,-1.669,0.712,0.267,-0.284,0.943,0,5.477300022076476,-0.21218048268625392
148.2,-1.308,1.416,0.072,2.315,0.853,0,5.005287687769661,3.7984241019698723
227.14,-0.69,-0.111,0.15,1.465,0.708,0,5.429959475599752,-0.226483286908078
8.51,1.227,0.451,1.769,-2.016,0.932,0,2.252343876557299,-0.9651974522292993
85.15,0.547,-1.333,1.389,0.761,0.88,0,4.456089962973938,-1.1397898876404495
300.94,1.994,0.445,-0.242,-0.811,0.923,0,5.7102283221395895,-0.38681136120042875
109.32,0.057,-0.558,1.33,-0.887,0.828,0,4.703385233485046,0.5906276849642006
95.52,-1.278,-1.15,-1.11,-0.237,0.941,0,4.569750240756831,0.2865930599369085
41.45,0.882,-0.224,3.103,-0.237,0.977,0,3.7483269127573564,0.053787234042553186
190.13,-0.104,-1.277,-0.081,0.297,0.808,0,5.252953824796506,-0.46365403422982876
23.44,0.327,-0.525,-0.734,0.782,0.712,0,3.1962211343033946,-0.568628808864266
364.49,-1.282,-1.088,0.177,0.846,0.762,0,5.901238919034426,-1.1922901554404146
191.92,-0.305,1.01,0.859,0.05,0.982,0,5.262275595200771,0.05090725806451613
30.84,-0.278,0.035,-0.727,-0.15,0.818,0,3.460723360976182,-0.006340579710144928
8.46,-0.454,0.524,0.818,-0.38,0.916,0,2.247072383063787,-0.21503239740820734
26.01,0.185,-0.367,1.376,-0.565,0.829,0,3.2962071678045244,0.24714541120381406
41.1,1.618,-0.318,-0.515,0.027,0.836,0,3.7400477406883357,-0.010148936170212767
189.05,0.591,-0.189,0.599,0.18,0.92,0,5.247287195435258,-0.03658064516129032
14.28,-0.543,-1.378,-0.02,-1.289,0.837,0,2.7265447837383743,2.0970979929161744
271.01,1.423,-0.33,-0.02,-1.47,0.801,0,5.605838830326074,0.5981504315659679
48.4,1.077,-0.46,1.327,-2.681,0.985,0,3.899950424193877,1.239457286432161
10.26,1.548,-0.068,0.34,-1.063,0.769,0,2.421256622711544,0.09279075738125803
176.74,-1.194,-1.208,-1.225,0.38,0.783,0,5.180321808310329,-0.5788650693568727
50.81,0.369,-2.173,1.329,1.986,0.89,0,3.947583180826697,-4.795086666666667
36.26,0.349,-0.5,-0.453,0.654,0.818,0,3.6179203651734424,-0.3949275362318841
63.67,2.073,0.433,-0.052,-0.718,0.94,0,4.169297415458502,-0.3272568421052632
56.0,0.262,0.375,-1.249,-0.35,0.973,0,4.04305126783455,-0.1335198372329603
69.6,-0.416,0.928,-1.144,0.07,0.764,0,4.257030144499196,0.08392764857881137
60.9,-0.048,-0.583,1.414,-0.41,0.803,0,4.12552017969055,0.2940098400984009
349.11,0.351,-1.231,0.237,-0.415,0.988,0,5.858247390820336,0.5118887775551102
150.35,-0.776,2.834,-0.353,-0.212,0.779,0,5.019595035467727,-0.7614803548795944
129.16,0.403,0.51,0.245,2.296,0.906,0,4.868764462910782,1.2783406113537117
47.13,0.472,0.909,0.341,1.878,0.957,0,3.873905683315018,1.765358841778697
29.68,1.305,-0.559,1.0,-0.019,0.8,0,3.4236109764990554,0.013112345679012346
44.18,-0.091,0.991,-2.079,0.2,0.78,0,3.810654511039857,0.25088607594936707
95.69,-0.634,0.572,0.849,1.604,0.754,0,4.5715099844954565,1.2009005235602093
32.12,1.653,-0.755,0.507,2.183,0.923,0,3.500137329517059,-1.7665219721329044
688.35,-1.583,5.145,-3.854,3.42,0.296,1,6.535749124617638,57.50294117647058
151.88,-1.478,0.243,-2.17,0.714,0.902,0,5.029653299932018,0.19024342105263156
59.9,0.49,0.924,-1.049,0.685,0.985,0,4.109233174715851,0.6361206030150754
161.66,-0.641,1.091,-1.118,0.11,0.856,0,5.091662132738629,0.13857967667436488
18.4,2.022,0.721,-0.033,-2.462,0.954,0,2.9652730660692823,-1.8413921161825728
14.77,-0.536,0.475,-0.511,1.427,0.953,0,2.758109400974947,0.7038681204569055
68.23,0.205,-0.276,-0.471,-1.012,0.921,0,4.237434294689934,0.3000128893662728
267.15,1.097,-0.428,0.522,-0.526,0.891,0,5.591546525428934,0.2498645948945616
23.2,-0.747,-0.4,-1.249,-0.493,0.887,0,3.186352633162641,0.21984392419175028
447.33,0.024,-0.287,0.818,0.146,0.847,0,6.105529568395952,-0.048893815635939315
71.69,-1.735,-0.213,-0.126,-0.614,0.715,0,4.286203823496544,0.18038896551724137
72.97,0.333,-1.909,1.144,-1.578,0.728,0,4.303659605599776,4.081845528455285
42.22,0.306,-0.183,0.252,1.111,0.851,0,3.76630335107874,-0.23613588850174216
231.92,0.46,1.96,0.804,-0.294,0.872,0,5.450695046968919,-0.6533333333333333
144.35,-0.963,-0.181,-1.472,-2.285,0.86,0,4.979144627004885,0.4753850574712644
14.48,0.126,-1.412,-2.379,1.471,0.924,0,2.739548868161581,-2.2238244111349035
66.8,1.499,0.735,0.059,-0.398,0.956,0,4.216562194946349,-0.30282608695652175
6.49,0.719,-0.16,-0.59,-2.098,0.985,0,2.0135687975291283,0.3373668341708542
23.9,-0.083,1.097,1.259,0.053,0.914,0,3.214867803470662,0.06292316017316017
31.19,-0.015,-0.366,-1.456,2.104,0.925,0,3.4716558453107167,-0.8235978609625668
119.44,-0.863,0.08,-0.081,0.782,0.805,0,4.791151703613533,0.07676073619631901
89.41,-1.075,0.646,-0.508,0.815,0.754,0,4.504354880749275,0.6891230366492147
49.33,-1.759,0.484,0.509,0.97,0.982,0,3.9186013207882686,0.473266129032258
30.0,0.328,-3.757,0.503,-1.457,0.829,0,3.4339872044851463,6.524373063170441
55.31,-2.08,0.279,-0.731,-1.519,0.738,0,4.030872139266527,-0.5665788770053476
65.23,0.981,1.45,-0.218,1.377,0.851,0,4.193133532496888,2.3189895470383277
146.34,1.733,-0.622,-1.955,-1.554,0.92,0,4.9927428412546675,1.0393419354838709
21.33,-1.155,-0.676,-1.249,-0.653,0.868,0,3.1059310658520665,0.5027653758542142
141.03,-0.577,1.22,0.026,0.134,0.816,0,4.956038302893036,0.19791767554479422
158.43,0.916,0.845,-0.146,-1.396,0.95,0,5.071604954419274,-1.2287708333333334
64.61,0.82,1.71,-0.49,0.779,0.867,0,4.1837281233567865,1.5189167616875712
16.18,1.105,0.906,0.103,-0.268,0.82,0,2.8437459165561094,-0.2925397590361446
16.26,-1.31,-0.343,-1.806,-1.319,0.914,0,2.848391685655282,0.4896287878787879
131.49,-0.289,0.065,0.199,0.46,0.71,0,4.886507170880032,0.04152777777777778
150.21,0.353,-1.337,-2.443,-1.017,0.958,0,5.0186695991245776,1.4046787190082641
53.88,0.234,0.534,-0.897,-0.071,0.929,0,4.00514898341763,-0.040376996805111816
11.67,0.065,-0.756,-1.07,-0.227,0.747,0,2.5392369943330477,0.22670013210039633
11.8,0.661,-0.905,-0.208,1.355,0.847,0,2.5494451709255714,-1.430892648774796
7.82,-0.106,-0.188,1.668,0.306,0.875,0,2.1770218700187,-0.06500338983050846
47.31,0.275,-0.374,1.349,-0.779,0.849,0,3.8776385785663154,0.33916880093131546
119.06,1.006,3.068,0.18,-0.097,0.833,0,4.787991617823697,-0.3530201660735469
16.6,-1.036,-0.187,2.895,0.12,0.798,0,2.8678989020441064,-0.02777227722772277
11.32,-0.412,1.048,-0.09,1.609,0.758,0,2.511223958105374,2.195614583333333
16.29,-0.897,-0.383,-1.734,-2.13,0.787,0,2.850128299695199,1.0235759096612296
77.01,0.406,-0.5,0.94,-1.723,0.908,0,4.356837023600222,0.9384531590413944
191.88,0.363,1.124,0.07,-2.448,0.923,0,5.262068233872916,-2.949144694533762
183.5,-0.245,-0.842,-0.361,1.458,0.796,0,5.217649463480582,-1.5231215880893298
50.04,-1.468,-0.035,1.671,2.205,0.76,0,3.9326096390365346,-0.10022727272727273
106.02,-0.875,0.876,1.332,-0.642,0.831,0,4.673015732883159,-0.6687181926278241
139.02,0.714,1.145,-1.482,0.451,0.816,0,4.941785269549052,0.6251755447941889
125.71,-1.057,0.495,0.133,-0.327,0.773,0,4.841901010810817,-0.20672413793103447
63.86,0.404,1.593,-0.715,-0.828,0.864,0,4.172231100879172,-1.509157894736842
64.59,1.1,-0.094,0.04,1.199,0.905,0,4.183423245305645,-0.123175956284153
23.2,-1.117,0.925,-0.294,0.201,0.956,0,3.186352633162641,0.1924689440993789
35.83,-0.175,2.158,1.419,-1.304,0.975,0,3.606312730456974,-2.8568852791878174
8.58,0.191,0.735,-0.458,1.212,0.837,0,2.259677591982769,1.0517355371900825
177.67,0.981,-2.411,1.358,0.887,0.869,0,5.185540528945076,-2.432943117178612
18.15,-2.026,-0.763,1.096,-0.013,0.925,0,2.952302715626655,0.010608556149732619
12.46,-0.071,0.987,-0.619,0.419,0.895,0,2.599722324216582,0.45696464088397787
27.92,-0.321,-0.041,-0.362,-0.236,0.901,0,3.3645333972905638,0.010621295279912185
7.5,-1.005,0.329,0.555,-1.331,0.708,0,2.1400661634962708,-0.6098871866295265
233.24,-0.596,0.03,-0.599,-0.223,0.814,0,5.4563462307729464,-0.008118932038834951
99.22,-2.312,-0.599,-0.328,-0.49,0.729,0,4.607367769531579,0.3971718538565629
145.05,0.269,-1.028,-1.175,-0.674,0.885,0,4.9839490288337505,0.7741586592178771
56.91,1.552,-1.67,-1.93,-0.086,0.862,0,4.058890081237698,0.1647018348623853
99.11,-0.033,-0.456,1.077,0.178,0.956,0,4.606269581431392,-0.0840248447204969
11.16,1.732,-1.688,0.424,-0.563,0.916,0,2.498151876538021,1.026289416846652
203.61,0.51,0.978,1.39,1.952,0.71,0,5.321105728178468,2.6514666666666664
374.25,-5.339,4.983,-3.798,2.012,0.237,1,5.927592470513571,40.59026720647773
170.92,-1.256,-0.848,-0.943,-0.925,0.938,0,5.147029252334255,0.8274261603375528
110.42,1.699,-0.698,0.343,-0.647,0.947,0,4.71330684459267,0.4718975966562174
267.43,0.02,-1.48,-1.123,0.803,0.874,0,5.592590172323767,-1.3443891402714934
30.32,-0.676,-1.926,-2.539,1.463,0.843,0,3.4442568711226023,-3.303327080890973
35.15,0.354,-1.313,-0.554,0.479,0.731,0,3.5876769486047735,-0.8487543859649122
122.59,0.237,-0.102,-0.97,1.2,0.784,0,4.8169696356016445,-0.15415617128463474
68.04,0.522,-0.616,-0.289,0.008,0.895,0,4.234686046775173,-0.005445303867403315
51.84,-1.493,0.057,0.381,0.041,0.721,0,3.9672684796541247,0.0031969904240766074
33.39,-0.803,-0.821,1.159,-0.442,0.965,0,3.537765824444175,0.37218666666666667
24.2,2.132,0.669,-2.668,0.883,0.756,0,3.2268439945173775,0.7711840731070496
61.94,1.304,-0.436,-0.521,0.375,0.726,0,4.142181891636261,-0.22214673913043478
207.95,1.143,0.113,0.042,-0.697,0.856,0,5.342094988893924,-0.09094803695150115
172.55,-0.225,-0.35,1.027,-0.262,0.972,0,5.1564657423077955,0.09338085539714869
423.48,1.029,-0.472,0.722,0.207,0.834,0,6.0508648903894295,-0.11576303317535544
14.29,-2.191,-0.744,-1.578,1.998,0.705,0,2.727199019940971,-2.0790377622377623
439.83,-1.566,2.586,0.514,-0.519,0.776,0,6.088659313599084,-1.7075496183206105
141.47,-1.41,0.079,0.7,1.278,0.968,0,4.9591314512291405,0.10323312883435583
134.86,0.498,-0.529,1.386,1.163,0.941,0,4.911624943763156,-0.6469263932702419
77.5,2.185,-0.544,-0.9,-0.573,0.879,0,4.363098624788363,0.35063217097862764
27.64,-1.61,1.265,-0.672,1.359,0.841,0,3.3548043420924447,2.020135135135135
49.43,-1.293,1.353,1.679,-2.344,0.915,0,3.920586236088634,-3.4285751351351346
106.25,0.326,0.588,0.516,0.87,0.901,0,4.675162557808126,0.561536772777168
38.51,0.209,0.149,0.567,-1.271,0.814,0,3.6765538044232993,-0.22982888349514563
392.68,-1.553,-0.121,1.544,-1.185,0.722,0,5.975538396557723,0.19588114754098362
83.65,-0.851,0.501,0.759,-0.788,0.87,0,4.438525108579144,-0.4486227272727273
134.76,-0.242,0.348,2.036,0.754,0.749,0,4.910888620925971,0.34570750988142285
322.85,-0.699,-0.019,0.131,0.665,0.903,0,5.780280445628926,-0.013838992332968236
68.31,-0.227,-1.73,0.215,-0.441,0.814,0,4.238589195929893,0.9258859223300971
32.06,-0.358,1.14,-1.483,0.35,0.88,0,3.498324092392878,0.448314606741573
6.04,2.22,-0.175,-0.204,0.72,0.922,0,1.951608170169951,-0.13519313304721028
82.39,-0.167,0.702,0.718,-0.336,0.714,0,4.423528398098894,-0.3257900552486188
17.46,-0.114,-0.011,-1.238,-0.389,0.881,0,2.9156062290747062,0.004802469135802469
101.68,-0.58,-0.016,0.971,0.443,0.909,0,4.6316173560029394,-0.007712731229597388
155.6,0.215,-0.166,-1.195,0.692,0.773,0,5.053694783556702,-0.14670753512132823
58.42,-0.546,0.852,-1.916,-1.03,0.933,0,4.084630870034462,-0.9306044538706256
69.08,1.0,1.502,0.208,-0.209,0.757,0,4.249637446628136,-0.4092803129074315
233.85,0.843,-0.899,-0.977,-1.155,0.79,0,5.458947012473004,1.29793125
122.12,1.001,0.148,1.102,-1.105,0.918,0,4.813159489530624,-0.17622844827586204
18.96,-0.431,-2.493,-1.372,-1.113,0.899,0,2.993730270883318,3.052485148514851
25.67,0.337,0.162,2.009,1.175,0.72,0,3.283539338193923,0.26075342465753426
174.88,0.802,-1.495,0.06,0.299,0.91,0,5.169801944312609,-0.485875
55.1,0.051,-1.228,-0.997,2.282,0.799,0,4.027135812528651,-3.4639011124845487
58.61,-0.599,-1.827,0.917,-1.955,0.769,0,4.087823345231835,4.585089858793325
385.72,-1.402,0.004,1.109,-0.069,0.706,0,5.957700916955173,-0.0003854748603351956
101.73,-1.258,0.183,-0.468,1.133,0.785,0,4.6321041872281725,0.26080377358490564
154.68,0.78,0.271,1.367,0.737,0.943,0,5.047802618437695,0.20957712486883529
9.79,0.547,1.328,0.015,-0.773,0.724,0,2.378619779270043,-1.3985613079019075
118.19,0.604,0.062,0.403,-1.204,0.761,0,4.780718858494617,-0.09681971465629052
85.93,0.962,0.963,0.348,0.31,0.722,0,4.465103197090973,0.407827868852459
40.74,-0.015,1.983,0.229,-1.346,0.818,0,3.7314599016490546,-3.2235724637681162
47.02,-0.378,1.266,-1.023,1.422,0.972,0,3.8716175907931074,1.8332505091649693
97.4,0.456,0.591,-0.411,-2.334,0.754,0,4.589040804058207,-1.8054895287958115
34.35,0.311,0.219,-0.272,1.756,0.725,0,3.565298392342582,0.5232163265306122
9.98,-0.641,-2.226,0.119,1.189,0.738,0,2.3960754360813845,-3.5383877005347597
140.77,0.24,1.839,-0.875,0.031,0.89,0,4.95420602612954,0.06334333333333333
1139.84,-3.872,3.433,-5.142,4.645,0.312,1,7.0395201121589395,49.52262422360248
70.05,-1.537,1.758,-0.204,-0.091,0.916,0,4.263383854543109,-0.17276241900647948
121.52,1.157,1.375,-0.04,1.388,0.789,0,4.808274281964574,2.3886107634543174
14.14,-0.182,-0.527,0.06,0.896,0.764,0,2.717340248009303,-0.6100671834625323
140.98,-0.696,-0.855,0.089,-1.581,0.793,0,4.95568620261124,1.6833810709838106
19.23,1.055,-0.132,1.006,0.188,0.757,0,3.007166651179654,-0.032354628422425036
20.53,-1.166,2.403,1.111,0.604,0.918,0,3.0694473113762717,1.5640215517241378
247.41,-1.303,-0.452,-0.975,0.128,0.784,0,5.51508060689796,-0.07286649874055416
24.81,-0.901,-0.24,0.071,-0.213,0.877,0,3.2507620137305224,0.05763246899661781
109.74,-0.783,0.326,-0.701,-0.395,0.944,0,4.707185111394821,-0.13497903563941302
121.79,-0.587,-1.105,0.088,0.435,0.932,0,4.810475579172421,-0.5102707006369426
31.12,0.639,-0.653,1.13,1.161,0.86,0,3.469478889078561,-0.8714172413793104
75.48,-0.903,0.925,0.88,-0.348,0.79,0,4.337029268743146,-0.402375
72.18,-1.905,-1.715,0.389,0.437,0.912,0,4.292922159591061,-0.8128579175704989
57.89,0.987,-1.598,-0.172,-0.94,0.835,0,4.07567129695648,1.7776568047337278
1759.72,-4.824,7.25,-4.731,3.318,0.088,1,7.473478095286417,245.46428571428575
157.87,-0.253,1.619,0.911,-0.162,0.784,0,5.068086257731932,-0.3303249370277078
29.34,-0.482,0.507,0.757,-0.726,0.77,0,3.4124669739203863,-0.4719
116.01,-0.612,-1.45,-1.479,-0.919,0.732,0,4.7622594012308666,1.7958894878706202
62.22,1.498,-0.932,0.184,1.32,0.709,0,4.146620706787472,-1.711043115438109
87.0,0.147,-0.562,-1.001,0.613,0.938,0,4.477336814478207,-0.36340295358649793
210.71,-0.583,0.937,0.796,0.166,0.793,0,5.355217413680848,0.1937011207970112
150.77,0.784,0.779,-0.301,-0.43,0.962,0,5.022366216971954,-0.344619341563786
21.58,0.329,1.968,-0.232,-0.451,0.851,0,3.1170645587215158,-1.030857142857143
167.6,0.866,1.475,-1.907,-0.038,0.735,0,5.127529045567755,-0.07523489932885906
49.72,-1.919,-1.591,0.104,-0.534,0.859,0,3.9263203101289705,0.9776685845799771
11.91,-0.692,1.29,-0.621,1.505,0.721,0,2.558002204858551,2.6558823529411764
129.01,-0.03,-0.652,-0.725,1.514,0.763,0,4.867611370574077,-1.2770090556274256
125.98,0.119,-2.359,-1.332,-0.75,0.918,0,4.844029593742304,1.906519396551724
40.27,-1.914,-1.428,0.452,0.23,0.893,0,3.7201358437644907,-0.36372093023255814
59.22,0.617,1.223,-0.051,-0.544,0.939,0,4.0980045230535875,-0.7010663856691256
36.92,0.773,-0.219,0.472,0.963,0.777,0,3.6354786773868213,-0.26797585768742055
15.58,0.447,-1.789,0.466,-1.125,0.879,0,2.8081971497071487,2.263920134983127
73.02,-0.697,-1.35,-0.18,-0.265,0.96,0,4.30433532695801,0.3688144329896908
336.22,0.661,0.234,-0.296,0.091,0.989,0,5.820735536349835,0.021315315315315317
13.86,-1.122,0.829,1.618,-1.198,0.827,0,2.698673039289613,-1.1865495818399043
29.51,-1.221,-1.276,-1.402,-0.194,0.935,0,3.418054498728578,0.26195132275132277
19.54,-0.563,-1.217,-0.017,-1.059,0.78,0,3.0223742045004123,1.6313962025316453
76.49,-2.165,-1.61,-0.418,-0.287,0.715,0,4.350148895775859,0.6373379310344828
84.67,-0.847,1.433,1.169,0.986,0.971,0,4.4505027059759525,1.4403037716615699
10.7,0.309,0.389,-0.805,0.144,0.779,0,2.4595888418037104,0.07099619771863117
35.04,-1.617,0.406,0.164,-0.303,0.787,0,3.584629432740137,-0.1543513174404015
56.18,0.256,-0.316,0.896,0.146,0.844,0,4.046204186894165,-0.05402341920374707
246.18,0.182,0.931,-0.192,0.472,0.806,0,5.510116816161589,0.5385196078431372
8.96,1.594,0.641,-0.541,0.423,0.829,0,2.298577071596507,0.3231740166865316
21.54,-0.953,0.452,-0.189,0.283,0.785,0,3.11529150861163,0.1609006289308176
166.77,-0.424,-0.037,-0.86,-0.011,0.986,0,5.122593993782309,0.0004086345381526104
80.4,0.42,-1.603,-1.285,-1.167,0.71,0,4.399375273008495,2.5981958333333335
94.58,-2.268,1.947,-1.989,0.03,0.752,0,4.559963593150012,0.07665354330708661
122.86,0.64,-1.008,0.171,-2.181,0.971,0,4.819151895509915,2.24102752293578
8.24,1.173,0.001,-1.595,0.629,0.815,0,2.2235418856535927,0.0007624242424242425
101.92,-0.21,-0.515,-0.77,-0.876,0.764,0,4.6339519874135435,0.5828682170542635
23.52,-0.356,-0.429,0.761,0.672,0.73,0,3.1994891110680106,-0.3895783783783784
158.83,-1.534,-0.594,1.251,0.294,0.926,0,5.074110750380562,-0.18657692307692306
192.62,-0.262,-0.041,-0.404,0.856,0.807,0,5.265897475291926,-0.04295716034271726
8.39,0.735,-0.328,-0.071,-0.358,0.709,0,2.2396452932201716,0.16331571627260083
44.4,-0.536,-0.708,-0.172,1.018,0.779,0,3.8155121050473024,-0.9134904942965778
80.65,-0.429,-0.638,-1.562,0.275,0.897,0,4.402441819416474,-0.19343991179713343
62.48,-0.334,-0.776,-0.873,-0.452,0.935,0,4.150724895658208,0.37116613756613753
126.26,2.926,-1.207,0.086,-0.684,0.929,0,4.846232237804646,0.8792204472843451
77.5,0.862,-1.208,0.685,-2.113,0.841,0,4.363098624788363,2.9994171562867216
45.79,0.611,0.348,1.906,0.109,0.948,0,3.845669504878125,0.03959498956158664
58.5,-0.374,0.389,0.449,-0.972,0.952,0,4.085976312551584,-0.39304365904365907
194.51,0.387,2.185,1.137,-0.839,0.854,0,5.275611529012399,-2.1217766203703703
84.71,0.424,-0.097,0.683,0.112,0.702,0,4.450969504910791,-0.015258426966292137
77.27,0.974,0.863,-0.149,-1.519,0.718,0,4.360164387816747,-1.8006826923076924
67.75,-0.474,-0.125,-1.06,-1.61,0.987,0,4.230476736546681,0.20185556670010033
24.81,0.292,0.027,-0.011,0.511,0.902,0,3.2507620137305224,0.01512828947368421
14.95,1.337,-0.255,1.899,0.05,0.916,0,2.7694588292308535,-0.01376889848812095
29.85,-0.113,1.053,0.413,-0.328,0.821,0,3.4291367503513968,-0.4156245487364621
122.94,-2.166,0.881,0.35,1.284,0.813,0,4.819797577533961,1.3744884568651279
14.87,-0.36,0.934,0.651,0.215,0.744,0,2.7644305345383176,0.26632625994694964
76.14,0.769,0.789,2.291,0.471,0.92,0,4.345621952780082,0.39959032258064514
161.32,-0.697,1.249,-0.056,-0.193,0.737,0,5.089569695517559,-0.3227001338688086
16.01,-0.135,-0.066,-0.486,0.215,0.759,0,2.8338014064077703,-0.01845253576072822
13.29,-0.097,-0.182,0.49,0.076,0.954,0,2.659559991941776,-0.014348547717842323
182.39,-0.554,-0.764,0.098,-0.747,0.772,0,5.211615032708743,0.7298056265984655
28.71,0.255,1.194,0.348,0.887,0.974,0,3.391483689474516,1.0762987804878048
33.08,1.653,0.829,0.937,-0.264,0.984,0,3.528710701961115,-0.22017706237424547
62.86,-0.606,-2.363,0.396,0.961,0.713,0,4.156693187286636,-3.140861687413554
71.41,-0.331,-2.028,-0.333,-1.115,0.767,0,4.28234441140073,2.91019305019305
40.05,-1.281,-1.004,0.633,-0.51,0.897,0,3.714790835898437,0.564542447629548
27.9,0.129,-2.364,0.996,0.072,0.81,0,3.3638415951183864,-0.20757073170731702
208.29,1.605,-0.382,-2.636,-0.889,0.886,0,5.343720850001886,0.379015625
251.09,-0.123,-0.986,0.018,-0.014,0.98,0,5.529786166608236,0.013943434343434345
60.37,0.182,-0.252,-1.003,1.36,0.957,0,4.116921116401006,-0.35441571871768357
321.43,1.982,1.744,0.699,-1.675,0.827,0,5.775886058412575,-3.4900836320191164
35.58,-0.055,-0.096,0.194,-1.392,0.874,0,3.5995016429627196,0.15116742081447965
84.73,-1.311,-1.862,-0.09,1.262,0.986,0,4.451202822690664,-2.359281124497992
54.23,-0.44,0.146,0.944,0.412,0.973,0,4.011506283913096,0.06119226856561545
508.38,0.576,-1.663,2.138,-1.651,0.746,0,6.233194299897871,3.6317632275132277
922.54,-3.66,5.766,-5.649,3.294,0.324,1,6.828214112182614,56.86588023952095
36.82,0.266,0.637,0.812,1.991,0.713,0,3.6328380632303117,1.7541728907330567
233.4,1.817,0.323,0.158,-0.532,0.922,0,5.457029057702858,-0.18437339055793991
133.13,-0.729,0.72,1.008,-1.122,0.798,0,4.898809478913999,-0.9998019801980197
296.92,-0.005,-0.953,-1.827,-0.755,0.887,0,5.696824994088702,0.8021348940914158
16.94,0.37,0.313,-1.397,-1.12,0.85,0,2.88703285663065,-0.4076279069767442
8.98,-0.335,0.311,0.975,-0.999,0.861,0,2.300583090323373,-0.35670378874856484
14.79,-0.082,0.743,0.008,1.741,0.875,0,2.7593768282675506,1.4616531073446328
35.65,0.199,-1.403,-2.068,-1.125,0.895,0,3.6014134283326604,1.744060773480663
104.69,-0.129,-0.362,-0.856,-0.187,0.768,0,4.6605102810212555,0.08701028277634962
9.51,-0.474,1.71,-1.237,0.392,0.927,0,2.3523271848888596,0.7153895410885805
270.14,1.757,0.775,-1.124,-1.542,0.913,0,5.602635292651243,-1.2947453954496209
228.37,1.232,0.548,-0.485,-0.553,0.854,0,5.4353364202061245,-0.3507453703703704
21.51,-1.404,0.91,0.589,0.557,0.834,0,3.113959654918641,0.6005568720379147
21.95,-0.389,0.103,0.529,-0.514,0.945,0,3.133317936506554,-0.05543664921465968
30.44,-1.129,-0.747,0.006,0.9,0.89,0,3.448080967561006,-0.747
50.64,-1.351,1.55,1.2,-1.43,0.871,0,3.944296565978442,-2.5158910329171396
34.54,-0.377,-1.007,1.812,-1.194,0.965,0,3.570658822726505,1.233187692307692
8.13,-0.727,-0.608,-2.799,0.091,0.911,0,2.211565694606877,-0.06007383279044516
28.6,0.941,0.232,0.243,0.164,0.768,0,3.3877743613300146,0.04890488431876607
23.71,1.323,0.735,0.206,0.6,0.981,0,3.2072080200005186,0.44500504540867813
40.92,0.595,-2.074,0.906,0.834,0.917,0,3.735763040012787,-1.8659288025889964
40.97,-2.217,0.353,0.04,-0.309,0.736,0,3.7369550773454994,-0.14621581769436998
12.09,0.019,0.583,-1.806,1.001,0.945,0,2.5718485799218085,0.61108167539267
43.1,0.644,-0.431,-0.079,-0.021,0.813,0,3.7864597824528,0.010997569866342649
95.34,-0.438,-1.582,0.124,-0.624,0.919,0,4.567883601202075,1.0626135629709366
50.33,-0.823,-0.16,-0.459,-0.396,0.84,0,3.9382753765722116,0.07454117647058824
69.04,0.644,2.427,1.079,0.047,0.76,0,4.249066507417651,0.14814155844155844
8.54,-1.173,1.305,0.937,-1.53,0.75,0,2.255493485460195,-2.627171052631579
50.29,-2.86,-1.229,0.105,0.58,0.931,0,3.937495801401177,-0.7575132837407014
52.84,1.029,-0.125,-0.253,0.383,0.758,0,3.9860166853364722,-0.062337239583333336
63.28,-0.295,0.666,1.315,0.96,0.926,0,4.163248540869312,0.683076923076923
75.54,0.424,-0.089,1.479,0.72,0.8,0,4.337813479997556,-0.0791111111111111
99.22,-0.86,-0.817,0.182,1.824,0.898,0,4.607367769531579,-1.6411982378854624
31.69,-1.203,2.118,-1.597,0.74,0.907,0,3.487069220736119,1.709182115594329
144.36,-0.877,-1.056,1.272,1.048,0.904,0,4.979213424087916,-1.2108183807439825
102.57,-1.536,-1.566,-0.671,-0.48,0.901,0,4.640247712600788,0.8251152579582876
13.31,1.115,-0.294,-0.815,0.813,0.895,0,2.6609585935683597,-0.2641127071823204
8.76,-0.332,0.34,-1.014,0.726,0.72,0,2.278292400425001,0.3381369863013699
60.83,0.531,-0.765,-0.721,-1.201,0.865,0,4.124388683570477,1.050017142857143
200.94,-1.752,3.389,-5.758,1.363,0.267,1,5.307970623576175,16.67583754512635
44.6,-1.974,-1.144,0.283,0.09,0.848,0,3.8199077165203406,-0.11999999999999998
373.34,-0.357,-1.138,-0.634,-0.289,0.825,0,5.9251644753507495,0.3938706586826347
40.08,-0.372,-0.689,-0.343,0.669,0.907,0,3.7155213850603572,-0.5026619411123228
85.48,-1.508,-0.421,1.228,-1.746,0.802,0,4.4599131733309525,0.9052536945812807
25.56,2.044,-0.975,1.084,-0.028,0.859,0,3.279406324608233,0.031415420023014964
60.71,0.195,0.376,0.535,0.457,0.858,0,4.122445992332976,0.197963133640553
73.72,-0.932,2.019,-0.7,0.322,0.979,0,4.313747793920587,0.6573488372093024
122.89,-1.452,1.037,-0.307,-1.149,0.892,0,4.819394075127647,-1.3209678492239465
90.37,1.47,-1.523,1.574,-0.301,0.858,0,4.514917197010529,0.5281370967741935
94.59,0.251,0.009,-0.014,-0.68,0.727,0,4.560068212075671,-0.00830393487109905
19.8,-1.068,-0.363,1.191,-1.397,0.855,0,3.0349529867072724,0.5862554913294797
148.7,0.781,0.833,0.928,0.022,0.963,0,5.008633291425583,0.018834532374100717
68.08,-1.041,-1.194,-0.465,0.288,0.985,0,4.235265253278478,-0.34559999999999996
116.6,1.921,0.048,2.0,0.515,0.937,0,4.767289035464526,0.02610348468848997
44.86,-0.243,0.251,-1.336,-1.509,0.934,0,3.8255932774297583,-0.40122775423728807
95.0,1.946,-0.809,1.464,1.314,0.924,0,4.564348191467836,-1.1381434689507495
48.85,0.944,1.142,2.167,1.101,0.99,0,3.9090184964078474,1.257342
24.09,-2.137,0.323,-1.567,0.151,0.714,0,3.222469360378331,0.06736602209944752
77.25,-1.028,-0.53,-0.337,-0.132,0.976,0,4.359908829420263,0.07095334685598378
78.97,-0.313,1.28,-0.038,0.924,0.866,0,4.381651564343798,1.35013698630137
62.53,0.467,1.635,-0.694,-0.447,0.876,0,4.1515122352784415,-0.8248814898419864
62.1,-0.213,-0.823,1.301,0.059,0.722,0,4.144720769547168,-0.06633469945355192
41.42,0.489,1.063,0.788,-0.479,0.843,0,3.7476199491365363,-0.5969249706916765
63.64,-0.945,-0.372,-0.059,-0.271,0.973,0,4.16883341421284,0.10255544252288913
179.31,2.801,0.491,-1.238,0.656,0.746,0,5.194677591788277,0.42605291005291
88.97,0.289,0.53,1.025,-1.776,0.79,0,4.499476281429027,-1.1765999999999999
605.93,0.648,1.41,1.888,-1.226,0.799,0,6.408413463157432,-2.1367861557478367
7.49,0.676,-0.165,-0.715,0.217,0.957,0,2.138889000323256,-0.037026887280248194
31.62,-0.81,-1.022,1.315,2.273,0.843,0,3.484925597192868,-2.7233364595545138
112.46,1.055,-0.686,0.508,-0.584,0.893,0,4.731450351898421,0.44365891472868213
102.71,2.076,-0.229,1.579,0.506,0.722,0,4.641598542601643,-0.1582978142076503
220.5,0.075,0.337,1.698,-0.132,0.795,0,5.40042258948519,-0.05525962732919255
62.78,-0.147,0.264,-0.762,-1.008,0.828,0,4.155439661581911,-0.3175560859188544
37.06,1.421,-1.482,0.789,0.879,0.936,0,3.6391638618680036,-1.3770380549682875
7.78,2.453,1.038,0.955,0.368,0.966,0,2.1724764076470255,0.39137704918032784
63.99,1.249,0.17,1.292,2.883,0.962,0,4.174233411906258,0.5042283950617285
137.63,-0.092,0.134,1.223,0.087,0.732,0,4.931808513550284,0.015711590296495957
139.56,0.489,-0.503,-1.226,0.448,0.837,0,4.945634443878841,-0.2660495867768595
102.36,-1.041,1.916,0.046,0.945,0.847,0,4.638218040034292,2.112742123687281
10.46,1.401,0.131,0.143,-1.489,0.77,0,2.4388627112865935,-0.250075641025641
126.2,1.12,0.202,0.291,0.773,0.91,0,4.845760650906022,0.16972391304347825
72.73,1.56,-1.217,-0.171,0.837,0.791,0,4.300409772001559,-1.271696629213483
46.8,-0.76,-0.115,-4.065,-1.114,0.871,0,3.86702563949741,0.14541430192962546
43.31,0.931,0.279,0.1,0.545,0.712,0,3.7912103852113983,0.21060249307479229
300.92,-0.998,1.253,0.093,0.918,0.903,0,5.71016208162024,1.2598619934282582
154.68,0.313,0.238,-0.063,0.483,0.976,0,5.047802618437695,0.1165862068965517
114.21,0.206,-0.487,0.61,0.281,0.808,0,4.746756550049962,-0.16729462102689485
79.74,0.036,-0.725,-0.518,0.56,0.853,0,4.391234115424795,-0.4704519119351101
24.39,0.03,-1.05,0.158,-0.762,0.709,0,3.234355395716587,1.1127955493741308
14.59,2.197,1.202,0.067,-0.432,0.943,0,2.7466296830696852,-0.5448730325288562
113.91,0.255,-1.015,-0.21,0.078,0.948,0,4.744149213269543,-0.08264091858037578
206.22,0.29,0.313,0.731,1.342,0.897,0,5.333781030823606,0.4631157662624035
144.56,-1.258,1.186,0.819,-0.256,0.705,0,4.980588372743959,-0.42463776223776223
107.0,0.03,0.066,-0.438,-1.748,0.791,0,4.68213122712422,-0.1440299625468165
31.58,-1.968,-1.113,1.141,0.486,0.786,0,3.4836986031738992,-0.6795452261306533
25.44,1.229,1.204,0.07,1.175,0.88,0,3.2748780149834857,1.5895505617977528
13.14,-1.474,-0.364,0.028,-1.685,0.936,0,2.6490076604684267,0.6483509513742072
120.75,1.011,2.334,0.417,-0.064,0.862,0,4.801969761962699,-0.171302752293578
29.9,0.559,-1.356,-0.24,0.011,0.941,0,3.4307561839036995,-0.01568454258675079
108.51,-0.537,0.201,0.574,-0.182,0.95,0,4.696015869287668,-0.03810625000000001
33.58,-0.178,-1.197,1.373,-1.086,0.98,0,3.5432754802551445,1.3130727272727274
43.33,0.455,0.17,-2.942,-0.703,0.796,0,3.7916616487569623,-0.14827543424317619
273.76,0.512,1.021,0.507,-0.729,0.911,0,5.61589798934568,-0.8081530944625406
52.05,-0.179,-0.095,0.51,1.237,0.791,0,3.971234865059992,-0.1467103620474407
20.21,-1.604,-0.296,0.568,-0.364,0.849,0,3.0544727685765913,0.12542956926658905
116.06,-0.102,-0.352,-1.36,-0.09,0.735,0,4.7626866238630745,0.042523489932885905
178.62,0.358,-0.118,0.231,-0.671,0.982,0,5.1908435082428035,0.07981653225806451
330.29,-1.245,-0.106,0.221,-0.169,0.964,0,5.8029941247271495,0.018392197125256672
84.58,0.773,0.857,1.005,0.497,0.899,0,4.449451610988671,0.46856875687568755
69.9,0.784,-0.845,-1.863,-0.241,0.933,0,4.2612704335380815,0.2159544008483563
106.41,-1.25,0.729,1.135,0.609,0.803,0,4.676653287609955,0.5460774907749077
266.98,-0.46,0.786,0.583,-0.327,0.98,0,5.590912350860462,-0.25961818181818186
11.21,2.542,-1.51,-0.232,-0.771,0.792,0,2.502255288122613,1.4516334164588527
70.28,1.269,1.005,0.267,-0.31,0.897,0,4.266615783162554,-0.3434950385887541
191.91,0.952,-0.122,-0.181,1.078,0.811,0,5.262223758899798,-0.16019001218026796
234.52,0.368,0.185,0.467,1.269,0.734,0,5.461795835540512,0.31554435483870963
34.29,0.274,-0.537,-0.911,0.994,0.786,0,3.5635996376871786,-0.670575376884422
58.79,0.847,-0.438,0.578,1.083,0.794,0,4.090838422892813,-0.5899925373134328
66.74,-1.964,-0.672,-0.057,1.2,0.941,0,4.215676847389625,-0.8479495268138801
14.45,0.291,2.617,-1.491,0.121,0.908,0,2.7376090033437546,0.3449422657952069
12.53,1.752,1.815,0.054,0.862,0.74,0,2.604909442182697,2.08604
77.28,0.014,-0.505,-0.063,-0.852,0.971,0,4.360292142527875,0.4385932721712538
113.13,0.704,0.31,1.635,2.192,0.978,0,4.737338149565509,0.6877732793522268
122.04,-0.405,0.97,2.115,0.996,0.793,0,4.812509505757334,1.2031382316313821
76.79,-0.558,-0.412,1.387,-0.731,0.966,0,4.354012888218683,0.308577868852459
57.02,-0.776,0.279,0.149,0.877,0.926,0,4.060787778693258,0.2614134615384615
139.47,0.201,-1.676,0.14,0.055,0.787,0,4.944993942842818,-0.11565872020075281
173.0,0.042,0.073,-0.713,-1.153,0.71,0,5.159055299214529,-0.11690138888888889
156.35,0.383,1.008,-0.625,-0.218,0.918,0,5.058472623510416,-0.23679310344827584
115.21,0.231,0.414,0.532,0.711,0.883,0,4.755398899234782,0.3296237402015677
52.33,0.274,0.73,-0.762,-0.186,0.784,0,3.9764990246125107,-0.17100755667506295
71.7,-0.901,-0.725,-1.279,0.106,0.932,0,4.286341384539473,-0.08158174097664543
61.3,-1.121,0.235,-0.88,-1.717,0.934,0,4.131961425793407,-0.4274311440677966
129.98,0.552,-1.316,0.084,0.597,0.903,0,4.875044639789907,-0.8605169769989047
142.41,0.965,1.067,0.105,0.499,0.885,0,4.965707660741121,0.5948972067039106
165.84,1.199,0.874,-0.632,-1.306,0.743,0,5.117035269328745,-1.515861885790173
64.9,0.083,-0.007,1.301,0.505,0.797,0,4.188138441508461,-0.004380421313506815
156.39,1.53,0.894,0.427,-1.807,0.884,0,5.05872680156351,-1.807
80.6,0.011,0.032,-0.517,-1.632,0.769,0,4.401829261970061,-0.0670397946084724
5.36,-0.562,1.659,1.079,-0.773,0.941,0,1.8500283773520307,-1.3484826498422715
319.58,-0.578,2.135,-1.02,-0.715,0.762,0,5.770131855197735,-1.9773639896373052
49.73,-0.538,-0.522,-0.902,1.328,0.833,0,3.9265174515785985,-0.822320284697509
18.68,-0.877,-0.21,-0.923,0.076,0.929,0,2.9796028916241073,-0.016996805111821084
76.07,-0.589,1.618,-0.807,-0.238,0.852,0,4.344714099789901,-0.44673317865429235
66.42,1.686,-0.224,0.515,0.683,0.742,0,4.2109417098059145,-0.20344680851063832
87.71,0.235,-0.506,-0.968,-0.311,0.95,0,4.485372622532496,0.16392291666666667
85.91,-0.254,-0.079,0.804,0.071,0.873,0,4.464873100449369,-0.0063522083805209505
307.87,0.203,-1.079,0.122,1.428,0.726,0,5.732920476399523,-2.0934945652173913
79.32,1.477,0.721,0.768,0.741,0.892,0,4.386018655943419,0.5923070953436806
25.66,1.385,-0.48,-1.929,0.366,0.765,0,3.2831643147505627,-0.22668387096774192
64.91,0.605,0.53,-1.466,1.889,0.797,0,4.188290175064629,1.2406071871127633
75.88,0.819,0.79,1.415,-0.624,0.812,0,4.342245764662037,-0.5997080291970802
199.63,-0.556,-0.865,-1.903,0.54,0.823,0,5.301462415692109,-0.5607442977190876
62.64,0.075,1.158,-1.307,-0.713,0.819,0,4.153242203469586,-0.9959638118214715
66.64,-0.534,0.347,-0.561,-1.298,0.805,0,4.21419952403038,-0.5526453987730061
47.26,-0.633,1.057,2.362,0.036,0.767,0,3.8766030601968855,0.04897297297297296
112.81,-2.092,1.852,-0.595,0.719,0.956,0,4.734530391293799,1.3784554865424432
74.99,0.954,0.278,0.388,1.213,0.918,0,4.330601752681694,0.36337715517241387
53.28,-0.708,0.077,0.629,-1.629,0.873,0,3.9941558349666684,-0.14205322763306907
725.57,1.451,7.945,-4.813,6.4,0.293,1,6.588334830743143,167.81518151815183
198.85,-1.659,-1.424,0.004,-0.495,0.933,0,5.297567085157333,0.7474867444326616
72.86,0.865,-0.696,0.925,-0.914,0.877,0,4.3021714094244174,0.7171860202931228
20.84,-0.815,-0.642,0.994,0.658,0.774,0,3.083743150876704,-0.5388214285714286
54.95,-0.735,1.942,0.967,1.424,0.733,0,4.024458434757935,3.7219488559892326
134.1,0.905,1.282,-0.48,-0.713,0.814,0,4.906015244966153,-1.1093033980582525
32.91,0.669,-0.596,0.932,1.967,0.766,0,3.523709956137547,-1.5107371134020617
1175.89,-2.677,3.166,-5.577,3.035,0.18,1,7.070630644948886,50.57268421052632
5.61,-1.146,0.9,-0.497,1.111,0.839,0,1.888583653863595,1.17773851590106
291.64,0.81,-0.943,-0.78,0.714,0.845,0,5.678943184642556,-0.7874877192982456
41.64,0.591,1.311,1.515,-0.13,0.768,0,3.752792779857589,-0.2190616966580977
124.08,-0.443,1.368,-0.04,0.16,0.885,0,4.82895353258964,0.24455865921787712
19.93,0.754,0.723,-1.211,1.0,0.842,0,3.0411835364579085,0.8485915492957746
14.95,-1.618,-0.179,-1.004,-0.449,0.767,0,2.7694588292308535,0.10343758043758043
11.77,0.06,0.827,0.793,-2.337,0.882,0,2.547098670044448,-2.1667029147982064
221.71,-0.56,-0.88,-0.062,0.231,0.707,0,5.405870476712758,-0.28351464435146445
18.58,0.378,-0.197,-2.524,-0.495,0.876,0,2.9745086371023644,0.11006207674943567
54.11,0.059,0.741,0.635,0.31,0.743,0,4.009331187895144,0.3050597609561753
27.19,-2.021,0.142,0.3,-0.048,0.745,0,3.338967305126021,-0.009027814569536422
71.16,-0.294,-0.65,0.665,0.041,0.813,0,4.278885875754368,-0.03238153098420414
10.7,-1.04,-0.328,0.583,-1.332,0.72,0,2.4595888418037104,0.5984876712328768
58.12,-1.332,1.865,1.254,-0.598,0.794,0,4.079569276639947,-1.3871517412935321
59.77,-1.592,-1.128,-0.034,-0.115,0.958,0,4.107096246147264,0.13400826446280992
104.66,0.278,-1.081,0.324,0.635,0.743,0,4.6602263917361695,-0.9116002656042497
177.01,-0.427,-1.846,1.184,0.088,0.97,0,5.181839728489342,-0.16576326530612245
230.62,-2.773,2.07,-0.479,2.439,0.971,0,5.445098097756231,5.14651376146789
28.39,0.377,-0.203,0.184,-0.709,0.898,0,3.380654480430826,0.15850991189427313
64.86,-0.899,0.533,-0.72,-0.168,0.858,0,4.187531276948218,-0.10316129032258066
99.17,0.746,0.071,2.695,-0.95,0.873,0,4.606868742623673,-0.07638731596828992
49.85,-0.382,0.41,1.716,0.424,0.962,0,3.928880122494569,0.1788477366255144
188.04,2.231,0.136,-0.708,-2.353,0.963,0,5.241958632878652,-0.3288879753340186
231.9,0.301,-2.236,0.325,1.46,0.988,0,5.450609176890295,-3.271102204408818
323.73,-2.127,5.405,-3.407,3.873,0.268,1,5.782994067818966,75.30059352517985
50.09,-0.239,-0.879,0.336,0.187,0.773,0,3.9335887833427066,-0.20992720306513407
42.3,0.468,-0.85,0.114,0.373,0.879,0,3.768152635008444,-0.35663667041619795
73.53,0.237,-0.425,1.658,1.048,0.961,0,4.311201728893603,-0.45870236869207004
135.25,0.027,0.162,-0.102,-0.975,0.928,0,4.914491433543353,-0.16839019189765458
7.39,0.009,1.757,-0.816,-0.271,0.912,0,2.127040520479115,-0.5164284164859002
37.91,0.83,-1.278,-2.018,0.866,0.886,0,3.661251286996462,-1.2352098214285714
31.89,-0.638,0.695,0.444,-0.536,0.905,0,3.4931686602009657,-0.40712568306010927
22.14,-0.693,1.109,-0.832,0.35,0.847,0,3.1415627217655304,0.4529171528588098
6.61,-0.701,-0.179,-2.562,-0.813,0.829,0,2.0294631718735947,0.1734529201430274
8.94,1.293,-0.698,1.414,-0.861,0.807,0,2.2965670206684825,0.7355911872705017
51.78,0.607,0.086,0.548,0.132,0.987,0,3.966132331075178,0.011386158475426279
61.27,2.152,-0.474,2.054,0.852,0.953,0,4.13147976888436,-0.41936448598130843
121.59,-3.196,-0.262,-0.67,2.112,0.833,0,4.808845454106903,-0.6563985765124556
6.4,-0.046,-1.307,-0.56,0.817,0.852,0,2.0014800002101243,-1.2387691415313224
40.96,-0.901,1.3,0.395,-1.52,0.942,0,3.7367167835280966,-2.0756302521008405
23.18,-0.304,0.145,-0.019,0.867,0.83,0,3.1855258451866466,0.14966071428571429
312.99,0.018,-1.083,1.467,2.962,0.865,0,5.749361138267365,-3.666109714285714
6.61,1.015,1.009,0.178,-0.976,0.865,0,2.0294631718735947,-1.1254674285714283
102.51,0.221,-0.723,0.058,-1.814,0.924,0,4.639668226395659,1.4041991434689507
108.95,0.23,-0.96,0.452,0.787,0.924,0,4.70002571700077,-0.8089079229122055
33.15,0.525,-0.274,-0.558,-0.179,0.874,0,3.530762586016799,0.055481900452488686
110.0,-2.662,6.303,-4.443,4.448,0.095,1,4.709530201312334,267.0070857142857
45.78,-0.43,1.428,0.634,0.407,0.856,0,3.845455761156033,0.6711270207852194
34.0,-1.33,-1.258,-1.146,-0.773,0.877,0,3.5553480614894135,1.0963179255918827
201.06,-0.943,-0.581,0.498,0.698,0.97,0,5.308564682999586,-0.4138142857142857
20.38,0.134,-1.147,-0.413,2.381,0.874,0,3.062455905596899,-3.08937443438914
21.91,2.121,-0.273,1.834,-0.688,0.831,0,3.1315734964654043,0.22333412604042807
39.5,-0.758,-1.67,-0.417,0.991,0.713,0,3.7013019741124933,-2.2890318118948825
372.68,-0.594,-0.376,1.371,-0.748,0.785,0,5.923399816193853,0.35377106918238993
77.67,-0.966,-0.213,1.209,-0.913,0.877,0,4.365261888341151,0.2192435174746336
15.84,0.433,-1.036,-0.522,1.087,0.873,0,2.8237570088141806,-1.2753476783691957
20.9,-0.518,1.403,0.58,0.881,0.94,0,3.086486636822455,1.3010978947368421
33.59,0.798,0.519,-0.283,0.163,0.865,0,3.5435646229490776,0.09668228571428572
52.64,-0.604,-0.335,-1.318,0.673,0.781,0,3.9822950584134778,-0.2850252844500632
199.24,-2.335,-0.712,0.46,0.251,0.707,0,5.299516647123519,-0.24924965132496513
55.54,-1.579,0.964,-1.44,-0.204,0.905,0,4.034948352265444,-0.2149245901639344
33.45,0.582,-0.357,0.691,-1.492,0.736,0,3.539508997459668,0.714
59.22,1.025,0.374,0.65,-0.553,0.768,0,4.0980045230535875,-0.2658380462724936
101.0,-0.974,-0.175,-0.935,0.71,0.751,0,4.624972813284271,-0.16327201051248355
42.71,-1.21,0.697,-2.544,-1.011,0.768,0,3.7775769088752233,-0.9057416452442159
9.69,1.403,-0.344,0.716,0.427,0.703,0,2.3693087250369538,-0.2060140252454418
293.47,-0.191,-1.659,-1.326,-1.343,0.944,0,5.685177130330632,2.3354685534591195
121.63,-0.879,-0.079,0.008,0.078,0.903,0,4.809171691773934,-0.006749178532311062
49.38,0.678,0.073,-0.519,-0.834,0.744,0,3.919594270924464,-0.08074535809018567
138.56,0.134,-1.899,-0.53,-0.109,0.978,0,4.9384946163185734,0.20950506072874495
264.66,0.968,-0.922,-1.486,0.445,0.776,0,5.582217295704357,-0.521997455470738
62.43,-1.672,-0.647,-0.084,1.389,0.89,0,4.149936935645806,-0.9985366666666666
144.42,-6.441,4.85,-2.992,4.098,0.358,1,4.979626107221911,54.008967391304346
42.17,0.349,0.154,-1.018,0.364,0.897,0,3.765145809567386,0.061803748621830204
14.42,0.049,1.084,-0.576,-0.149,0.81,0,2.7356653681351832,-0.19697073170731705
203.49,-0.022,-0.407,-0.164,0.671,0.824,0,5.320519074531723,-0.3274544364508393
78.45,-1.265,-0.141,0.05,-0.218,0.967,0,4.375127892982725,0.031461617195496415
14.56,-0.553,-1.232,-0.611,0.817,0.956,0,2.7447035187502458,-1.0419710144927536
9.8,0.093,0.676,-1.203,1.444,0.927,0,2.379546134130174,1.0417758804695838
20.49,-0.125,-0.54,0.433,0.601,0.85,0,3.067587710654419,-0.3773720930232558
77.16,0.624,1.145,0.532,-0.039,0.955,0,4.358758007734528,-0.04627461139896373
92.89,1.391,-1.511,-1.89,1.348,0.789,0,4.542123884270456,-2.5492215269086356
49.42,-1.752,1.802,0.878,-0.795,0.854,0,3.9203879217597737,-1.6580902777777777
10.96,0.859,-0.294,-0.786,1.135,0.972,0,2.481567748522486,-0.33980651731160894
11.77,-0.026,-0.192,0.592,-2.136,0.931,0,2.547098670044448,0.4358257173219979
162.07,-1.379,-1.941,-0.564,0.183,0.913,0,5.094179556473186,-0.3848353196099675
70.84,0.183,-1.399,-0.251,-1.299,0.932,0,4.274441423993944,1.9291942675159233
57.68,0.459,-0.721,0.592,-0.778,0.839,0,4.072098953274781,0.6607043580683157
56.4,0.458,0.772,1.718,0.341,0.88,0,4.050044303325521,0.29578876404494386
126.49,0.937,1.102,0.487,1.075,0.817,0,4.8480379301500305,1.4324667472793229
59.27,0.651,0.375,-0.875,-1.262,0.97,0,4.098834467494953,-0.4829081632653061
78.44,0.52,-1.02,-0.795,0.669,0.954,0,4.375002019736917,-0.7078630705394192
68.42,-0.323,0.74,-0.04,-0.723,0.778,0,4.24017501043364,-0.6789593908629441
111.77,0.074,0.177,-0.12,0.991,0.924,0,4.725350346244197,0.18780192719486077
162.4,0.068,1.856,1.465,0.919,0.773,0,5.096201182425903,2.1783703703703705
145.97,-0.049,0.636,1.052,0.892,0.892,0,4.990228484318593,0.6289490022172949
72.33,-0.136,1.013,0.891,0.444,0.74,0,4.294969802105708,0.5996959999999999
7.66,0.481,0.46,-0.708,0.401,0.894,0,2.1587147225743437,0.20404867256637169
191.92,-1.842,-1.586,-0.818,-0.112,0.959,0,5.262275595200771,0.18331475748194015
177.89,-0.765,0.646,1.192,1.334,0.961,0,5.1867710918031245,0.8875015447991762
156.01,0.337,1.084,-0.563,-0.152,0.897,0,5.0563094975874305,-0.18166262403528113
38.81,1.966,-0.349,-2.17,-0.955,0.77,0,3.684118137012226,0.427301282051282
44.6,-1.03,0.205,0.66,-2.064,0.855,0,3.8199077165203406,-0.48915606936416184
8.07,-1.067,0.236,-0.118,-0.449,0.881,0,2.2049722641270453,-0.1189270482603816
15.08,-0.763,-1.733,0.022,-1.239,0.725,0,2.77757626375082,2.9213428571428572
9.05,-1.646,0.13,-0.163,-0.866,0.965,0,2.307572634505085,-0.11546666666666666
114.48,0.24,0.204,-1.605,1.293,0.753,0,4.749097354794734,0.34570380078636953
103.64,-0.012,0.178,-0.039,1.793,0.825,0,4.650525887708889,0.38222035928143716
49.89,-2.299,0.08,0.544,0.362,0.956,0,3.9296664406007413,0.02997929606625259
26.96,-0.296,0.741,1.107,-0.931,0.788,0,3.3307749173656096,-0.8644999999999999
9.63,1.425,-0.813,1.098,-1.466,0.891,0,2.363680192353857,1.322816870144284
117.48,-0.156,0.917,-0.501,-0.923,0.825,0,4.774744169959543,-1.0136419161676649
111.37,0.677,1.109,0.806,0.599,0.927,0,4.721796997919811,0.7089551760939167
102.43,0.318,-0.04,-1.369,0.318,0.785,0,4.638895055389712,-0.016
105.53,-0.229,0.425,1.512,-1.159,0.796,0,4.668426635623106,-0.6111352357320099
183.23,-0.674,-0.918,-0.656,0.499,0.965,0,5.2161849770094175,-0.4698276923076924
44.0,-1.122,0.697,0.434,-1.508,0.863,0,3.8066624897703196,-1.2039816723940435
129.45,0.765,1.156,0.968,-0.126,0.881,0,4.870990011582737,-0.16347474747474744
398.14,0.725,-1.81,0.394,1.732,0.928,0,5.989312232539839,-3.342132196162047
33.24,1.773,0.689,1.025,-1.569,0.715,0,3.5333945512735414,-1.4910910344827586
13.89,-0.935,1.43,0.96,0.496,0.947,0,2.7006898466959175,0.7411494252873563
21.06,1.738,-0.102,0.699,0.673,0.766,0,3.0937660138253564,-0.08846134020618557
23.18,1.527,0.57,-0.68,-0.311,0.908,0,3.1855258451866466,-0.19310457516339866
210.31,-3.878,3.771,-3.791,1.549,0.193,1,5.353326249578836,28.774773399014773
6.77,-0.286,-0.55,-0.71,0.282,0.863,0,2.050270164379556,-0.1776632302405498
15.85,-0.553,-0.486,0.197,-0.498,0.834,0,2.8243506567983707,0.28676303317535545
156.14,1.047,-0.762,-0.784,-1.663,0.787,0,5.0571371277476755,1.589969887076537
12.11,0.077,0.697,0.625,1.136,0.849,0,2.5733752977756086,0.9217601862630964
12.99,-1.0,0.414,1.804,-1.196,0.927,0,2.63834278867739,-0.5284354322305229
103.2,-0.893,0.436,-0.36,-0.121,0.909,0,4.646312129319266,-0.05740587595212187
264.15,-0.393,-0.225,1.156,-0.079,0.86,0,5.580295703583139,0.02043103448275862
9.07,-2.122,-0.817,1.249,-0.145,0.891,0,2.309560706730471,0.1314816870144284
10.19,0.737,1.329,-0.451,-0.428,0.952,0,2.4150205223238337,-0.5912806652806653
51.26,0.057,2.166,-0.161,1.763,0.783,0,3.9562312600924665,4.815457755359394
43.38,-0.101,1.139,-0.477,-0.617,0.901,0,3.792788917504448,-0.7714193194291987
730.87,-4.689,2.668,-3.805,1.615,0.119,1,6.595602902560925,33.401705426356585
14.36,1.08,0.692,-2.281,0.016,0.825,0,2.731766727719526,0.013259880239520959
46.79,-0.503,-1.268,2.218,0.864,0.836,0,3.866816412590067,-1.2949787234042553
146.22,0.03,1.581,0.434,0.612,0.926,0,4.991928066630559,1.0337307692307691
271.28,-0.911,-0.916,0.261,0.373,0.969,0,5.60683094857975,-0.34899693564862105
10.54,-0.997,0.358,-1.222,0.014,0.737,0,2.4458192610799534,0.0067095046854083
6.04,-1.437,1.328,-0.311,-0.694,0.749,0,1.951608170169951,-1.2142714097496705
246.58,-1.146,-1.242,0.436,1.004,0.906,0,5.511733762103664,-1.3613187772925766
90.9,1.748,0.958,-0.503,0.169,0.763,0,4.520701029361642,0.20944631306597672
281.79,-2.257,0.638,0.149,1.595,0.704,0,5.64470457271829,1.4252240896358543
118.28,-0.743,0.516,-1.003,-0.11,0.875,0,4.781473670456483,-0.06413559322033899
45.01,1.053,-0.473,0.262,0.038,0.871,0,3.8288587641673772,-0.02040181611804767
9.84,-0.443,0.98,-0.211,2.391,0.98,0,2.3832429960115,2.3668484848484845
259.57,-0.078,0.113,0.528,0.837,0.979,0,5.562871539107794,0.0956329625884732
76.99,0.183,-0.779,-1.048,0.699,0.814,0,4.356580613342406,-0.6608264563106797
82.57,-1.435,-1.444,0.775,0.859,0.703,0,4.425684604013345,-1.7396858345021036
44.22,-0.976,2.206,-0.385,1.436,0.745,0,3.811539466849824,4.195782781456954
323.51,0.809,-0.958,-0.418,-0.872,0.828,0,5.782316352310308,0.9968687350835322
23.15,-1.199,-0.175,1.933,0.697,0.718,0,3.184284380098582,-0.1675480769230769
179.16,-0.557,-0.639,-0.401,2.071,0.845,0,5.193845344951326,-1.5478000000000003
16.66,0.465,1.215,-0.333,-0.963,0.935,0,2.8713021951758138,-1.238142857142857
76.41,-0.273,-0.839,0.11,-1.624,0.945,0,4.349115971216622,1.4267392670157069
53.72,0.875,-0.144,1.659,1.91,0.776,0,4.002229273314295,-0.3499236641221373
84.54,-1.88,1.383,0.245,1.636,0.834,0,4.448984102798763,2.680791469194313
22.38,1.029,-0.73,1.015,-0.123,0.743,0,3.1518809560439225,0.1192430278884462
65.35,0.251,2.193,0.388,-0.792,0.808,0,4.194943760778217,-2.1232958435207823
117.34,1.721,-1.275,0.273,1.526,0.856,0,4.773561837248548,-2.2467090069284064
12.85,1.157,-2.256,0.927,-0.088,0.963,0,2.6282852326333477,0.20403699897225075
151.67,1.442,-0.827,-1.387,-0.543,0.799,0,5.028278729268851,0.5550815822002472
11.26,-0.469,-2.008,-0.095,0.232,0.962,0,2.506341930508065,-0.4792757201646091
27.09,0.085,-1.382,-0.301,0.114,0.764,0,3.335413641116152,-0.20355038759689922
56.7,1.223,-0.972,-1.242,0.041,0.959,0,4.055257173514054,-0.04112693498452012
34.46,0.873,0.721,-0.002,0.553,0.879,0,3.5684053006460617,0.448496062992126
39.66,-0.405,1.97,1.125,-0.197,0.715,0,3.7052448082002005,-0.5352965517241379
186.62,0.021,1.184,-2.26,-0.16,0.988,0,5.234418640697805,-0.1898196392785571
15.02,1.701,0.845,-0.838,0.314,0.808,0,2.7738379416402132,0.3243643031784841
17.71,0.334,0.51,0.729,1.234,0.847,0,2.9290581402859983,0.7343523920653442
18.81,-0.85,-0.399,-0.754,0.499,0.904,0,2.9861868607104594,-0.21783479212253828
105.17,-1.105,-0.123,-1.133,-1.166,0.903,0,4.665041583025482,0.15708433734939758
15.26,0.519,0.654,0.592,-0.848,0.894,0,2.7887081041196646,-0.6134867256637168
122.2,-0.413,-0.375,-0.658,-1.292,0.93,0,4.81380905109942,0.5154255319148936
118.83,-0.926,-1.232,-0.937,0.11,0.886,0,4.786074071694426,-0.15125
38.43,1.068,0.424,0.81,0.059,0.76,0,3.674526947889536,0.032488311688311684
83.86,1.39,-0.487,-0.129,2.487,0.965,0,4.441002839774179,-1.2422246153846153
45.24,0.515,-1.333,-1.0,2.036,0.841,0,3.833845224364122,-3.18917508813161
277.66,-0.536,0.32,0.415,0.227,0.788,0,5.629992400685445,0.09102756892230578
120.11,-1.001,1.043,2.113,0.843,0.84,0,4.7966992235329595,1.034410588235294
154.22,0.266,0.253,-0.055,1.411,0.811,0,5.044843465425993,0.4348148599269184
156.31,-1.646,-0.064,-1.155,0.024,0.901,0,5.058218380834414,-0.0016860592755214051
39.8,0.684,0.66,1.072,0.391,0.92,0,3.708682081410116,0.2774838709677419
82.62,-0.135,0.605,-1.053,0.079,0.857,0,4.426282725928419,0.05512687427912341
85.3,-0.086,0.265,-0.021,0.232,0.947,0,4.457829598089382,0.06424242424242425
25.72,0.53,0.007,0.14,0.341,0.931,0,3.285412348668445,0.002536663124335813
21.5,0.78,1.465,0.318,-0.556,0.741,0,3.1135153092103742,-1.0846071904127832
58.6,0.727,-2.06,1.025,1.145,0.85,0,4.087655574071304,-2.7426744186046514
58.06,1.027,-0.29,-1.192,-0.838,0.916,0,4.078553876315777,0.26244060475161984
42.9,-0.449,0.905,-0.124,0.055,0.812,0,3.7819143200811256,0.060553527980535274
40.74,1.293,-0.156,0.301,1.806,0.705,0,3.7314599016490546,-0.39403636363636363
29.6,-0.128,-0.184,1.206,0.012,0.95,0,3.4210000089583352,-0.0023
86.4,0.0,0.788,-0.116,0.981,0.78,0,4.470495282661489,0.9785164556962026
215.96,0.074,-2.444,1.194,-1.255,0.989,0,5.3797130047520305,3.07029029029029
7.2,-1.069,-0.438,-1.793,0.468,0.739,0,2.1041341542702074,-0.2736769025367156
130.6,-0.678,-0.693,0.615,-1.594,0.891,0,4.879767018891217,1.2260177580466147
6.51,-0.409,-1.529,0.769,-0.336,0.928,0,2.0162354657760435,0.5477014925373134
88.57,1.266,-1.022,0.309,1.121,0.927,0,4.495020442487104,-1.2226915688367128
122.53,-1.783,0.681,-0.793,0.665,0.926,0,4.816484041548723,0.4838301282051283
143.76,-0.111,1.316,0.51,0.322,0.889,0,4.9750771986955415,0.4713592880978866
18.23,1.979,-1.39,0.73,0.856,0.981,0,2.9564715596006885,-1.200645812310797
15.37,1.726,0.726,0.011,0.423,0.941,0,2.7954503913830435,0.3229211356466877
52.38,-1.549,-0.488,0.446,1.171,0.978,0,3.9774361439763783,-0.5783886639676113
29.71,-0.014,-0.782,-0.211,-0.367,0.737,0,3.424588334452731,0.38419544846050874
26.57,-0.435,-1.716,0.3,0.675,0.879,0,3.3167282250357055,-1.3029246344206975
108.93,0.809,0.296,-1.763,0.28,0.955,0,4.699843799590773,0.08588601036269432
71.28,0.567,-0.13,1.958,0.848,0.952,0,4.280547465724028,-0.1145945945945946
132.13,0.061,0.017,-2.17,-0.915,0.927,0,4.8913260944438255,-0.0166008537886873
19.88,-1.652,-0.521,-0.649,0.117,0.743,0,3.038791763014438,-0.08095219123505977
121.42,-0.574,-0.68,-0.39,-0.051,0.801,0,4.807457755422924,0.04276202219482121
107.05,1.751,-1.234,0.955,-0.476,0.908,0,4.682594082952895,0.6398518518518519
41.64,0.082,0.043,-0.277,-0.581,0.834,0,3.752792779857589,-0.029600710900473927
63.58,-1.854,0.392,1.183,1.364,0.868,0,4.167904765330129,0.608984054669704
15.27,-2.193,-0.351,0.824,-0.017,0.839,0,2.7893229212309465,0.00702826855123675
6.2,1.283,-0.245,0.073,1.519,0.772,0,1.9740810260220096,-0.47590153452685413
58.18,1.368,1.016,-2.217,-0.13,0.936,0,4.080583646972063,-0.13961945031712472
63.06,-0.014,0.166,0.197,-0.466,0.714,0,4.159820144181012,-0.10684530386740333
29.51,1.297,-0.792,-0.485,-0.006,0.879,0,3.418054498728578,0.00534533183352081
50.06,-0.001,0.825,-0.957,0.712,0.921,0,3.9330014118133376,0.6309344790547797
113.49,1.905,-0.558,-0.187,-0.845,0.973,0,4.740487482935721,0.4796642929806715
53.67,0.61,1.641,0.49,0.001,0.738,0,4.001315112906908,0.0021938502673796794
197.39,-1.092,0.866,-0.156,0.889,0.936,0,5.29023479035468,0.8138202959830867
46.85,0.386,0.992,0.386,-0.925,0.755,0,3.8680711178989635,-1.1994771241830067
50.13,0.185,-1.463,0.294,-3.62,0.772,0,3.934371409091908,6.772455242966752
103.23,-0.954,1.372,0.32,0.846,0.907,0,4.646599995751231,1.2657709923664122
32.61,-0.137,0.118,1.49,-1.163,0.889,0,3.5148236417370144,-0.15265183537263624
172.33,-0.213,-1.094,-0.224,-0.818,0.704,0,5.155197291953219,1.2533501400560225
199.26,1.187,0.092,-0.677,-1.438,0.933,0,5.299616522279656,-0.14029268292682925
46.54,0.111,-0.18,1.699,-0.415,0.898,0,3.861571461932048,0.08226872246696033
17.36,0.42,-0.587,-0.798,1.447,0.722,0,2.9101743851923443,-1.1603674863387978
6.03,-0.433,-1.452,0.193,0.895,0.971,0,1.9501867058225735,-1.324709480122324
41.07,-1.047,0.628,-0.955,0.305,0.701,0,3.7393348976024297,0.2693952180028129
232.92,0.768,0.099,-1.235,-1.192,0.816,0,5.454979176561413,-0.14286682808716708
109.07,0.765,0.118,-1.004,-0.533,0.848,0,4.701116527035301,-0.07330303030303031
64.78,-0.317,-0.386,-1.638,-1.65,0.792,0,4.186315840760911,0.7941396508728179
18.67,-0.025,0.69,0.221,0.707,0.945,0,2.979094632400968,0.5108167539267016
199.26,-0.614,-0.071,-0.364,-1.267,0.734,0,5.299616522279656,0.12090994623655911
20.5,-1.974,-0.669,-2.481,-1.133,0.887,0,3.068052935133617,0.8450133779264214
240.25,0.021,1.181,-0.728,0.682,0.94,0,5.485833740219095,0.8478336842105265
223.88,-0.807,0.277,0.154,0.208,0.918,0,5.415566926598276,0.06208620689655172
8.18,-0.387,0.319,0.398,-1.431,0.777,0,2.217027204632399,-0.5800368487928844
97.04,-0.877,0.242,0.598,0.22,0.747,0,4.585375558659912,0.07033025099075296
82.26,-0.524,-2.05,-0.919,-1.342,0.708,0,4.421968241766829,3.831615598885794
344.39,0.013,2.356,0.76,-2.245,0.81,0,5.844674213353683,-6.450268292682926
42.92,-1.755,-0.282,0.229,-1.293,0.944,0,3.7823697972012753,0.3822075471698113
19.1,0.699,0.156,0.33,-0.037,0.786,0,3.0007198150650303,-0.007251256281407034
28.36,-1.323,1.499,-1.469,0.952,0.879,0,3.3796332037463146,1.605228346456693
32.42,0.972,1.152,-1.041,0.164,0.755,0,3.509154523167248,0.24696470588235292
34.05,0.044,0.814,-0.595,0.329,0.778,0,3.5567756134805992,0.33985532994923856
275.51,-0.908,-1.043,-0.324,-0.264,0.768,0,5.622246986673683,0.35392287917737786
92.39,2.159,-1.792,0.228,-0.285,0.927,0,4.536784273121627,0.5450586979722518
6.86,-0.648,-0.175,0.672,0.828,0.962,0,2.061786606441115,-0.14907407407407405
27.93,-1.33,-0.184,0.394,-2.283,0.715,0,3.3648791189880436,0.5794096551724138
111.66,1.27,0.167,0.48,-0.272,0.99,0,4.724374433466568,-0.045424000000000006
218.94,0.632,0.562,-1.307,0.311,0.896,0,5.393354781882788,0.192916114790287
111.03,0.027,0.322,0.915,-1.139,0.984,0,4.7187666925706315,-0.3689718309859155
21.58,0.474,-1.971,0.862,-0.385,0.713,0,3.1170645587215158,1.0495643153526972
52.62,-0.041,0.255,0.754,1.3,0.772,0,3.981922132807813,0.42391304347826086
65.17,1.306,-1.472,-0.422,-0.49,0.988,0,4.192227188023968,0.7227254509018035
123.89,0.012,-1.263,-1.312,-0.022,0.913,0,4.827433349874994,0.03010400866738894
43.17,-0.551,-1.028,1.672,0.47,0.84,0,3.7880458256084353,-0.5684235294117647
68.38,0.208,0.486,0.028,-0.362,0.882,0,4.239598641541604,-0.1972331838565022
449.67,1.246,0.466,-1.689,-0.869,0.834,0,6.110735364357151,-0.47980331753554506
18.5,0.949,-0.379,-0.253,-0.979,0.989,0,2.970414465569701,0.3714124124124124
21.18,0.761,1.233,-0.032,1.58,0.987,0,3.099190981922221,1.9540020060180543
8.81,-0.544,-1.397,0.804,-0.096,0.862,0,2.2834022735772717,0.15379816513761468
8.92,-1.584,-1.748,0.093,0.434,0.884,0,2.2945529212967815,-0.8485816554809843
111.18,0.635,1.27,0.49,-0.344,0.912,0,4.7201047240801906,-0.4738394793926247
120.11,-0.008,-1.2,-1.785,0.842,0.943,0,4.7966992235329595,-1.0602308499475341
127.17,0.88,-0.899,-1.877,0.516,0.747,0,4.853357507741733,-0.6127926023778072
197.29,1.198,0.352,-1.486,0.241,0.798,0,5.289730605610714,0.10499009900990097
45.84,-0.008,0.162,-0.099,0.438,0.708,0,3.8467375387295166,0.09882451253481896
26.59,-0.791,0.086,-0.485,-0.252,0.949,0,3.3174533882291946,-0.022598540145985398
81.01,0.292,0.624,0.01,0.488,0.885,0,4.40684119104832,0.3402368715083799
77.99,1.211,-0.055,1.145,0.549,0.928,0,4.369321262176328,-0.0321908315565032
23.02,-1.129,0.564,1.752,0.823,0.989,0,3.1788868166518376,0.46463663663663657
7.64,1.197,-0.378,0.481,0.698,0.96,0,2.1564025828159643,-0.2720041237113402
38.14,0.455,0.695,-1.03,1.276,0.81,0,3.66714496196793,1.0814878048780485
274.69,-0.094,-0.039,-0.829,1.189,0.909,0,5.619277046062537,-0.05045810663764962
109.53,1.513,0.19,-1.656,0.629,0.913,0,4.705286977322864,0.12947995666305526
80.61,1.082,0.134,-0.144,1.004,0.847,0,4.401951803481151,0.1569848308051342
50.68,0.946,-0.121,-0.382,0.295,0.877,0,3.945070859474346,-0.040242390078917695
472.36,1.349,0.451,-0.677,1.217,0.808,0,6.159856198368439,0.6709865525672373
114.45,2.799,-0.001,0.948,0.727,0.779,0,4.748837535800504,-0.0009214195183776932
18.49,0.068,-1.87,0.821,-1.896,0.716,0,2.9699015135194693,4.883636363636364
65.59,0.579,-2.204,-1.662,-0.597,0.962,0,4.198554416122531,1.3536913580246914
22.36,0.519,0.222,1.05,0.108,0.736,0,3.151025157960026,0.03213941018766756
62.87,-0.223,-0.02,-2.055,-0.89,0.894,0,4.1568497675734974,0.01969026548672566
241.81,-0.253,-0.607,-1.743,-2.175,0.925,0,5.492279244498667,1.4120053475935825
54.8,0.037,1.021,-1.177,0.283,0.764,0,4.021773869387265,0.37331136950904387
27.79,0.745,-0.12,-1.386,0.098,0.777,0,3.3600281046240843,-0.0149428208386277
46.19,-0.995,2.046,1.212,-2.015,0.77,0,3.8541820057382963,-5.285499999999999
11.99,-0.266,-0.664,0.747,0.943,0.877,0,2.5641798306825083,-0.7059210822998873
167.68,0.609,-0.344,-1.576,-1.603,0.818,0,5.128003428878359,0.6659806763285023
13.78,-1.283,-1.13,-0.378,0.864,0.736,0,2.6932749155200555,-1.3087399463806968
516.92,-3.43,1.808,-5.836,1.58,0.147,1,6.249820790177934,18.19515923566879
193.21,-0.158,0.806,-0.997,0.467,0.826,0,5.2689400478373605,0.4502416267942585
89.86,-1.563,-1.258,0.389,1.746,0.778,0,4.509319860331257,-2.787395939086294
622.41,1.705,0.845,0.879,0.465,0.703,0,6.435204408269707,0.5510869565217392
26.15,0.725,0.304,-0.8,1.713,0.805,0,3.3013770463799443,0.6389595092024539
118.83,0.648,1.461,0.419,-0.205,0.86,0,4.786074071694426,-0.3442586206896552
137.85,-0.628,-1.15,-2.931,1.973,0.918,0,4.933394213752808,-2.4449892241379305
33.15,-0.92,0.167,0.45,-1.239,0.822,0,3.530762586016799,-0.24869350961538467
189.28,0.553,1.455,0.74,-0.095,0.844,0,5.248496671564081,-0.16185597189695553
105.72,0.093,-0.164,-1.226,-1.336,0.734,0,4.670208582167313,0.294494623655914
18.5,-0.554,-1.014,-0.278,0.826,0.91,0,2.970414465569701,-0.9103956521739129
12.34,-0.506,2.545,1.508,-0.248,0.756,0,2.590767040487478,-0.8239686684073106
75.24,-0.214,-0.6,0.743,-0.93,0.842,0,4.333886259345946,0.6549295774647889
123.2,-0.869,0.032,0.737,0.52,0.962,0,4.821893169499378,0.01711934156378601
77.13,0.816,0.821,-0.276,-0.283,0.721,0,4.358374106008653,-0.3178426812585499
37.77,0.106,-0.006,1.655,-0.505,0.901,0,3.657646751682838,0.0033260153677277717
24.44,0.072,-0.686,0.782,-0.279,0.811,0,3.2363227384719213,0.23312302070645557
104.39,-0.581,0.128,1.358,-0.714,0.75,0,4.657667754945845,-0.12025263157894737
84.14,0.917,-0.652,0.619,0.67,0.852,0,4.444296960400006,-0.5067749419953597
33.46,-0.506,0.499,-0.874,-0.581,0.896,0,3.5397992310997837,-0.3199988962472406
103.52,-0.994,1.796,-2.582,0.215,0.871,0,4.649378440652412,0.43829738933030643
23.2,-0.262,-1.018,-0.737,-0.787,0.959,0,3.186352633162641,0.826796697626419
69.31,1.959,-0.171,0.299,1.186,0.742,0,4.25291403621107,-0.2696888297872341
208.67,-0.577,3.876,-4.539,1.655,0.324,1,5.345534866157148,19.205928143712573
55.62,0.463,-0.029,1.394,-1.645,0.882,0,4.036362279683754,0.053480941704035875
60.0,-0.05,-0.057,1.179,1.249,0.873,0,4.110873864173311,-0.08062627406568518
24.28,1.756,-0.643,-0.372,0.029,0.977,0,3.2300135692786567,-0.01889260385005066
163.37,0.694,-1.428,-3.113,0.215,0.819,0,5.102119984218434,-0.37034981905910735
158.46,-0.61,-0.167,1.598,-0.665,0.759,0,5.07179310707435,0.14441482444733422
93.38,-1.106,0.845,1.634,0.889,0.835,0,4.547329186298241,0.889
39.9,0.239,0.06,-1.92,-1.297,0.835,0,3.711130063048756,-0.09209467455621301
11.74,-1.934,0.6,-0.093,-1.043,0.701,0,2.5447466501440172,-0.880168776371308
48.67,0.194,-1.44,-0.052,-1.801,0.827,0,3.905401129119259,3.0984946236559137
31.64,-0.716,0.384,-0.019,2.1,0.836,0,3.4855385300959063,0.9531914893617022
63.48,-2.034,-1.196,3.385,-0.037,0.901,0,4.166355098198372,0.048575192096597136
110.57,-1.267,-1.793,0.642,-2.22,0.831,0,4.714652196605089,4.733008323424495
192.31,0.616,0.303,0.357,0.104,0.746,0,5.2642951179336,0.04168253968253968
9.58,0.282,0.046,-1.376,-0.394,0.851,0,2.3589654264301534,-0.02104994192799071
93.94,1.142,-0.983,-1.001,-1.203,0.808,0,4.553245113123172,1.445658924205379
47.65,0.233,-0.356,0.875,-0.31,0.969,0,3.884651808632014,0.11272727272727273
7.1,-2.403,0.444,-2.03,0.214,0.881,0,2.0918640616783932,0.10663973063973065
13.3,-1.444,0.778,0.038,-0.344,0.868,0,2.6602595372658615,-0.30482004555808656
52.27,-0.907,0.263,-0.949,3.777,0.718,0,3.9753733209289077,1.364493131868132
84.36,0.606,0.75,0.395,-0.324,0.799,0,4.446877606993498,-0.30037082818294186
253.9,-0.025,-0.785,-1.463,0.563,0.924,0,5.54087131138207,-0.4731852248394004
88.8,0.049,-0.216,-1.41,-0.04,0.989,0,4.497584975308154,0.008648648648648649
198.34,0.36,-1.82,1.069,-0.712,0.97,0,5.29501190953931,1.3222857142857143
42.78,-0.007,1.403,0.629,-0.148,0.848,0,3.779177092094717,-0.242009324009324
58.55,-1.18,0.852,0.49,-0.199,0.897,0,4.0868162958013095,-0.18693274531422271
153.95,0.328,-1.716,0.04,-1.243,0.812,0,5.043102484233757,2.5948759124087593
19.78,1.463,0.365,0.431,0.77,0.713,0,3.0339909856710814,0.3887275242047027
19.58,-0.875,-1.576,-1.754,0.231,0.931,0,3.0243197304059035,-0.38688204038257173
5.69,0.987,0.913,-0.831,1.355,0.858,0,1.900613874140137,1.4252476958525346
95.19,1.487,0.873,-0.23,-0.665,0.826,0,4.566325402164524,-0.6944318181818182
30.67,-0.237,-0.215,-0.113,-2.294,0.718,0,3.4553698605505483,0.6774862637362637
253.82,0.779,0.895,0.371,-1.169,0.854,0,5.540557413553235,-1.2109432870370371
348.72,0.474,1.551,-0.178,0.182,0.704,0,5.85713283431269,0.3953529411764706
104.61,-0.864,0.922,0.703,0.217,0.792,0,4.659753063758383,0.24946882793017455
25.81,-1.831,-0.695,0.709,0.396,0.928,0,3.2887749522478678,-0.29341151385927505
69.29,0.305,-0.577,-0.7,-0.232,0.944,0,4.252629541187814,0.14031865828092244
40.09,0.421,-0.32,-0.282,0.703,0.803,0,3.7157647828953184,-0.27670356703567034
78.66,-0.171,0.091,0.548,0.113,0.776,0,4.377767577753498,0.013082697201017813
208.57,-0.806,0.784,0.816,0.652,0.772,0,5.345057812431851,0.6536675191815857
111.96,-0.507,1.12,0.356,0.056,0.939,0,4.727033773744932,0.06609062170706008
53.66,-1.77,0.294,-0.067,-1.253,0.834,0,4.001132180499922,-0.4364715639810426
382.1,-3.318,5.151,-5.97,4.288,0.449,1,5.9482960517066035,48.120888888888885
130.98,-0.224,0.988,3.514,0.339,0.756,0,4.882650395955276,0.4372480417754569
104.41,0.215,-0.373,0.779,-1.426,0.902,0,4.657857508267098,0.5832214912280701
38.02,0.21,1.324,0.364,0.51,0.952,0,3.6640743351949654,0.701912681912682
6.73,-0.31,-0.194,0.964,-0.143,0.836,0,2.0451088625993306,0.032791962174940896
166.09,-1.18,-1.271,-0.172,0.916,0.929,0,5.118532589406052,-1.2398679446219383
27.95,0.101,0.606,-0.29,0.183,0.843,0,3.3655702040190043,0.13000937866354045
201.61,-0.525,-1.818,0.542,-0.772,0.754,0,5.31128294893806,1.8370366492146597
41.18,-0.23,2.098,0.352,-0.644,0.767,0,3.7419461750506287,-1.7388828828828826
50.5,-1.131,-1.29,0.27,0.447,0.982,0,3.9415818076696905,-0.5812802419354839
82.69,-0.766,-1.148,-1.155,-1.199,0.895,0,4.427119496044782,1.5209414364640883
69.32,-1.047,-0.342,0.203,-0.279,0.733,0,4.253056253376921,0.1284226110363392
114.5,-0.68,-0.182,0.327,1.282,0.768,0,4.749270529961848,-0.2999023136246787
196.31,0.831,1.0,-0.303,-0.146,0.949,0,5.284776095981369,-0.15224191866527634
37.0,0.074,-1.406,0.406,1.49,0.823,0,3.6375861597263857,-2.514933973589436
120.85,-0.697,1.898,1.567,0.467,0.924,0,4.8027907800712155,0.949
219.57,-1.712,-0.606,-1.094,1.812,0.872,0,5.396215104824496,-1.2449795918367346
51.3,-0.106,-1.198,0.987,0.629,0.843,0,3.9569963710708773,-0.8834021101992966
20.35,1.376,-0.41,1.68,-0.745,0.847,0,3.0610517396746335,0.35641773628938156
28.46,-1.461,0.125,0.005,-0.759,0.845,0,3.3830334110344844,-0.11096491228070175
109.32,0.864,0.929,1.761,-1.209,0.867,0,4.703385233485046,-1.280685290763968
51.53,0.581,0.126,-0.133,-0.311,0.784,0,3.9613844349658702,-0.04935264483627204
88.68,0.477,1.031,0.743,-0.071,0.941,0,4.496247778763904,-0.07697266035751839
63.8,0.582,1.755,-1.743,0.907,0.834,0,4.1713056033582285,1.8860011848341234
11.91,1.376,-1.002,2.116,1.106,0.754,0,2.558002204858551,-1.4505392670157071
106.02,-0.18,-0.358,-1.232,1.094,0.714,0,4.673015732883159,-0.5409558011049724
156.56,-0.404,-0.176,-0.125,-0.214,0.752,0,5.059806338102705,0.049427821522309706
131.53,1.018,-0.596,-0.029,-1.307,0.9,0,4.886809034892587,0.8560131868131866
94.72,0.716,0.17,-0.036,-1.562,0.956,0,4.561427263040173,-0.2748861283643893
11.89,-1.355,0.75,-0.181,-1.359,0.878,0,2.556451816951096,-1.147804054054054
29.29,0.874,-1.534,0.152,0.388,0.927,0,3.410817625039146,-0.6352102454642476
43.84,-0.345,-1.717,-0.195,1.368,0.946,0,3.8031005982039594,-2.456962343096235
386.59,-0.345,-1.047,0.628,0.258,0.982,0,5.959948079890189,-0.27230443548387095
63.43,-0.692,-0.6,0.728,-0.966,0.712,0,4.1655793631505516,0.8027700831024931
9.48,1.615,1.229,-1.144,1.476,0.934,0,2.349468678892896,1.921614406779661
69.83,0.133,-0.177,-0.281,-2.45,0.742,0,4.260282639765531,0.5766622340425532
176.93,0.927,-0.707,0.96,1.674,0.756,0,5.181390214518745,-1.5450626631853783
26.2,1.008,-0.468,1.317,-0.691,0.827,0,3.3032169733019514,0.3863655913978495
135.6,0.33,0.982,0.512,1.071,0.823,0,4.91705694713669,1.2625714285714287
27.0,0.063,-0.766,0.971,-0.512,0.923,0,3.332204510175204,0.42035584137191856
33.12,-1.045,-0.997,0.508,1.344,0.77,0,3.5298837226234783,-1.7179076923076924
68.41,0.685,-0.593,1.121,-0.38,0.811,0,4.2400309493514925,0.27447015834348354
152.74,-0.689,-1.918,-0.66,0.177,0.975,0,5.035262863920986,-0.34465583756345175
77.45,1.244,0.029,0.068,1.113,0.969,0,4.362461479179042,0.03296935648621042
10.69,0.231,-0.923,-0.522,-2.13,0.795,0,2.458733775483977,2.442223602484472
49.09,0.351,1.212,-0.941,-0.904,0.797,0,3.9138213873695253,-1.3576802973977693
162.52,0.257,0.743,-0.708,-0.689,0.95,0,5.09693530701534,-0.5332572916666666
195.57,-0.506,-1.554,0.487,0.601,0.936,0,5.281018601969707,-0.9872663847780125
67.1,-0.261,0.618,0.486,-0.799,0.856,0,4.220977213155467,-0.5701870669745959
168.89,0.975,-1.301,0.11,-0.461,0.908,0,5.135151168793823,0.653334422657952
44.1,0.195,-1.477,-0.497,0.939,0.773,0,3.8088822465086327,-1.7712681992337165
32.8,-0.147,0.469,-0.728,0.391,0.986,0,3.520460802488973,0.18411546184738956
84.62,-2.405,0.016,-0.251,0.39,0.783,0,4.4499189007168,0.007868852459016393
16.1,0.533,1.446,-1.325,0.513,0.889,0,2.8390784635086144,0.8251368186874304
128.26,1.153,-0.544,1.237,-0.724,0.71,0,4.86182587983475,0.5470222222222223
73.09,-0.462,-1.721,-1.972,1.177,0.733,0,4.3052805704285655,-2.7262678331090173
254.31,-1.799,0.25,-1.299,-0.849,0.875,0,5.542478493084716,-0.23983050847457626
230.99,-0.127,1.145,-0.29,1.23,0.773,0,5.446694267289054,1.7986590038314176
353.44,-1.069,-1.19,-0.138,0.003,0.809,0,5.8705390791791014,-0.004358974358974359
15.06,1.365,-0.394,-1.936,-1.743,0.861,0,2.7763317085186157,0.7884523536165328
79.08,-0.436,0.811,0.26,1.271,0.787,0,4.383026135006965,1.2933262233375156
34.73,1.319,-1.493,0.07,-0.045,0.867,0,3.5759906720353185,0.0766077537058153
219.7,-0.132,-0.381,-0.995,-0.166,0.821,0,5.396804313262691,0.0761083032490975
160.16,1.406,0.731,0.477,-0.162,0.906,0,5.082397660323147,-0.12928165938864628
51.57,0.794,-0.139,1.699,0.629,0.821,0,3.9621456148313565,-0.1052117930204573
26.52,0.727,1.508,2.361,0.026,0.76,0,3.314913013065143,0.05091948051948052
139.26,-0.887,-1.686,0.39,1.265,0.859,0,4.943497843108764,-2.4543037974683544
227.05,1.224,2.951,-0.832,-2.424,0.945,0,5.42956490315771,-7.490286910994764
84.87,-1.547,0.833,-0.337,0.337,0.715,0,4.452834524684393,0.3872013793103448
23.08,-0.919,-0.981,-1.105,0.668,0.896,0,3.1813816204406202,-0.7232980132450331
13.12,0.03,-1.18,0.076,0.237,0.896,0,2.647592232065096,-0.30867549668874167
88.38,-1.019,0.355,-2.217,0.851,0.828,0,4.492896943505305,0.3605071599045346
68.03,-0.339,-0.897,-0.342,-0.54,0.958,0,4.234541192715384,0.5003925619834712
61.03,-0.314,-0.987,-0.198,-0.253,0.715,0,4.127618138985026,0.3444289655172414
54.02,0.363,1.293,-1.269,0.451,0.8,0,4.007696755496428,0.7199296296296296
163.6,1.252,-0.061,-1.126,-1.272,0.918,0,5.103518288242969,0.08361206896551723
135.65,1.564,0.671,-0.099,0.482,0.707,0,4.917422912374077,0.45107670850767084
83.5,-0.549,-1.723,-0.742,-0.02,0.841,0,4.436751534363128,0.04049353701527615
52.23,0.921,1.343,-0.527,-0.565,0.773,0,3.974622147184666,-0.9690868454661556
21.76,1.143,1.629,-1.688,-0.811,0.964,0,3.1250046092581303,-1.3563850102669406
300.28,-1.863,-0.029,-0.488,0.359,0.922,0,5.708040064908842,-0.011170600858369099
150.26,-1.646,-0.026,-1.696,1.737,0.76,0,5.019000210427883,-0.05865194805194805
51.84,-0.544,0.208,0.733,1.3,0.718,0,3.9672684796541247,0.3714285714285714
289.32,0.063,-0.334,0.685,0.658,0.71,0,5.6709837629048145,-0.30523888888888895
206.36,0.119,0.81,-0.61,-0.024,0.863,0,5.33445641316391,-0.022268041237113404
49.76,-0.492,1.396,-0.656,0.302,0.739,0,3.927108642846187,0.5628731642189586
17.79,0.055,-0.602,0.48,1.277,0.867,0,2.933324813425374,-0.8765724059293044
102.02,-1.21,-1.406,1.139,-0.997,0.747,0,4.634923144137439,1.8517595772787316
6.11,0.616,0.134,1.319,0.51,0.895,0,1.9615022438151495,0.07551381215469614
63.48,0.823,0.555,-0.683,-1.147,0.765,0,4.166355098198372,-0.8214
56.15,-0.322,0.801,0.982,-0.342,0.849,0,4.04567939024082,-0.31890803259604195
70.17,-0.03,1.141,-0.579,0.254,0.752,0,4.26507138131118,0.38033333333333336
49.04,0.533,-0.006,0.068,-0.027,0.9,0,3.9128226855987105,0.00017802197802197802
47.43,0.249,-0.267,-1.309,1.403,0.845,0,3.880119456415138,-0.43812982456140354
205.21,-1.284,1.659,-0.365,-0.672,0.984,0,5.328895067012175,-1.1215774647887324
53.89,-0.169,-3.387,0.25,0.923,0.901,0,4.005331182561798,-3.431614709110867
46.93,0.875,0.469,-1.014,0.279,0.813,0,3.86974161317154,0.15899270959902795
306.81,0.891,-0.361,-0.272,-0.666,0.802,0,5.729482709506015,0.29609113300492607
9.5,-0.186,-0.231,0.924,1.503,0.887,0,2.3513752571634776,-0.3870602006688963
44.87,0.674,-0.893,-0.33,0.284,0.841,0,3.8258113086090804,-0.29801645123384257
29.31,0.526,-0.744,-1.48,0.199,0.79,0,3.4114776910697118,-0.18506999999999998
294.07,2.208,-0.713,-0.687,-0.2,0.816,0,5.687212616327036,0.17263922518159808
81.62,0.77,-0.471,-0.385,-1.01,0.736,0,4.414251781968619,0.6376809651474531
49.11,-0.542,-2.465,-1.734,0.337,0.852,0,3.914220588971633,-0.9636948955916473
65.46,0.925,-0.515,-1.984,0.54,0.975,0,4.196600262926448,-0.2823350253807107
163.53,-1.453,-0.807,0.886,0.294,0.795,0,5.103092924398559,-0.2947304347826087
49.41,0.212,0.336,1.504,-2.492,0.961,0,3.9201895680945396,-0.8623192584963956
73.18,-0.42,-1.597,-0.925,0.037,0.916,0,4.306494572061445,-0.06381101511879049
14.84,1.279,-0.399,1.22,-0.116,0.799,0,2.7625383863862796,0.057211372064276886
273.72,0.365,0.539,0.642,0.003,0.846,0,5.615752397149166,0.0018890186915887853
59.27,-1.97,-0.607,-2.391,1.699,0.711,0,4.098834467494953,-1.4303647711511789
30.64,0.417,-0.326,1.419,0.532,0.977,0,3.4544221428994533,-0.1757163120567376
92.8,-0.382,-1.24,0.961,-0.071,0.862,0,4.541164856012179,0.10096330275229357
34.37,0.041,1.7,0.269,-1.181,0.964,0,3.5658640032173894,-2.06129363449692
162.17,-1.79,1.264,-0.064,-0.866,0.918,0,5.094792602102979,-1.179551724137931
42.97,0.472,1.097,0.245,-0.837,0.734,0,3.7835075831927187,-1.234125
162.18,1.787,-0.391,0.804,1.084,0.739,0,5.094853886000654,-0.5658798397863819
64.27,-0.678,0.677,0.534,1.301,0.791,0,4.178532512647126,1.0995967540574283
113.49,1.444,-1.026,0.595,2.421,0.958,0,4.740487482935721,-2.5660599173553718
5.27,0.312,-1.779,-0.326,2.175,0.936,0,1.8357763546448294,-4.090195560253699
55.95,-0.957,-0.356,-0.216,1.951,0.788,0,4.0421736898931915,-0.8703709273182957
58.62,2.382,0.227,0.655,-1.607,0.988,0,4.087991088249925,-0.36552004008016037
186.0,0.258,0.019,-0.966,0.668,0.818,0,5.231108616854587,0.015328502415458939
39.61,1.212,-0.726,-0.493,0.09,0.954,0,3.7040143416982065,-0.06778008298755187
34.93,0.176,-1.507,-0.735,-0.843,0.877,0,3.581572601125427,1.4322446448703494
8.54,0.306,-2.368,1.025,-0.091,0.9,0,2.255493485460195,0.23679999999999998
32.7,-2.106,-1.576,2.129,0.146,0.863,0,3.517497837358316,-0.2635693012600229
11.12,-0.182,0.036,0.489,-0.198,0.788,0,2.4948569806411682,-0.008932330827067668
243.89,-0.821,-1.106,1.319,0.647,0.845,0,5.500809130131374,-0.8369380116959065
186.73,0.226,-0.178,1.157,-0.345,0.895,0,5.23500476033627,0.06785635359116021
21.45,-0.152,0.25,0.711,-0.579,0.731,0,3.1112906141882632,-0.19534412955465585
26.34,1.287,0.014,0.156,-1.156,0.906,0,3.3083508312958037,-0.017668122270742357
172.48,-0.835,1.923,0.337,-0.624,0.988,0,5.156062318967165,-1.2023567134268538
118.45,-0.003,-0.369,1.544,0.933,0.909,0,4.782897873771819,-0.37462132752992383
74.42,-1.038,0.776,0.547,-0.23,0.957,0,4.323072491830211,-0.18457083764219234
49.15,0.85,-1.422,1.816,1.143,0.908,0,3.9150185144079446,-1.7705294117647057
6.63,-0.282,-0.791,1.11,0.496,0.918,0,2.0320878452963655,-0.4227758620689655
149.37,1.215,0.856,-0.534,-0.592,0.784,0,5.013098923534229,-0.6382267002518891
319.69,0.356,2.29,-0.15,0.363,0.797,0,5.770474924423112,1.030074349442379
168.98,0.797,0.014,1.25,-0.945,0.84,0,5.13568078307048,-0.015564705882352942
88.78,0.521,0.005,-1.079,0.833,0.964,0,4.497362233353786,0.004276180698151951
34.6,-0.805,-0.26,-0.294,0.551,0.775,0,3.572345637857985,-0.18249681528662423
219.97,-0.37,0.315,0.198,0.129,0.723,0,5.398026945697014,0.05543656207366986
153.26,1.969,0.552,1.924,-0.07,0.71,0,5.038639490505853,-0.05366666666666668
127.27,-0.048,-0.505,0.302,-0.326,0.791,0,4.854137417311759,0.20553058676654182
56.45,1.466,-0.383,1.475,-0.096,0.721,0,4.050915004294764,0.05029822161422709
23.08,0.645,0.074,0.415,-1.009,0.816,0,3.1813816204406202,-0.09039467312348666
153.42,0.926,-1.461,-0.755,0.372,0.974,0,5.03967616288067,-0.5523292682926829
40.45,0.208,1.828,0.54,-0.433,0.937,0,3.724487881581304,-0.8358225976768743
47.87,-1.528,0.559,-1.116,1.109,0.945,0,3.8891637112820634,0.6491424083769634
25.83,0.037,-1.387,0.64,-0.721,0.77,0,3.2895206644375325,1.2820858974358973
109.34,0.242,0.039,-0.603,1.38,0.918,0,4.703566507844284,0.057995689655172405
271.82,0.034,-0.422,0.299,-1.456,0.835,0,5.608812237064974,0.7271384615384615
77.89,0.552,0.061,1.18,0.178,0.793,0,4.368054477106998,0.01352179327521793
54.0,-1.78,-0.238,1.37,-1.672,0.868,0,4.007333185232471,0.4532300683371298
91.0,-1.349,-1.085,-0.984,0.299,0.773,0,4.5217885770490405,-0.4143231162196679
8.66,-0.056,-0.094,-0.505,0.178,0.827,0,2.2679936482244267,-0.019990442054958184
212.66,-0.663,0.992,-0.221,0.552,0.721,0,5.364385966517741,0.7490889192886458
440.66,-0.1,1.085,1.233,1.198,0.756,0,6.090540355298669,1.6969060052219318
23.97,0.874,-0.065,-0.034,-0.695,0.885,0,3.217675104291682,0.05047486033519553
103.67,-0.119,-0.645,-0.69,0.133,0.739,0,4.650812543866793,-0.11453271028037383
97.62,-1.245,0.08,0.865,0.074,0.705,0,4.59127408079598,0.00827972027972028
92.46,-0.249,-1.13,-0.634,0.878,0.881,0,4.53753353727228,-1.1135129068462402
50.02,0.085,-1.586,0.503,0.45,0.945,0,3.9322177127136655,-0.7473298429319372
40.13,-0.62,0.632,-0.035,-0.284,0.888,0,3.716737782242333,-0.1998752783964365
107.84,-1.107,0.38,1.893,1.369,0.899,0,4.689878913915045,0.5722992299229923
47.51,0.93,-1.049,0.208,0.478,0.898,0,3.8817699622571253,-0.552226872246696
26.53,2.43,1.365,0.162,-0.281,0.74,0,3.315276319154516,-0.5114200000000001
87.79,-0.478,-1.962,0.435,-0.338,0.87,0,4.4862740310442355,0.7535863636363638
250.86,-1.011,0.2,-0.713,1.655,0.789,0,5.528873377577701,0.4142678347934919
19.22,-1.014,-1.1,0.03,-1.245,0.703,0,3.006672213592325,1.9207573632538573
35.44,-0.188,0.43,-0.424,-2.203,0.863,0,3.5956670723917576,-1.0850973654066438
145.59,0.279,-0.232,0.811,0.938,0.725,0,4.98763957430194,-0.2960761904761905
6.86,1.038,0.269,-1.376,0.405,0.726,0,2.061786606441115,0.14802309782608697
107.22,-0.802,0.543,-0.076,-0.39,0.869,0,4.684166192214589,-0.24092150170648466
109.06,0.435,1.218,0.33,-0.704,0.985,0,4.701025671631613,-0.861780904522613
205.6,-0.39,0.732,0.625,0.446,0.897,0,5.330784556685538,0.3599470782800441
29.52,-0.065,0.6,-0.83,1.966,0.727,0,3.4183822064162563,1.6005427408412483
119.62,0.646,0.858,0.634,-0.995,0.703,0,4.792645108022841,-1.1973492286115006
35.94,1.143,-0.345,-0.016,-2.209,0.975,0,3.609294974771094,0.7737106598984771
245.62,-0.464,-0.47,0.451,-0.525,0.702,0,5.507848690442384,0.34655898876404495
16.56,-1.622,0.244,-0.25,-0.729,0.78,0,2.8656235882069705,-0.22515949367088603
65.83,0.62,-0.183,-0.267,0.953,0.903,0,4.2021520815229785,-0.19101752464403066
12.82,-0.13,3.216,0.488,-1.141,0.871,0,2.626116818339524,-4.165103291713962
94.71,0.045,-0.437,-1.326,0.431,0.76,0,4.561322786207815,-0.2446064935064935
32.48,0.775,1.545,-0.476,0.806,0.964,0,3.5109482456212744,1.2785112936344971
120.72,-0.819,-0.212,-1.097,-1.223,0.755,0,4.80172332502877,0.3389228758169935
144.76,-0.915,-1.21,-1.514,-1.956,0.819,0,4.981961433511648,2.8549577804583834
64.56,0.471,0.464,-0.099,0.074,0.932,0,4.182965753875629,0.03645010615711252
15.89,0.214,1.302,1.533,1.502,0.919,0,2.826721730819709,2.1050635091496233
27.45,0.506,-0.649,-0.886,-0.377,0.791,0,3.34814816057234,0.3054594257178527
42.75,0.497,0.033,0.028,0.927,0.963,0,3.7784916128036232,0.0314398766700925
49.03,-0.739,-0.745,0.014,2.121,0.891,0,3.912622825500114,-1.7537680355160932
103.48,-1.372,0.145,0.821,2.085,0.87,0,4.648995665528121,0.3435511363636363
35.62,1.064,0.452,-1.35,0.253,0.898,0,3.6005945392463645,0.12594273127753303
240.88,-0.685,-0.809,0.456,-0.676,0.818,0,5.488441735405012,0.6604879227053141
10.5,0.16,1.039,-1.196,-1.295,0.784,0,2.4423470353692043,-1.6945906801007553
56.67,0.587,-1.994,0.707,1.109,0.785,0,4.0547371076273215,-2.7815672955974837
68.95,0.106,-0.797,-1.202,0.579,0.916,0,4.24778070111149,-0.4983401727861771
93.33,-0.285,0.172,1.665,2.095,0.813,0,4.546799272661762,0.4378371810449575
163.23,0.007,-0.178,0.706,-0.82,0.712,0,5.101267884349469,0.20216066481994457
156.4,0.321,0.326,0.384,-1.022,0.704,0,5.058790335983303,-0.4666274509803922
165.11,0.247,1.769,-0.457,0.26,0.853,0,5.112650219502986,0.532954808806489
34.26,0.217,0.116,0.73,-0.279,0.794,0,3.562749176969724,-0.04025373134328358
117.18,1.443,0.213,-0.072,-1.432,0.876,0,4.772208885917529,-0.3442618510158013
19.84,-0.717,0.995,0.287,-1.425,0.819,0,3.0368742168851663,-1.7103437876960195
219.99,-0.046,1.045,-1.394,-1.125,0.778,0,5.398117451625214,-1.4919098984771573
71.85,-0.607,0.978,-0.109,-1.374,0.72,0,4.288402532641213,-1.840783561643836
107.7,-0.702,3.556,0.575,-0.283,0.726,0,4.688591794127164,-1.3673206521739132
178.3,0.898,-0.291,-0.518,0.299,0.941,0,5.189060380611087,-0.09149211356466876
102.43,1.424,1.188,0.857,0.959,0.891,0,4.638895055389712,1.2644750277469479
128.54,-1.585,0.498,1.377,-0.803,0.824,0,4.863989713754771,-0.4794892086330936
7.14,0.19,-0.555,0.057,0.513,0.847,0,2.096790180014449,-0.33222287047841315
37.57,-0.383,-1.707,0.564,0.311,0.972,0,3.6524747722201365,-0.5406079429735234
86.8,0.321,-0.738,0.723,0.894,0.976,0,4.475061500641071,-0.6691399594320487
118.9,-1.086,0.881,-0.284,0.613,0.738,0,4.786658062033468,0.7219959893048128
153.97,0.539,-0.333,1.08,1.245,0.806,0,5.043231549799244,-0.5080698529411765
10.21,-0.374,0.375,1.31,-1.668,0.84,0,2.4168062370840686,-0.7358823529411764
23.83,0.186,-0.941,0.181,-0.741,0.947,0,3.2120525995200753,0.7286112852664577
9.17,-0.447,1.27,-0.343,-0.361,0.966,0,2.3194422100604686,-0.4697438524590164
14.96,0.132,1.092,-0.043,-0.558,0.937,0,2.7700855920216627,-0.6434382259767688
115.11,1.145,-0.036,0.475,0.79,0.937,0,4.7545380176389145,-0.030031678986272438
71.71,0.651,1.883,0.918,-1.927,0.775,0,4.286478926661966,-4.622345222929936
54.33,-0.639,-0.371,0.869,-0.44,0.811,0,4.013315256910018,0.19883069427527403
122.16,-0.288,-1.24,1.445,1.578,0.762,0,4.8134843230563,-2.5346113989637304
59.68,-0.208,0.232,-0.635,2.351,0.825,0,4.105614154480332,0.6532119760479043
77.35,-1.154,0.459,-1.072,0.183,0.705,0,4.36118596880203,0.11747832167832169
89.63,1.019,1.807,0.396,-1.212,0.716,0,4.50678528406669,-3.0166446280991734
84.87,1.992,0.693,0.403,0.65,0.722,0,4.452834524684393,0.6153688524590164
9.27,-0.038,1.252,-0.571,0.96,0.815,0,2.329227023940467,1.456872727272727
107.39,0.338,0.417,-1.075,-1.369,0.713,0,4.685735833827659,-0.7895892116182572
6.35,-0.916,-0.052,0.419,-0.37,0.866,0,1.9947003132247452,0.021963470319634703
90.35,0.453,-0.43,0.07,1.102,0.965,0,4.514698282824016,-0.48601025641025647
163.37,0.92,0.909,-0.304,-0.523,0.719,0,5.102119984218434,-0.6521358024691358
5.74,-1.427,0.529,-1.519,-0.016,0.985,0,1.9080599249242156,-0.008506532663316585
164.72,-0.42,0.222,1.166,1.354,0.763,0,5.1102996172092015,0.3888589909443726
125.76,-0.022,-0.874,-0.654,0.482,0.799,0,4.84229553482272,-0.5207268232385661
19.88,-1.07,0.658,-0.361,-2.216,0.875,0,3.038791763014438,-1.6476022598870057
98.89,-2.015,0.735,1.523,-0.186,0.718,0,4.604069580544058,-0.18778846153846154
108.86,0.52,1.033,-1.191,-0.706,0.979,0,4.699206827914474,-0.7374095045500505
94.62,0.407,-0.193,-0.882,0.985,0.81,0,4.560382003197957,-0.23183536585365852
23.91,0.018,0.485,-0.292,0.753,0.95,0,3.215269329274089,0.380421875
9.71,1.251,-0.623,0.392,0.246,0.789,0,2.3711778844596574,-0.19181226533166457
58.25,0.354,0.464,1.087,-0.335,0.714,0,4.081765780015241,-0.21469613259668513
134.5,-0.667,-0.915,-2.998,-0.405,0.851,0,4.908971640319756,0.43040069686411153
71.89,-0.992,-0.515,-0.521,1.399,0.847,0,4.2889514553941215,-0.840705950991832
92.96,0.264,0.52,-0.016,0.282,0.981,0,4.542869159790712,0.14797174571140262
72.37,-2.002,-0.479,-1.183,0.69,0.73,0,4.295515132725903,-0.4466351351351351
7.35,-0.786,-1.565,-1.788,0.449,0.985,0,2.122261538862764,-0.70621608040201
34.32,-0.929,-0.138,1.583,0.375,0.757,0,3.564449375735759,-0.06747066492829205
43.99,0.435,-0.129,0.579,-2.384,0.803,0,3.806440242853081,0.3782730627306273
82.07,-0.484,1.39,-2.234,-0.087,0.986,0,4.41968362585098,-0.12141566265060239
109.57,-0.275,-0.029,0.356,0.015,0.852,0,4.70564880455431,-0.0005046403712296983
22.12,-0.018,-0.06,2.086,1.337,0.856,0,3.1406980438041767,-0.09263279445727483
109.36,1.785,-0.856,-0.359,-0.58,0.942,0,4.703747749349085,0.5215126050420168
203.97,-0.496,0.041,0.204,0.431,0.82,0,5.322863626966037,0.021290361445783133
82.54,-1.205,-2.442,-0.842,-0.444,0.764,0,4.425325559069029,1.4008372093023256
5.96,-0.698,-1.139,0.089,-0.387,0.865,0,1.9401794743463283,0.5037634285714285
13.68,-0.573,1.157,-0.164,-0.35,0.793,0,2.6864860231863696,-0.5042963885429639
67.96,1.214,0.785,-0.793,-1.131,0.789,0,4.233526626355437,-1.1111827284105131
43.3,-1.697,-1.442,-2.647,-0.364,0.94,0,3.7909846770510898,0.5525136842105264
58.17,0.987,-0.734,-0.248,1.103,0.894,0,4.080414656688602,-0.8955774336283184
10.15,-0.606,0.039,0.084,-0.349,0.788,0,2.411439497906128,-0.017056390977443606
120.33,0.115,1.784,0.311,-0.797,0.877,0,4.798514106063782,-1.6029853438556934
66.62,0.039,0.794,0.005,0.275,0.734,0,4.21390379727974,0.29348118279569896
59.04,0.374,-1.223,-0.312,1.912,0.728,0,4.095011006765261,-3.1685311653116535
58.75,0.241,-0.554,0.109,-1.177,0.865,0,4.09016919081162,0.745209142857143
222.36,-1.002,0.36,1.935,-0.796,0.903,0,5.408784819574008,-0.31386637458926614
174.01,0.403,0.9,-0.277,0.152,0.712,0,5.164843115148066,0.18947368421052632
14.12,0.098,-0.856,0.459,-0.362,0.829,0,2.716018370751387,0.36933492252681765
106.08,-1.32,1.12,-0.744,-1.213,0.931,0,4.673576218652152,-1.4437407013815091
80.02,0.737,-0.572,0.129,-0.287,0.827,0,4.394696037774544,0.1961338112305854
116.7,0.099,0.169,-1.16,-0.193,0.934,0,4.768139014266231,-0.03455190677966102
57.49,0.195,-0.378,-0.145,-0.067,0.962,0,4.068855799454934,0.026055555555555557
61.09,0.979,-0.991,1.068,0.751,0.761,0,4.128584945376802,-0.9652931258106355
62.17,0.213,-0.354,0.555,0.647,0.801,0,4.145829504910609,-0.2824143033292231
104.63,2.138,0.895,0.714,1.916,0.948,0,4.659942421835071,1.79
84.97,0.17,0.841,1.162,1.059,0.986,0,4.453998398186353,0.89419578313253
11.64,-1.512,-0.414,1.172,0.498,0.98,0,2.5368663887187113,-0.20825454545454544
56.53,-1.104,0.786,0.371,0.085,0.986,0,4.052306550875202,0.06707831325301206
92.4,-0.179,0.231,-0.274,-0.324,0.822,0,4.536891345234797,-0.08995673076923079
80.7,-1.566,0.782,-1.22,-2.004,0.904,0,4.403054001865957,-1.714582056892779
97.45,-1.308,-1.795,-1.219,-0.7,0.833,0,4.589548805085134,1.4905100830367735
103.58,0.832,0.722,1.322,-0.626,0.702,0,4.649952328759984,-0.6347921348314607
60.1,0.538,1.216,2.178,-0.391,0.963,0,4.11251186617755,-0.48864953751284684
76.03,0.612,1.715,-0.108,-0.397,0.864,0,4.344194956364874,-0.7790102974828377
140.62,0.54,-0.073,0.927,-0.865,0.822,0,4.953147414223628,0.07589543269230768
61.57,-0.628,0.932,0.046,-0.924,0.853,0,4.136285930010272,-0.9978771726535343
140.61,1.694,0.857,0.188,1.835,0.747,0,4.953076800234967,2.0774042272126816
268.16,-1.101,5.288,-3.127,5.134,0.222,1,5.595305998320117,117.0197931034483
115.55,-0.189,-0.199,-0.186,-1.567,0.966,0,4.758320365481766,0.319501024590164
79.95,-0.681,-0.914,-0.136,0.785,0.87,0,4.393831680123644,-0.8153295454545455
57.37,-1.299,-0.571,1.134,0.968,0.78,0,4.0668020592157,-0.6996556962025314
137.26,-0.496,-0.856,-0.32,0.383,0.701,0,4.929135970517119,-0.46110829817158927
178.96,-0.861,-1.748,1.169,-0.18,0.798,0,5.192734603972972,0.38940594059405936
194.4,0.543,2.326,-1.143,-0.778,0.881,0,5.275048739608683,-2.0310078563411897
55.34,-0.018,0.887,-2.644,0.374,0.929,0,4.0314047624482265,0.3532886048988285
52.01,0.659,-0.42,1.58,1.672,0.877,0,3.9704805749997147,-0.7917023675310033
112.85,-0.277,0.232,-0.417,0.221,0.809,0,4.734881792509748,0.0626031746031746
10.53,2.144,0.311,-0.43,-1.1,0.97,0,2.4449523342809676,-0.34908163265306125
54.65,0.137,-0.054,0.426,0.394,0.704,0,4.019082077721554,-0.029798319327731092
267.17,0.705,0.732,-0.089,-0.139,0.979,0,5.591621107767871,-0.10287967644084935
64.03,1.121,-0.337,-0.164,-0.813,0.809,0,4.174848701881061,0.33453113553113545
41.6,-1.004,-0.666,0.46,-1.071,0.967,0,3.751854253275325,0.7300777891504606
65.44,-0.83,-0.492,-1.32,-0.953,0.874,0,4.196299284745094,0.5304027149321267
131.92,2.15,-0.737,1.508,-0.729,0.866,0,4.889747443486393,0.6133253424657534
61.68,-0.835,1.587,-0.032,-1.077,0.851,0,4.13804241748782,-1.9851324041811846
24.17,-1.124,-0.296,-1.905,0.354,0.842,0,3.2256528091472245,-0.12298591549295773
26.62,-1.384,1.226,-2.11,-0.283,0.915,0,3.318540147981146,-0.3750897297297297
183.01,-1.247,-1.74,0.781,-0.124,0.901,0,5.214990103958283,0.23683863885839737
29.19,-0.563,-0.657,-0.867,-0.759,0.891,0,3.4075107437187473,0.5534550499445061
15.47,1.551,-1.397,-0.341,-0.164,0.724,0,2.8015405441895487,0.3121362397820164
16.44,0.465,0.988,-0.159,-0.637,0.781,0,2.8587664184808337,-0.795646017699115
78.34,-2.144,2.59,-0.808,-0.414,0.915,0,4.373742415086184,-1.1592
185.12,0.885,0.938,-1.442,1.269,0.923,0,5.226391626976448,1.2758006430868165
174.15,0.423,-2.232,-0.21,-0.967,0.805,0,5.165642749643496,2.6482748466257666
22.19,0.825,0.287,0.437,-0.446,0.78,0,3.1437211512674406,-0.16202784810126583
222.27,0.949,0.696,0.16,-0.801,0.938,0,5.4083818014103455,-0.5880759493670886
173.09,0.119,-0.476,-0.655,0.322,0.714,0,5.159572406870627,-0.21170165745856354
135.62,-0.858,-0.252,0.587,0.441,0.87,0,4.917203349303703,-0.12628636363636364
19.95,2.032,0.676,-0.275,1.307,0.736,0,3.0421386463681466,1.1843592493297588
244.12,2.199,0.863,-1.732,0.617,0.989,0,5.501747886552226,0.533004004004004
102.07,1.349,-2.064,0.937,-0.203,0.84,0,4.635408369048701,0.4929317647058824
152.44,0.343,0.36,0.714,0.447,0.812,0,5.033309611135128,0.19576642335766423
15.35,-0.007,1.23,0.484,-0.658,0.906,0,2.7942278973432626,-0.8835589519650655
24.37,-0.475,0.753,-0.056,1.46,0.912,0,3.2335673736111907,1.1923861171366594
45.82,0.983,-0.44,-0.878,1.928,0.882,0,3.846310462062765,-0.9510313901345291
16.13,0.345,0.01,0.781,-0.931,0.826,0,2.8408313123360287,-0.011136363636363637
94.83,-0.144,-1.438,1.046,1.888,0.864,0,4.562575788355671,-3.1063432494279173
86.16,-0.371,0.002,-0.323,-1.213,0.923,0,4.467745510076419,-0.00260021436227224
337.79,-0.295,0.909,-0.867,-2.281,0.89,0,5.825380446403688,-2.3038100000000004
30.69,-1.718,-0.472,-0.384,0.258,0.966,0,3.4560011737028296,-0.12477049180327869
196.84,0.235,0.4,-0.149,-0.945,0.738,0,5.287458623213161,-0.5053475935828877
378.84,0.901,-1.764,0.781,1.144,0.835,0,5.939750111421303,-2.388184615384615
84.04,-0.56,0.053,-0.021,0.835,0.952,0,4.443121734033692,0.0460031185031185
170.25,0.522,-0.352,-0.098,0.933,0.828,0,5.143124477142335,-0.3919045346062052
21.37,0.555,-1.067,-3.541,1.447,0.747,0,3.107720775502038,-2.039562747688243
62.99,0.92,-0.208,-1.035,0.37,0.714,0,4.158726821151369,-0.10629834254143647
70.66,-0.77,-1.026,0.736,-1.248,0.861,0,4.271932711876808,1.470089552238806
11.9,1.459,0.133,0.588,0.102,0.743,0,2.5572273113676265,0.01801593625498008
433.91,0.906,1.938,-0.438,0.014,0.972,0,6.075139113130916,0.027629327902240326
92.79,0.132,-0.544,-0.007,2.432,0.789,0,4.541058240520847,-1.6558297872340424
69.49,-0.395,0.013,-0.141,-0.068,0.961,0,4.255470855785784,-0.0009104016477857879
114.8,0.259,0.951,-1.495,-0.253,0.914,0,4.751864565138895,-0.2603928571428571
204.31,-0.652,-0.532,-0.842,0.977,0.822,0,5.324521032044673,-0.6247163461538462
46.23,0.419,0.543,-1.584,0.626,0.972,0,3.8550292839080256,0.3461486761710794
95.04,0.072,0.425,0.46,0.472,0.798,0,4.564764771353053,0.2482673267326732
287.61,-0.08,0.23,0.825,1.965,0.921,0,5.665076295774122,0.4854457572502685
175.96,1.215,0.396,-1.06,-0.733,0.825,0,5.17592371833397,-0.34762634730538927
101.25,0.57,-0.989,1.284,-0.46,0.711,0,4.627420794922911,0.6309847434119279
98.72,0.505,0.172,0.91,0.655,0.962,0,4.6023662586553575,0.11590534979423868
100.55,0.7,-0.397,-0.474,1.552,0.906,0,4.620551288026394,-0.672646288209607
176.92,-0.802,-1.788,-0.293,-0.453,0.956,0,5.1813340110622175,0.838472049689441
43.05,1.527,1.109,-0.606,0.538,0.788,0,3.7853253523821886,0.7476716791979949
55.56,-0.076,1.261,-0.335,0.833,0.928,0,4.0353020215883175,1.1198432835820893
26.52,-0.244,1.523,-0.313,-0.542,0.817,0,3.314913013065143,-0.9981451027811368
122.59,0.213,-0.57,0.924,1.297,0.921,0,4.8169696356016445,-0.7940816326530611
21.68,0.639,0.126,1.526,1.518,0.914,0,3.121483478859551,0.207
39.45,0.507,0.244,-0.232,-1.482,0.947,0,3.700066643504501,-0.37785579937304076
152.63,1.995,-0.674,-1.607,-1.179,0.825,0,5.034547114142568,0.9516718562874252
661.54,-1.454,4.211,-5.97,6.702,0.233,1,6.496080933396229,116.14041975308642
149.99,0.997,0.123,0.438,1.762,0.919,0,5.017213609456379,0.23328955866523143
8.32,-1.52,-0.359,0.029,0.334,0.892,0,2.2321626286975,-0.13293348115299333
32.78,-1.154,-1.25,-0.251,1.896,0.85,0,3.519868911379654,-2.755813953488372
81.2,-0.238,0.156,0.335,1.466,0.894,0,4.409155302062135,0.2529823008849557
38.73,-1.427,-0.481,-0.003,0.411,0.989,0,3.6821065698265074,-0.19788888888888886
62.2,0.04,-1.521,0.575,0.811,0.877,0,4.146304301152812,-1.3906775648252536
78.7,0.411,1.412,0.018,-1.45,0.906,0,4.378269585796169,-2.2351528384279473
131.55,0.001,-0.062,0.478,-0.338,0.744,0,4.886959932735035,0.027793103448275864
98.33,-0.81,-1.321,2.244,0.073,0.795,0,4.598447640227264,-0.11979254658385091
104.62,-0.182,0.551,1.471,-0.602,0.739,0,4.659847747278787,-0.44285981308411215
37.04,-0.121,-1.02,-1.437,0.259,0.708,0,3.6386382376771897,-0.3679387186629527
113.01,0.671,-1.139,-0.674,-0.1,0.837,0,4.736286163845628,0.1344746162927981
66.82,0.445,0.679,-0.712,-0.349,0.833,0,4.2168571366974925,-0.28110438908659546
358.15,1.699,0.103,0.861,0.45,0.763,0,5.88374012852081,0.05996119016817593
124.15,0.201,-0.066,-0.716,0.925,0.864,0,4.829513017877783,-0.06985125858123571
49.04,-2.219,-0.154,0.941,-1.188,0.926,0,3.9128226855987105,0.19546153846153844
181.05,0.327,-0.349,-0.465,-1.57,0.961,0,5.204281374621442,0.5642945417095778
56.52,-0.456,-0.406,1.59,-0.163,0.989,0,4.052132713412791,0.06624424424424424
136.61,0.352,0.536,-0.164,0.681,0.967,0,4.92442359727719,0.37360900716479023
11.69,0.989,0.904,1.015,-2.083,0.806,0,2.540814281726296,-2.307637254901961
23.55,-0.796,-0.72,0.89,0.107,0.965,0,3.2007118542405295,-0.07901538461538461
9.79,-0.137,-0.226,-0.4,-0.242,0.813,0,2.378619779270043,0.06645443499392467
80.32,1.274,2.294,1.267,-0.99,0.94,0,4.398391988760146,-2.3905894736842104
41.13,-0.249,-0.506,-0.101,-1.122,0.745,0,3.7407600759909254,0.7519629139072848
57.82,0.722,-0.844,0.052,-0.444,0.749,0,4.074481933125849,0.4937233201581028
5.08,0.382,0.822,0.286,-0.7,0.877,0,1.8050046959780757,-0.6487034949267192
59.5,0.949,-0.198,-0.574,-1.439,0.795,0,4.102643365036796,0.35394037267080747
130.37,1.054,0.827,1.353,0.759,0.966,0,4.878017769481417,0.6431280737704917
187.99,-0.21,0.016,0.025,-0.269,0.826,0,5.241694103606946,-0.005148325358851675
56.01,0.759,-0.181,0.96,-0.38,0.962,0,4.043226691043491,0.07076131687242798
63.83,1.555,-0.316,-1.0,1.213,0.73,0,4.171768459186905,-0.5179837837837838
31.15,-0.4,-0.719,0.774,-1.338,0.977,0,3.4704124506836282,0.9746930091185411
103.39,-0.599,1.587,0.898,-0.455,0.963,0,4.648133885420207,-0.7421223021582734
56.11,0.08,1.402,0.566,0.253,0.857,0,4.044979232676772,0.40911880046136095
64.46,-1.018,-1.094,-0.241,1.405,0.747,0,4.181439269073034,-2.0304755614266843
13.44,-2.464,-1.904,-0.4,2.12,0.742,0,2.67000213346468,-5.367659574468085
65.25,0.822,1.662,-0.639,0.454,0.973,0,4.193435464866331,0.7675971515768057
87.46,-0.459,0.629,0.838,0.714,0.815,0,4.482550472440181,0.5443709090909091
46.18,-0.689,0.267,0.559,-1.054,0.729,0,3.853970073979529,-0.380809201623816
308.44,0.324,0.946,0.668,-0.46,0.756,0,5.734764212264929,-0.5680939947780679
50.33,1.74,0.474,-1.612,1.227,0.925,0,3.9382753765722116,0.6220299465240642
94.64,-0.559,-0.419,-0.813,2.117,0.749,0,4.560591142590124,-1.16867325428195
38.58,-0.647,-0.325,1.556,0.277,0.867,0,3.6783239401744194,-0.10265108323831244
153.78,-0.18,-1.043,1.594,0.991,0.902,0,5.042004753842313,-1.133347587719298
115.97,-0.71,0.265,1.087,0.944,0.988,0,4.761917491662616,0.25066132264529056
105.48,0.157,1.975,0.533,1.322,0.723,0,4.667957174086856,3.562005457025921
115.27,0.969,0.734,0.346,-0.846,0.786,0,4.755915072680517,-0.7801055276381909
126.4,0.777,-1.097,-0.847,0.292,0.891,0,4.847331743138063,-0.35552053274139844
225.87,-0.527,1.113,0.139,0.193,0.721,0,5.424377166208769,0.2938563611491108
49.44,1.127,-0.643,1.697,-0.825,0.875,0,3.9207845110967185,0.599406779661017
320.75,-0.113,0.682,0.79,0.536,0.961,0,5.773774846476236,0.3764696189495366
11.0,-1.064,-1.171,-1.231,-0.244,0.844,0,2.4849066497880004,0.3345714285714286
97.51,2.101,-0.033,0.16,0.596,0.956,0,4.590158065867588,-0.020360248447204972
16.98,-0.291,0.227,-1.703,-0.889,0.87,0,2.8892600290434745,-0.22932159090909093
35.5,-1.363,1.412,0.356,0.959,0.762,0,3.597312260588446,1.754025906735751
39.82,-0.348,1.064,2.115,0.508,0.801,0,3.709172157381699,0.6664759556103576
34.59,-1.488,-0.129,-0.277,-0.137,0.788,0,3.5720646995221013,0.022146616541353383
37.87,0.094,0.484,-1.185,0.474,0.817,0,3.660222744864132,0.2774074969770254
70.76,1.576,0.702,0.956,-1.021,0.921,0,4.27332721775054,-0.769862513426423
116.21,-0.652,0.78,-0.138,-0.618,0.938,0,4.763967197735089,-0.5084810126582279
16.5,-0.303,-0.792,0.393,0.56,0.77,0,2.8622008809294686,-0.5686153846153847
67.96,-0.585,-0.844,1.731,0.118,0.727,0,4.233526626355437,-0.1351316146540027
34.92,-0.125,0.752,-1.83,0.23,0.929,0,3.581294243433999,0.18419595314164003
19.75,0.799,-0.696,-1.369,-0.304,0.889,0,3.0325462466767075,0.23535483870967738
117.17,-0.378,-0.635,-0.559,-1.298,0.921,0,4.772124265650924,0.8853168635875402
111.31,-0.387,-0.501,-0.698,-0.45,0.819,0,4.721262904974945,0.27195416164053077
11.64,0.786,0.683,-0.839,0.152,0.958,0,2.5368663887187113,0.10724793388429753
291.51,0.646,-0.94,0.141,1.214,0.794,0,5.678498854121702,-1.4193532338308457
60.35,-2.517,0.311,0.107,0.188,0.77,0,4.116595171156921,0.07495897435897436
79.87,-0.807,0.423,0.736,-0.257,0.864,0,4.392842927107731,-0.12438329519450801
25.79,0.051,-1.058,-1.984,0.571,0.883,0,3.2880286835565173,-0.6765039193729002
11.05,0.15,-1.147,0.418,-0.86,0.813,0,2.489064659936664,1.1985662211421628
48.39,-0.003,1.594,0.041,1.783,0.872,0,3.8997479745525334,3.2223378684807256
126.56,1.574,1.461,1.179,-1.884,0.725,0,4.848586842141857,-3.7449306122448984
42.78,1.171,-0.307,1.752,0.102,0.706,0,3.779177092094717,-0.04373463687150837
58.09,-0.185,0.269,-0.066,-0.465,0.904,0,4.079061705357583,-0.13685448577680526
56.51,1.998,-0.471,0.849,-0.828,0.744,0,4.051958845725663,0.5172254641909814
47.82,1.02,0.485,0.675,0.888,0.804,0,3.888140064964814,0.5290909090909091
16.09,0.445,-0.346,0.069,-0.8,0.888,0,2.8384934971274993,0.3082405345211581
110.41,1.237,0.659,-1.094,-0.48,0.759,0,4.713217090071225,-0.4113394018205461
6.02,-0.702,-0.257,1.058,-1.473,0.959,0,1.9487632180377197,0.390671826625387
160.56,-0.584,-0.394,-1.314,0.205,0.944,0,5.084876590695212,-0.08466457023060796
47.74,-0.275,0.459,0.115,-2.482,0.959,0,3.8865000481970604,-1.175684210526316
177.61,-1.435,0.384,0.338,-0.069,0.876,0,5.185204657916392,-0.029905191873589167
134.13,1.57,-2.46,1.734,-0.607,0.947,0,4.9062372780499945,1.5603134796238245
65.18,-2.115,-0.253,1.009,-0.617,0.907,0,4.192378302493466,0.17023009814612866
138.03,0.169,0.599,1.295,0.603,0.779,0,4.9346897371814515,0.4577908745247148
119.75,0.582,0.489,1.124,-1.158,0.788,0,4.793722292532682,-0.7096015037593983
119.19,2.341,-0.888,-1.167,-0.291,0.752,0,4.7890738239646975,0.3391181102362204
11.86,1.048,0.355,1.68,-0.3,0.746,0,2.554121718809473,-0.14087301587301587
31.94,-0.526,-1.397,-0.649,-1.21,0.911,0,3.494687724749494,1.8353637350705754
85.26,0.222,-0.674,0.744,-0.039,0.784,0,4.457365991219697,0.03310579345088161
115.09,-0.876,0.726,-0.02,0.927,0.897,0,4.754365752349944,0.7420088202866593
120.94,-2.68,1.433,-4.804,1.077,0.2,1,4.80352912047967,7.3492428571428565
91.97,-0.189,-0.005,-0.962,1.849,0.799,0,4.532276860467767,-0.011427688504326327
13.4,-0.689,-0.698,-0.109,0.703,0.712,0,2.667228206581955,-0.6796315789473684
17.7,0.16,-0.759,-0.006,-1.367,0.807,0,2.928523523860541,1.269954712362301
143.47,-0.452,-1.946,-0.507,1.682,0.93,0,4.97307187354129,-3.4820978723404252
97.12,0.117,-2.62,0.07,0.201,0.962,0,4.5861912193902885,-0.5417901234567902
21.74,0.896,-0.037,-0.772,-0.099,0.955,0,3.12412548832239,0.003795854922279793
29.67,-0.097,-0.99,0.567,-0.739,0.734,0,3.4232849781261603,0.9833467741935483
28.31,0.237,-1.371,0.032,1.08,0.717,0,3.377928754722801,-2.0366987620357633
75.44,-0.366,0.296,0.56,1.504,0.857,0,4.336506119372072,0.5134763552479815
29.39,0.185,-0.067,0.355,-0.23,0.868,0,3.414113606928702,0.017551252847380412
16.18,0.649,-0.047,1.059,-0.237,0.774,0,2.8437459165561094,0.014207908163265306
76.92,2.242,-0.228,-0.488,-0.266,0.781,0,4.3556826593342794,0.07667256637168142
37.92,0.041,0.114,0.224,-0.034,0.744,0,3.6615082573178044,-0.005140583554376659
59.94,-0.487,0.161,-0.539,0.292,0.741,0,4.109889773557563,0.06259920106524633
19.79,0.207,0.485,0.708,1.983,0.785,0,3.0344721018699214,1.209754716981132
87.44,-1.084,-0.275,-0.763,0.39,0.755,0,4.482324355989245,-0.14019607843137255
149.68,1.19,1.454,-1.812,-1.429,0.9,0,5.015158382823841,-2.2832593406593404
119.5,0.503,0.011,-0.103,0.537,0.938,0,4.791649752930709,0.006231012658227848
71.61,-0.681,0.018,0.89,0.164,0.926,0,4.285102653392156,0.0031538461538461533
136.18,-0.425,-1.021,-0.748,-1.084,0.868,0,4.921293932071175,1.2605512528473806
43.57,-1.886,1.861,-0.528,-0.278,0.959,0,3.7970609869584644,-0.5339091847265223
5.97,-1.515,0.385,-0.261,0.061,0.988,0,1.9416152247724325,0.02353206412825651
22.22,-0.787,0.481,-0.824,0.079,0.922,0,3.1450139762697455,0.040771459227467804
79.74,0.806,0.09,-0.008,0.313,0.769,0,4.391234115424795,0.03616174582798459
129.8,0.903,-0.937,0.456,0.541,0.779,0,4.873669439023098,-0.6424803548795944
48.65,-0.265,-2.63,-0.178,-1.248,0.848,0,3.9049983904911816,3.825454545454545
69.49,0.072,1.332,0.705,-1.164,0.931,0,4.255470855785784,-1.6476599362380446
37.7,-0.961,0.395,0.675,-0.261,0.964,0,3.655839600035736,-0.105847022587269
77.8,0.784,0.448,-0.013,0.587,0.863,0,4.366912996863833,0.3012325315005727
50.67,-0.133,-0.735,0.599,0.571,0.959,0,3.9448773422990935,-0.43311145510835913
9.49,-0.976,0.068,0.037,-0.028,0.844,0,2.3504224224082058,-0.002229508196721312
125.79,-0.13,-0.68,-0.825,0.392,0.794,0,4.842532174539857,-0.33154228855721396
10.67,0.198,0.064,0.135,0.131,0.867,0,2.4570214462984645,0.00955986316989738
67.08,1.229,-0.362,1.216,-1.054,0.937,0,4.220683484265119,0.4029017951425554
28.93,0.676,0.602,-0.59,-0.583,0.719,0,3.3988613218646075,-0.481434842249657
115.05,0.888,-0.277,-0.307,-1.626,0.885,0,4.754021132720446,0.5032424581005587
183.45,-2.286,0.445,-0.401,0.776,0.723,0,5.217378424042685,0.4711050477489768
55.05,1.729,1.572,-0.186,0.373,0.781,0,4.026244149518169,0.7412844500632111
54.36,1.318,-0.798,1.274,0.697,0.938,0,4.0138573113094145,-0.5867151898734178
222.91,0.287,-0.041,0.701,-0.93,0.855,0,5.411244185403247,0.04408092485549134
149.31,1.495,-0.122,0.143,0.264,0.925,0,5.012699828145135,-0.03444705882352941
10.91,0.576,1.811,-0.438,-0.128,0.807,0,2.477378383367209,-0.28373072215422274
63.73,-0.555,-0.49,2.638,0.258,0.77,0,4.170224772557419,-0.1620769230769231
80.25,-0.063,0.936,2.517,-0.684,0.824,0,4.3975308212098465,-0.767654676258993
38.59,-0.771,-0.762,0.908,0.343,0.895,0,3.678576561118039,-0.2888022099447514
43.3,1.893,-1.705,1.178,-0.17,0.788,0,3.7909846770510898,0.36322055137844617
44.52,-0.453,-0.522,0.147,2.146,0.767,0,3.8181517898180757,-1.4417142857142857
48.83,-0.33,1.042,-0.248,0.651,0.894,0,3.908617212293313,0.7503783185840708
294.06,1.587,-0.968,-1.041,-0.909,0.867,0,5.687178725489421,1.003320410490308
334.45,0.71,-0.076,-0.196,0.329,0.817,0,5.815472914008897,-0.030234582829504236
92.62,-0.92,0.041,2.032,-1.072,0.725,0,4.539244035871924,-0.05979863945578232
357.71,-2.903,0.484,-6.043,5.69,0.076,1,5.8825142625995985,32.022790697674424
64.85,-0.046,-0.063,0.561,-2.076,0.785,0,4.18737942818929,0.16451320754716983
32.47,0.629,-0.006,1.441,0.829,0.825,0,3.510649515223235,-0.005956886227544911
6.71,1.294,1.433,-0.096,-0.985,0.965,0,2.0425181875752383,-1.447697435897436
24.51,-2.101,-2.101,0.472,0.452,0.92,0,3.23907053215372,-1.021131182795699
43.66,-0.207,-0.588,1.171,1.039,0.98,0,3.799078246412012,-0.6171030303030303
56.38,0.644,2.175,-0.131,-1.18,0.858,0,4.049695810553219,-2.956797235023041
260.92,0.112,-0.031,-1.591,0.261,0.756,0,5.568039113622825,-0.01056266318537859
17.99,-0.398,-0.039,0.26,-0.029,0.894,0,2.9439125248241944,0.0012511061946902655
126.23,-0.073,-1.035,0.581,-0.315,0.753,0,4.845996472154609,0.4272935779816513
57.18,0.414,2.593,-0.506,0.623,0.809,0,4.063541653067055,1.9724529914529914
138.5,-2.425,0.696,0.079,0.311,0.948,0,4.93806460126142,0.2259457202505219
66.84,-0.098,2.171,0.698,1.011,0.987,0,4.2171519914836475,2.201485456369107
65.69,-1.69,-0.577,1.078,-0.067,0.712,0,4.200055016644215,0.05354432132963989
329.04,-1.125,-0.684,-0.692,-0.039,0.908,0,5.799213859236143,0.029058823529411765
44.53,0.208,-1.396,1.536,-0.046,0.914,0,3.818371449346691,0.06949783549783549
193.97,0.417,-0.344,0.331,-0.149,0.782,0,5.272845700574368,0.06471717171717171
227.29,-0.29,-1.462,-0.005,0.225,0.86,0,5.430616750561521,-0.3781034482758621
105.77,-0.725,-1.015,0.267,-0.745,0.752,0,4.670676988190211,0.9923556430446193
30.3,-0.329,0.736,-1.99,1.295,0.721,0,3.4436180975461075,1.3038577291381668
43.32,0.888,-0.206,-1.047,-1.522,0.927,0,3.7914360424390283,0.33461259338313765
125.94,-0.413,1.321,0.036,1.328,0.781,0,4.843714533878324,2.217810366624526
35.67,-0.514,-0.4,1.151,0.293,0.753,0,3.6019589820832345,-0.15360419397116645
202.15,-0.759,0.011,-0.428,-0.804,0.713,0,5.313944622433736,-0.012232365145228215
36.45,-0.766,-0.776,0.815,0.423,0.812,0,3.6230067099632284,-0.3993284671532846
182.17,-1.088,-0.574,1.027,-1.6,0.806,0,5.210414683372125,1.1254901960784314
99.98,0.78,-1.02,-0.595,-2.057,0.862,0,4.6149224774307696,2.406123853211009
103.52,0.634,-0.493,-0.931,0.777,0.983,0,4.649378440652412,-0.38576132930513596
97.91,-1.203,-0.167,-1.251,0.124,0.825,0,4.594210345751749,-0.024800000000000003
49.66,-0.86,0.615,-0.531,0.984,0.829,0,3.925136644573529,0.7212872467222885
130.79,-1.478,0.966,-1.542,-0.903,0.872,0,4.881209746655798,-0.989
39.37,0.572,1.618,-0.441,-0.824,0.764,0,3.6980869348648495,-1.7225219638242892
47.06,1.429,3.377,-0.724,0.593,0.974,0,3.872450230308323,2.0351229674796745
40.69,1.06,-1.143,-0.479,1.203,0.917,0,3.7302612918927056,-1.4833106796116504
187.91,0.51,0.608,1.158,0.754,0.984,0,5.241270711168761,0.46119919517102614
52.95,-0.067,-0.746,-0.052,-0.114,0.87,0,3.9880576917041437,0.0966409090909091
36.49,0.944,0.544,0.885,-0.176,0.723,0,3.6240742307478206,-0.1306193724420191
160.83,-0.514,0.949,-1.059,-1.093,0.935,0,5.0865464015287944,-1.0976264550264547
156.45,0.93,-1.71,-0.098,-1.13,0.99,0,5.059107947547034,1.9322999999999997
19.7,0.855,1.334,0.504,-0.558,0.787,0,3.0301337002713233,-0.9339673776662486
17.33,-0.841,-0.159,-0.751,-1.382,0.947,0,2.9085390618516134,0.2296112852664577
138.69,1.699,-0.433,-1.89,0.815,0.911,0,4.9394256817394595,-0.3831650380021715
102.79,1.471,1.486,-0.977,1.548,0.952,0,4.642369626977198,2.3911933471933473
20.05,-0.328,0.798,0.259,-0.973,0.809,0,3.0469005601283903,-0.948051282051282
148.66,1.859,-0.763,-1.004,-0.663,0.813,0,5.008366054652212,0.6146646415552856
84.34,0.913,1.832,-0.169,-0.393,0.74,0,4.446643277759854,-0.959968
68.43,2.648,0.67,-1.221,-0.807,0.751,0,4.240319050765182,-0.7104993429697768
71.88,-1.504,0.294,1.006,0.915,0.706,0,4.288814252951703,0.37571229050279326
47.82,0.052,0.992,-1.257,-0.777,0.771,0,3.888140064964814,-0.9869193341869398
13.93,-0.054,-0.025,0.674,-1.763,0.819,0,2.703372611551099,0.053166465621230403
33.19,0.864,-0.652,-0.041,0.128,0.711,0,3.5319332036512097,-0.11575034674063801
8.17,0.316,1.565,0.695,0.997,0.963,0,2.2159372862683733,1.6036022610483043
189.45,-0.127,1.474,0.072,-1.955,0.846,0,5.249389692924613,-3.3664369158878507
85.1,0.53,-1.069,2.197,-0.793,0.769,0,4.455509411433685,1.088211810012837
53.44,0.365,-0.282,-1.544,-0.068,0.712,0,3.9970991777832654,0.0265595567867036
100.73,-1.821,0.291,-1.268,0.889,0.938,0,4.622322244805657,0.2728892405063291
36.32,0.014,0.065,1.276,-0.815,0.89,0,3.619529375979143,-0.058861111111111114
23.36,-1.314,-0.799,-1.579,1.152,0.79,0,3.192942442841696,-1.1505599999999998
24.75,-1.29,-0.385,-0.143,0.826,0.81,0,3.248434627109745,-0.3878170731707317
27.36,1.423,1.041,-0.678,-0.049,0.966,0,3.344979701663927,-0.052263319672131145
338.93,1.968,-1.194,-1.921,-0.536,0.722,0,5.8287397140605846,0.8742950819672132
56.76,0.977,0.211,-0.604,-0.539,0.924,0,4.05629649458457,-0.12176552462526766
30.03,-0.473,-1.193,0.962,-0.276,0.879,0,3.434954478460289,0.3703802024746907
49.27,0.611,0.046,-0.212,-0.28,0.979,0,3.917408477704484,-0.013023255813953489
273.1,-0.301,-0.274,-0.59,-0.103,0.89,0,5.61349300330874,0.031357777777777776
11.86,-0.023,-0.7,-0.087,0.543,0.803,0,2.554121718809473,-0.4675276752767527
531.42,-2.256,0.578,-1.226,-0.459,0.849,0,6.277432651555427,-0.3088498253783469
54.11,-0.74,-0.5,0.091,-1.971,0.717,0,4.009331187895144,1.3555708390646493
19.19,0.062,0.648,0.174,-0.394,0.718,0,3.005187432324746,-0.35070329670329675
654.24,-2.362,6.459,-5.293,4.224,0.341,1,6.485001580736431,77.7288205128205
17.49,0.46,-0.167,0.519,0.003,0.726,0,2.9172300453990334,-0.0006807065217391305
60.19,0.172,-0.578,0.87,-0.843,0.748,0,4.113983777474449,0.6428153034300791
164.37,0.266,-0.058,-0.818,1.094,0.908,0,5.108185387662105,-0.06911982570806101
23.97,-1.698,-0.289,1.529,-0.275,0.921,0,3.217675104291682,0.08536519871106338
66.64,-0.143,0.259,0.605,-1.38,0.88,0,4.21419952403038,-0.40159550561797747
9.05,-1.596,1.37,0.756,0.607,0.86,0,2.307572634505085,0.9558505747126438
5.15,1.32,0.723,-0.23,-1.632,0.98,0,1.8164520818184267,-1.1918545454545453
35.09,-0.681,-0.652,0.619,0.081,0.877,0,3.586015818654697,-0.05954002254791432
35.72,1.329,1.476,-1.13,0.322,0.884,0,3.6033215657522897,0.5316241610738255
52.8,0.031,-0.37,-0.554,0.334,0.779,0,3.9852734671677386,-0.15662864385297845
76.9,1.397,0.471,1.389,1.711,0.965,0,4.355425952876702,0.8265446153846153
56.15,-0.576,-0.468,1.572,-0.739,0.712,0,4.04567939024082,0.47901939058171744
16.74,0.196,-0.908,-0.656,-0.505,0.872,0,2.8758219768814333,0.5198866213151927
126.77,0.842,-1.807,0.035,-0.382,0.725,0,4.850231772603232,0.9391482993197279
196.68,0.492,2.407,-2.391,0.399,0.836,0,5.286649561680354,1.1352163120567378
90.76,0.15,0.677,-2.156,0.266,0.885,0,4.5191764728211155,0.20120893854748606
55.18,-0.207,-0.71,0.847,0.488,0.888,0,4.0285608216760975,-0.3858351893095768
76.69,-0.585,1.719,1.877,-0.769,0.854,0,4.3527265489623295,-1.5299895833333335
9.78,-0.2,1.709,-0.864,0.245,0.863,0,2.377692565480851,0.4796162657502864
11.5,2.142,1.823,0.379,0.63,0.772,0,2.5257286443082556,1.4686572890025575
191.41,1.917,1.32,0.234,-0.217,0.97,0,5.259628511932925,-0.2922857142857143
131.79,-0.152,0.339,-0.035,1.14,0.748,0,4.888768933002236,0.5098416886543535
98.93,-1.147,0.991,-1.156,-0.349,0.756,0,4.604469940873698,-0.45151305483028714
47.21,0.31,-0.124,-0.638,2.085,0.836,0,3.875566468417531,-0.3056028368794326
49.96,-0.577,-1.358,2.258,2.247,0.921,0,3.931041011263908,-3.277578947368421
42.77,0.597,1.656,-0.107,0.432,0.961,0,3.778948651202804,0.7367579814624098
151.06,1.403,1.25,0.152,-0.943,0.796,0,5.0242751798002905,-1.4624689826302728
52.76,0.787,0.212,0.289,-0.025,0.872,0,3.984529696214894,-0.0060090702947845805
19.88,0.605,-0.868,-0.028,-0.648,0.743,0,3.038791763014438,0.7469641434262948
53.26,-0.268,1.627,-0.502,-0.681,0.807,0,3.9937873072307855,-1.3561652386780905
11.13,1.792,1.406,-0.143,-0.643,0.82,0,2.495681722955959,-1.0892265060240964
39.53,-1.975,0.74,1.336,-0.375,0.747,0,3.7020424406402173,-0.36657859973579915
87.05,-1.94,0.056,0.383,1.704,0.838,0,4.4779048349422155,0.11252830188679246
98.64,0.912,0.315,0.002,-0.037,0.762,0,4.60156369039398,-0.015097150259067356
13.41,1.657,0.215,1.742,-0.898,0.842,0,2.667922410011431,-0.22660798122065728
53.84,-0.836,-1.494,1.301,-1.336,0.734,0,4.004419854694114,2.6827741935483873
13.26,0.583,2.014,-1.15,-0.231,0.819,0,2.65745841498615,-0.5611990349819059
137.55,0.332,0.639,0.174,-0.448,0.77,0,4.931231271308987,-0.36701538461538463
37.19,0.597,-0.658,1.196,1.589,0.894,0,3.6425737012374246,-1.156595132743363
27.97,2.059,-0.855,1.201,0.562,0.783,0,3.366260811781259,-0.6059394703657
130.05,1.905,-0.67,0.641,-0.063,0.752,0,4.875578929769415,0.05539370078740158
100.54,-1.227,0.287,-0.367,-0.401,0.984,0,4.620452809519248,-0.11578169014084506
112.37,0.545,-1.495,1.207,0.12,0.912,0,4.730656806029507,-0.1945770065075922
156.48,0.582,-1.198,1.165,0.273,0.81,0,5.0592984660755365,-0.39884634146341463
8.9,0.362,0.18,0.597,1.653,0.767,0,2.2925347571405443,0.3829343629343629
6.32,-1.037,0.75,-0.107,1.143,0.854,0,1.9906103279732201,0.9921875000000001
124.18,0.621,1.216,0.998,1.257,0.73,0,4.829752701496555,2.0655567567567568
31.92,-1.136,-0.195,-0.084,-0.144,0.938,0,3.494080375808869,0.02962025316455696
143.11,-0.065,0.347,0.827,-0.799,0.787,0,4.97057689685027,-0.34787076537013795
144.57,1.439,0.166,0.064,-1.79,0.864,0,4.980657070576569,-0.3399771167048055
248.66,0.174,-0.093,0.625,0.825,0.928,0,5.520099992222905,-0.08179637526652452
84.05,-0.719,-0.593,0.407,0.662,0.762,0,4.44323931884187,-0.5085051813471503
86.15,-1.203,-0.185,-1.789,0.261,0.728,0,4.46763077196603,-0.06542682926829269
58.48,-0.552,0.11,-1.494,-0.603,0.709,0,4.085640121591954,-0.09225312934631433
16.41,-0.263,-0.3,-0.271,1.359,0.743,0,2.8570447537800976,-0.5414342629482072
13.98,0.949,-0.643,-1.037,-0.413,0.817,0,2.7067159780890733,0.3211112454655381
73.88,0.084,-0.308,1.198,0.981,0.882,0,4.315886832169337,-0.33873094170403584
40.57,-2.334,0.612,0.702,1.685,0.724,0,3.727378753264546,1.4049318801089918
92.57,-1.008,1.46,1.697,-0.448,0.936,0,4.5387098192878215,-0.6914164904862579
64.79,0.769,-0.187,-0.76,-0.841,0.805,0,4.186467851097906,0.1929656441717791
171.8,-0.407,0.612,0.081,0.389,0.702,0,5.152134856369956,0.33436516853932585
7.95,-0.324,-0.366,-0.734,0.709,0.981,0,2.191653532286764,-0.26185065590312817
90.93,-1.02,0.696,0.312,0.73,0.951,0,4.521027417875663,0.5286992715920915
271.44,0.345,0.286,-1.82,1.138,0.889,0,5.607418406373117,0.3620333704115683
36.01,-0.073,-1.607,-0.086,-1.5,0.977,0,3.6111881463980646,2.4422492401215803
160.65,1.108,-0.516,-1.041,0.661,0.712,0,5.0854335041714425,-0.47240443213296407
18.53,-0.042,0.52,-0.114,1.157,0.892,0,2.9719517448885875,0.6670066518847008
7.08,-0.402,-1.576,-1.094,0.435,0.922,0,2.089391872533004,-0.735579399141631
43.52,-1.171,1.018,-0.433,1.308,0.893,0,3.795938526407344,1.4745780730897011
236.43,0.664,1.227,-0.051,-1.877,0.712,0,5.469872843189151,-3.1898601108033247
23.17,1.2,-0.271,2.56,-0.603,0.953,0,3.1851121947153915,0.16969158878504673
36.4,0.762,0.423,-0.56,-1.16,0.984,0,3.6216707044204863,-0.4936418511066398
352.44,-0.677,-1.517,2.063,-1.025,0.961,0,5.867713739671807,1.601364572605561
39.08,0.005,-0.591,-0.149,-0.609,0.96,0,3.6908774567766094,0.37105051546391754
28.49,-1.037,1.08,0.073,-0.583,0.942,0,3.3840512228271846,-0.6613865546218487
49.77,0.818,0.24,-0.6,0.568,0.913,0,3.927305628959303,0.14769230769230765
64.24,-0.038,1.684,0.195,-1.037,0.843,0,4.178072777752813,-2.0472543962485346
67.02,-1.977,-2.075,2.74,2.124,0.976,0,4.21980177957905,-4.469878296146045
94.09,0.251,-1.771,1.459,1.328,0.87,0,4.554823811551353,-2.6726
21.63,-0.073,-0.211,-0.679,-0.112,0.936,0,3.119276459645446,0.024980972515856237
40.85,-0.028,-0.693,-0.025,-0.141,0.969,0,3.7340917969354845,0.09980898876404493
46.24,-0.277,-0.571,-1.36,-0.009,0.835,0,3.8552409913291616,0.006081656804733727
158.85,-0.502,-0.757,-1.724,1.176,0.945,0,5.074235875505851,-0.9321801047120418
112.2,0.251,-0.805,-0.317,-0.501,0.752,0,4.729156165769083,0.5292716535433071
21.15,1.105,2.022,-0.872,-0.169,0.735,0,3.0978374964911444,-0.4586818791946308
79.53,0.053,0.352,-0.078,0.627,0.826,0,4.388629785807454,0.264
63.92,-0.961,1.432,0.52,-2.851,0.876,0,4.17315574264639,-4.607936794582392
32.46,-0.576,-2.702,1.059,0.724,0.914,0,3.510350695558678,-2.117151515151515
40.52,-0.791,-0.623,-0.486,-1.895,0.947,0,3.7261752388576332,1.2336311389759667
133.07,-0.459,0.706,-1.591,0.686,0.732,0,4.89836205161347,0.6527169811320755
102.97,0.414,-0.882,1.105,0.527,0.74,0,4.644102395989878,-0.619752
135.06,0.775,1.204,1.607,-0.545,0.91,0,4.913095964916915,-0.7132391304347826
89.86,-0.243,1.405,0.159,-1.019,0.777,0,4.509319860331257,-1.8191804320203302
46.24,-0.039,-0.16,0.188,1.362,0.703,0,3.8552409913291616,-0.30563814866760175
58.94,-0.2,-1.853,0.683,-0.151,0.712,0,4.0933440618885175,0.3875387811634349
102.81,0.127,-1.312,-0.001,-0.604,0.736,0,4.642562305205154,1.0622627345844504
159.66,0.035,-1.015,0.479,0.021,0.89,0,5.079290330745667,-0.023683333333333334
33.85,-0.514,-0.359,0.798,1.073,0.877,0,3.551053137206533,-0.43428072153325814
8.54,0.682,1.263,0.089,0.472,0.788,0,2.255493485460195,0.7470375939849623
45.84,0.555,-0.807,-0.924,0.641,0.746,0,3.8467375387295166,-0.6842420634920635
11.81,-0.147,0.228,-1.283,-0.911,0.82,0,2.550226115908643,-0.2502506024096386
111.41,-0.203,0.237,-1.07,1.353,0.984,0,4.722152901473706,0.32259657947686116
35.19,0.008,-0.236,1.068,0.912,0.834,0,3.588782837575651,-0.2550142180094787
101.03,2.193,0.646,1.69,0.986,0.758,0,4.625266887687213,0.8293697916666666
31.6,-1.804,-2.011,-0.612,1.267,0.747,0,3.484312288372662,-3.365834874504624
29.62,0.7,-0.862,1.841,-0.262,0.821,0,3.4216533902295376,0.27177376654632973
192.41,0.025,1.127,0.229,1.494,0.775,0,5.2648122879906385,2.1448891719745222
42.24,-1.749,1.255,0.902,-0.266,0.948,0,3.7667659927710075,-0.34846555323590817
82.64,-0.19,-1.76,-1.747,-1.095,0.73,0,4.426521874560433,2.6043243243243244
71.58,1.033,-1.274,-0.693,-1.821,0.715,0,4.284689401784925,3.199936551724138
421.32,-0.445,0.007,1.078,0.12,0.924,0,6.045763320515361,0.0008993576017130621
107.59,0.392,-0.897,0.405,1.488,0.959,0,4.687579322228809,-1.37743653250774
32.57,0.529,-0.369,0.937,-0.385,0.708,0,3.5136328109919437,0.19786211699164347
5.28,0.453,-0.239,0.044,0.934,0.86,0,1.8373699804801074,-0.2565816091954023
39.3,0.707,-0.575,-0.031,-0.976,0.884,0,3.696351468952637,0.6277404921700223
14.3,2.625,0.664,-0.848,0.776,0.785,0,2.72785282839839,0.648130817610063
76.64,-0.316,-0.143,0.118,-0.032,0.731,0,4.35208275830081,0.006175438596491227
75.24,-0.325,-0.266,1.16,-0.697,0.731,0,4.333886259345946,0.25020512820512825
27.2,1.587,0.665,-0.934,0.397,0.873,0,3.339321977944068,0.298986409966025
16.98,1.366,-1.956,-1.008,0.156,0.71,0,2.8892600290434745,-0.42380000000000007
141.06,-0.396,0.214,-0.083,-1.681,0.769,0,4.956249503569664,-0.4617894736842105
87.87,0.206,-0.455,2.401,-0.121,0.955,0,4.487174627750384,0.057051813471502594
119.61,0.338,-0.027,-0.991,-0.112,0.988,0,4.792562199595151,0.003030060120240481
6.96,-1.866,0.488,2.92,0.177,0.77,0,2.0744289998562917,0.11073846153846152
74.18,-0.816,0.895,-1.447,-0.728,0.938,0,4.319885238136032,-0.6872995780590718
114.73,-0.109,0.123,0.12,-1.233,0.982,0,4.751259891859986,-0.15288205645161293
42.57,-0.088,-1.926,1.536,-1.093,0.983,0,3.774368840129351,2.1199577039274926
84.26,-0.455,0.245,-0.775,2.147,0.957,0,4.445705411337064,0.543965873836608
46.77,-1.093,0.721,-0.717,-1.393,0.788,0,3.8663978274018707,-1.2585877192982455
29.89,0.111,2.876,2.736,-0.322,0.783,0,3.43043250693049,-1.1678083228247162
97.44,-2.104,0.031,0.546,0.783,0.814,0,4.589447225522855,0.02945752427184466
164.92,0.072,0.821,1.193,-0.907,0.968,0,5.111505744481217,-0.7613977505112474
91.2,0.148,-0.622,0.003,0.53,0.715,0,4.523960130562548,-0.4547034482758621
26.25,-0.761,-1.197,2.06,0.188,0.719,0,3.305053521109253,-0.3086913580246914
9.73,0.938,0.209,1.05,0.079,0.935,0,2.373043556642607,0.01747195767195767
11.71,0.587,-1.11,-1.765,-0.476,0.821,0,2.542389085201363,0.6358122743682312
55.08,0.302,-1.769,0.949,1.441,0.973,0,4.0267792427263345,-2.5932136317395726
139.96,-1.443,0.289,1.858,-0.472,0.943,0,4.94847616218787,-0.14313536201469043
278.05,0.611,2.393,-1.677,-1.019,0.885,0,5.631390977234442,-2.724544134078212
70.21,-0.711,2.436,0.132,-1.967,0.732,0,4.2656332579940335,-6.457698113207547
11.25,1.59,-0.464,0.449,-1.659,0.781,0,2.505525936990736,0.9731681415929203
46.82,-1.603,0.098,0.567,-0.547,0.807,0,3.867443962030179,-0.06561321909424725
365.8,-1.437,-1.276,0.372,0.111,0.983,0,5.9048167403823095,-0.1426344410876133
109.4,0.388,1.558,0.575,0.409,0.841,0,4.704110133842995,0.748792009400705
87.21,2.384,1.424,-0.298,0.805,0.76,0,4.479720335270676,1.4887272727272727
56.79,-0.008,-1.467,0.233,0.8,0.948,0,4.056815750329687,-1.225052192066806
20.45,0.214,0.844,0.089,-0.315,0.976,0,3.065724645374026,-0.2696348884381339
12.01,0.799,0.159,-2.136,-0.35,0.882,0,2.565718292524414,-0.06238789237668161
9.6,0.04,-1.95,-1.492,-0.953,0.941,0,2.3608540011180215,1.9541009463722399
237.12,0.064,1.074,-1.604,-0.672,0.728,0,5.47277474828519,-0.9779512195121952
60.44,0.087,0.64,-0.757,0.328,0.742,0,4.118061088839417,0.2791489361702128
58.08,-0.141,0.457,1.414,1.644,0.949,0,4.078892457663179,0.7834285714285715
5.28,-0.568,-0.628,0.04,-0.543,0.853,0,1.8373699804801074,0.3951378910776362
162.95,0.055,0.643,0.16,0.305,0.777,0,5.099561503290658,0.24919313850063532
229.14,-0.902,1.759,-0.906,1.654,0.733,0,5.438687819395312,3.9157281292059216
112.89,0.555,0.786,1.718,-1.316,0.956,0,4.7352330702862595,-1.0707826086956524
393.84,-0.14,1.377,0.747,0.486,0.835,0,5.978480619549687,0.7919786982248521
135.68,-2.398,-0.367,2.012,0.298,0.911,0,4.917642427247091,-0.11874701411509228
42.5,0.845,0.147,0.585,-1.017,0.82,0,3.7727609380946383,-0.1801192771084337
7.08,1.099,-0.549,-0.026,1.441,0.837,0,2.089391872533004,-0.9340129870129871
78.64,0.14,-1.508,-0.015,-0.29,0.797,0,4.377516479195996,0.5419083023543989
100.5,-1.31,1.521,-0.633,0.197,0.731,0,4.620058798481842,0.40436842105263154
93.52,-0.786,1.127,0.677,-0.016,0.974,0,4.548811452318707,-0.01832520325203252
36.23,0.382,1.261,-0.021,0.443,0.925,0,3.6171148878846253,0.5974577540106951
129.24,1.45,-0.013,-0.566,-0.358,0.823,0,4.869378902254231,0.00558703481392557
249.45,2.287,0.013,-0.955,0.323,0.813,0,5.523259299803626,0.005102065613608748
109.33,-0.845,-0.187,-0.646,-1.35,0.857,0,4.703475874772215,0.2911764705882353
27.28,0.715,-0.701,-0.071,0.185,0.9,0,3.342154841028372,-0.142510989010989
30.37,0.212,0.524,0.68,2.426,0.785,0,3.445852022202587,1.5990238993710693
30.87,1.683,0.652,0.069,-0.478,0.749,0,3.461665128429245,-0.4106139657444005
17.86,-1.495,0.973,-2.011,-0.849,0.888,0,2.937043277205311,-0.9199075723830734
58.98,-0.101,0.316,-0.877,0.869,0.848,0,4.094011173320863,0.3200512820512821
73.36,-0.336,-2.032,0.694,-0.986,0.924,0,4.308918162853243,2.1451306209850105
32.95,-0.474,-0.094,0.75,-0.706,0.876,0,3.5248888540047054,0.07490293453724604
24.58,0.754,-0.578,-0.627,-1.1,0.893,0,3.2418107961506966,0.7040974529346623
75.0,0.932,-0.091,0.716,-0.832,0.746,0,4.330733340286331,0.10014814814814813
86.3,-0.122,1.076,0.812,0.568,0.739,0,4.469350462845557,0.8159786381842455
109.0,0.142,0.783,-0.243,-0.205,0.775,0,4.700480365792417,-0.2044777070063694
14.29,-0.773,0.024,-0.32,-1.474,0.837,0,2.727199019940971,-0.041766233766233764
75.83,-0.135,0.061,-0.535,-0.09,0.916,0,4.341595188879544,-0.005928725701943844
26.45,-0.022,0.718,1.47,-0.281,0.907,0,3.3123661679555396,-0.22001962922573612
84.45,-0.123,0.691,-0.465,1.197,0.943,0,4.4479314095616,0.8679192025183631
30.53,0.995,-1.179,-0.667,-0.707,0.789,0,3.4509394735569696,1.0432453066332916
101.57,0.326,0.726,0.169,1.275,0.72,0,4.630545492319319,1.268013698630137
14.0,-1.925,0.608,-0.182,-1.505,0.893,0,2.70805020110221,-1.0133333333333332
46.32,0.632,0.802,0.959,-1.357,0.948,0,3.856933039110186,-1.136027139874739
78.64,-0.403,1.362,-0.613,0.125,0.986,0,4.377516479195996,0.17093373493975905
141.81,0.398,0.755,-0.288,1.012,0.777,0,4.961515075464842,0.9708513341804319
75.11,1.837,-0.958,1.919,-0.158,0.947,0,4.3321796622793,0.15816509926854755
23.5,-0.699,-1.886,-0.109,0.375,0.811,0,3.1986731175506815,-0.8614494518879414
95.08,0.58,-0.104,0.033,0.972,0.887,0,4.565181177771728,-0.11269565217391304
10.08,1.09,1.03,-1.22,-0.613,0.965,0,2.405141681319138,-0.6475794871794872
52.29,-0.251,0.083,1.25,-0.339,0.812,0,3.975748696308691,-0.03422992700729927
83.56,-0.393,-1.365,0.117,0.751,0.962,0,4.437461341561982,-1.0546450617283951
202.45,-0.161,-0.474,-1.36,1.681,0.707,0,5.315420274447699,-1.1112887029288703
60.01,1.563,-0.352,-0.91,-0.71,0.774,0,4.111037785163761,0.31877551020408157
35.77,-0.693,2.415,-1.15,-1.492,0.808,0,3.6046822953131805,-4.404865525672371
310.17,0.66,-0.554,-0.869,1.674,0.861,0,5.740339386629081,-1.0647485648679678
29.82,0.69,0.822,-0.303,-1.248,0.823,0,3.42816382989197,-1.2315198079231693
126.29,1.53,0.368,-0.484,0.393,0.852,0,4.846467947882343,0.1677772621809745
170.65,-0.738,-1.788,-0.424,0.808,0.7,0,5.145457519903701,-2.0347943661971835
27.68,-1.01,0.681,0.028,0.745,0.833,0,3.3562000157314196,0.6018327402135232
53.42,-0.463,1.866,-0.754,-0.127,0.854,0,3.9967317333551002,-0.2742847222222223
93.59,0.86,-0.642,1.179,1.331,0.822,0,4.549551762225079,-1.027045673076923
282.78,0.559,-1.626,1.089,-0.849,0.714,0,5.648199290079167,1.906732044198895
8.99,-0.279,1.318,1.098,-1.621,0.904,0,2.301584592660462,-2.337503282275711
151.09,-6.109,6.755,-4.658,5.878,0.147,1,5.024472450884278,252.90375796178347
24.69,1.034,-0.296,-1.241,0.561,0.876,0,3.2461018111217923,-0.18742212189616253
46.06,0.184,-0.89,1.145,1.163,0.885,0,3.8514233832992164,-1.1565027932960892
63.96,2.252,0.323,1.065,1.309,0.87,0,4.173771695853422,0.48046249999999996
19.4,-0.682,-0.823,0.122,0.197,0.86,0,3.0155349008501706,-0.1863574712643678
29.69,-0.251,1.398,1.163,-0.856,0.878,0,3.4239368686316447,-1.3476216216216215
133.71,-0.218,-0.512,-1.148,-1.218,0.846,0,4.903124319710477,0.7285233644859813
33.28,-2.06,-0.867,0.657,1.493,0.89,0,3.534562093729579,-1.4382566666666667
25.1,-0.31,-0.516,0.155,-0.655,0.989,0,3.261935314328648,0.3383183183183183
14.03,-0.084,0.071,1.161,1.377,0.962,0,2.710048203764883,0.10058333333333333
15.28,-0.599,-0.27,0.804,-0.181,0.927,0,2.7899373605743945,0.05215581643543223
114.09,1.019,0.088,-1.163,-0.168,0.943,0,4.745714430980399,-0.015513116474291712
32.88,1.525,1.554,0.886,-0.935,0.924,0,3.522824869783854,-1.5556638115631694
220.22,1.403,0.427,-0.825,0.862,0.79,0,5.399157681474108,0.4600925
60.34,-0.98,-0.065,-0.105,-1.065,0.912,0,4.116432158686106,0.0750813449023861
157.51,-1.436,2.633,-1.215,-0.458,0.743,0,5.065817682809802,-1.6014794156706509
138.43,1.454,-0.175,-0.922,0.615,0.848,0,4.93756268320693,-0.12543706293706294
54.9,1.29,-2.307,-0.404,-1.646,0.886,0,4.023564380161053,4.238082589285714
64.06,0.229,-0.219,-2.824,-1.106,0.928,0,4.175309921045206,0.2582238805970149
13.31,0.343,0.768,-0.906,0.04,0.748,0,2.6609585935683597,0.04052770448548813
38.23,-0.872,0.541,-2.564,-1.855,0.843,0,3.6694417602214613,-1.1765005861664712
70.21,1.469,-0.065,-0.562,0.657,0.714,0,4.2656332579940335,-0.058984806629834255
108.26,-0.044,0.394,-0.688,-0.482,0.783,0,4.693730362967572,-0.23948045397225723
38.78,1.85,-0.906,0.999,-0.356,0.845,0,3.683364273425826,0.37723508771929826
289.43,-1.791,0.029,0.606,-0.955,0.856,0,5.67136258340009,-0.03198036951501155
83.74,0.821,0.927,-2.334,0.705,0.856,0,4.439587745198413,0.7546593533487298
85.57,-0.263,-1.115,-1.212,-1.332,0.726,0,4.460953335227682,2.017907608695652
19.8,-0.4,-1.068,-0.152,0.204,0.821,0,3.0349529867072724,-0.26218050541516247
36.74,-0.579,-0.607,0.018,0.125,0.74,0,3.630720539940404,-0.10116666666666667
32.01,-0.021,1.442,-1.455,1.132,0.861,0,3.4968105458651015,1.8741033295063143
30.32,1.05,-1.324,0.351,-1.046,0.947,0,3.4442568711226023,1.4471306165099271
15.91,1.17,-1.6,-0.892,0.131,0.932,0,2.827905162910489,-0.22250530785562633
312.5,0.711,0.093,0.495,-0.549,0.717,0,5.7477993600729755,-0.07022971114167814
187.52,-1.091,1.465,0.499,-0.488,0.875,0,5.23920410205553,-0.8078192090395481
42.99,1.264,-0.217,-0.661,-0.259,0.964,0,3.7839623353606284,0.057703285420944564
46.65,-1.138,-0.584,-0.184,0.258,0.885,0,3.863882630100211,-0.1683486033519553
185.77,1.752,-0.992,1.462,-0.954,0.774,0,5.229877913325516,1.2071020408163264
6.88,-0.395,0.387,1.178,-0.394,0.76,0,2.064327903869788,-0.19802337662337663
175.66,-2.296,-0.038,-1.242,1.271,0.801,0,5.174226981316986,-0.05955363748458692
117.41,-0.99,-0.629,0.532,0.536,0.844,0,4.774153178342865,-0.39478220140515224
68.57,0.091,1.932,0.286,-1.088,0.957,0,4.24233343993555,-2.173749741468459
103.79,-0.342,0.795,0.706,-0.458,0.814,0,4.65195834748685,-0.4418810679611651
110.13,0.437,-0.602,-1.693,0.358,0.843,0,4.710700687197555,-0.25265650644783116
106.48,-1.493,0.222,-0.819,1.054,0.78,0,4.6773047837472905,0.2961873417721519
59.16,0.509,0.209,-0.3,-1.039,0.719,0,4.097007679641584,-0.29787517146776404
125.79,1.789,-0.452,0.897,-0.463,0.855,0,4.842532174539857,0.2419375722543353
249.41,0.028,-0.826,0.528,1.405,0.707,0,5.523099574530755,-1.6185913528591354
309.96,-1.034,-0.832,2.945,-1.002,0.922,0,5.7396642865439675,0.894489270386266
47.47,1.414,-2.428,0.765,-0.195,0.947,0,3.8809450498572846,0.49473354231974925
56.59,-0.348,-0.512,-0.322,-0.349,0.933,0,4.053348941518581,0.1894888653234358
78.64,0.428,-0.013,0.546,0.78,0.755,0,4.377516479195996,-0.013254901960784313
129.7,0.425,-2.12,1.534,1.531,0.911,0,4.872904620630176,-3.5241259500542887
97.13,-0.074,-0.75,-1.254,1.008,0.791,0,4.586293130218402,-0.9438202247191011
109.87,-3.164,4.133,-4.482,1.369,0.347,1,4.70835834378426,15.848955182072828
6.16,-0.233,0.824,-0.432,-0.862,0.8,0,1.9685099809725544,-0.8768987654320987
165.01,0.184,-0.21,-0.0,1.53,0.762,0,5.112048027505985,-0.41619170984455955
90.55,-0.372,-0.413,0.216,0.909,0.856,0,4.51688527112052,-0.43350692840646654
551.41,-2.232,1.324,-0.168,0.259,0.728,0,6.314290524195323,0.46465582655826565
90.46,-0.244,-0.777,1.383,-2.224,0.988,0,4.515901718229909,1.7315110220440884
26.23,-0.953,-0.322,1.497,0.708,0.84,0,3.3043193066856684,-0.2682070588235294
28.98,0.721,2.227,-0.34,-1.184,0.826,0,3.4005304926744517,-3.154028708133971
349.45,0.463,0.69,0.32,0.528,0.962,0,5.859218042946334,0.3748148148148148
9.77,1.636,-0.291,-1.224,0.314,0.799,0,2.3767644911682972,-0.11294684796044498
37.5,-0.822,-1.251,1.169,0.049,0.915,0,3.6506582412937387,-0.06626918918918918
158.28,-0.21,0.961,-0.483,-0.168,0.97,0,5.070663659755941,-0.16474285714285716
10.79,-0.708,1.4,-0.107,0.598,0.937,0,2.4672517145492794,0.8840549102428721
33.24,0.773,-1.625,0.004,0.117,0.972,0,3.5333945512735414,-0.19360997963340124
136.15,-0.3,1.385,-1.217,-0.448,0.98,0,4.9210752173836125,-0.6267474747474748
277.33,-0.849,1.03,-1.029,-1.833,0.941,0,5.628807460063128,-1.985268138801262
13.07,0.431,-0.139,1.04,0.812,0.92,0,2.644044871126298,-0.12136344086021507
10.31,-0.042,-1.443,-1.198,-1.773,0.927,0,2.425687290128029,2.7304578441835643
6.26,-0.138,-0.659,-0.181,0.174,0.861,0,1.9823798288367047,-0.13164867967853042
101.46,0.071,-1.565,0.026,0.882,0.746,0,4.629472478511056,-1.8258333333333334
89.01,-0.376,0.073,-0.408,-0.617,0.832,0,4.499920775268994,-0.053492874109263656
44.5,0.251,0.875,0.076,1.059,0.726,0,3.817712325956905,1.259001358695652
57.89,-0.474,0.499,-0.268,-0.642,0.813,0,4.07567129695648,-0.3892563791008506
36.08,-0.397,-0.581,-0.975,1.557,0.883,0,3.6130777406976544,-1.013008958566629
70.32,-1.605,0.313,-0.435,0.02,0.825,0,4.267176792994939,0.007497005988023953
77.26,-0.573,-0.748,-0.57,-2.111,0.889,0,4.360036616782266,1.7564271412680756
93.87,0.582,-1.338,0.278,0.866,0.983,0,4.5525075334047855,-1.1668761329305137
13.99,0.388,-0.049,1.411,-0.709,0.709,0,2.7073833121145063,0.048318497913769125
105.89,-0.169,0.626,0.318,0.56,0.731,0,4.671800268285854,0.4730904183535763
9.77,0.534,0.525,-0.365,-0.698,0.926,0,2.3767644911682972,-0.39150641025641025
68.35,-0.025,0.599,0.112,2.034,0.973,0,4.239166146760841,1.239436419125127
48.23,-0.719,-1.12,-0.007,1.181,0.803,0,3.8965031937701093,-1.6269618696186963
71.8,0.733,-1.531,0.84,0.544,0.969,0,4.28771595520264,-0.8507293156281921
50.15,-0.264,0.149,-1.438,-0.256,0.783,0,3.9347624923976356,-0.04810088272383354
93.72,0.819,-2.019,-1.19,-0.315,0.721,0,4.550925171135695,0.8700205198358414
27.91,0.154,-0.573,-0.6,1.107,0.812,0,3.364187556028255,-0.7716678832116787
148.98,-0.394,-0.287,2.218,0.017,0.874,0,5.010501951873243,-0.0055192307692307685
111.36,-0.105,-0.647,0.779,-0.786,0.953,0,4.721708002236043,0.5280809968847353
33.08,-0.241,-0.395,-0.308,-0.687,0.856,0,3.528710701961115,0.31335450346420324
314.18,-1.356,-0.487,-0.367,-0.374,0.756,0,5.753143904193926,0.2377780678851175
127.11,2.704,1.386,1.381,-1.034,0.837,0,4.852889269868342,-1.692
38.92,0.294,-0.162,-0.53,-1.741,0.802,0,3.686877451443263,0.3473423645320197
12.66,-0.495,-0.501,-0.798,1.655,0.927,0,2.614471854142644,-0.8849039487726786
109.91,0.273,-1.335,0.738,1.348,0.874,0,4.70871906161665,-2.0357239819004525
119.37,0.001,-0.002,0.519,-1.641,0.77,0,4.790570332391644,0.004207692307692308
160.14,2.209,-0.3,0.195,0.145,0.912,0,5.08227355234905,-0.047180043383947934
18.69,0.342,1.023,0.72,0.187,0.772,0,2.9801108926510342,0.24463043478260865
173.25,-1.014,4.357,-2.308,2.754,0.231,1,5.160491049640633,49.78912033195021
85.12,-0.438,0.442,0.998,0.678,0.83,0,4.4557416724961625,0.3567571428571429
38.19,-1.146,-1.381,-0.016,-2.112,0.904,0,3.66842161221154,3.1911072210065647
130.61,1.619,-1.067,-0.968,1.052,0.728,0,4.879843003846233,-1.5209810298102981
196.3,1.128,1.349,1.154,0.219,0.983,0,5.2847254130285695,0.29751359516616316
272.66,-0.46,0.735,-0.442,0.105,0.924,0,5.6118864599516645,0.08262847965738757
15.07,1.242,-0.349,-0.501,-0.106,0.895,0,2.776954179749421,0.04087734806629834
300.13,-1.179,0.664,0.117,-0.035,0.765,0,5.70754206519735,-0.02998709677419355
75.08,1.401,-0.52,-0.375,0.865,0.892,0,4.331785418237135,-0.498669623059867
72.69,-0.965,-0.938,-1.196,0.134,0.935,0,4.299867104778908,-0.1330074074074074
11.08,-0.271,-0.695,-0.066,-1.032,0.816,0,2.4915511925066687,0.8683292978208232
113.75,-0.571,-2.387,-1.646,-0.588,0.96,0,4.7427558489406545,1.4469649484536082
39.33,-1.496,0.452,0.624,0.677,0.786,0,3.697095608885277,0.384427135678392
102.27,0.541,1.765,1.4,1.892,0.724,0,4.637346917683312,4.549564032697547
99.3,-2.53,-1.243,-0.525,-0.345,0.71,0,4.60816569496789,0.5956041666666667
32.41,-0.792,0.34,0.195,0.041,0.785,0,3.508855256368665,0.017534591194968554
165.17,1.096,-1.204,-0.304,0.319,0.831,0,5.113011360713122,-0.4566896551724138
37.68,0.712,-0.427,-1.823,-0.887,0.875,0,3.6553226705850936,0.4279649717514124
26.05,0.117,-1.561,-1.638,-0.725,0.716,0,3.2976870052924907,1.558849862258953
67.52,0.35,0.316,0.532,-1.413,0.948,0,4.2271256734559195,-0.4660835073068894
49.67,-0.672,-0.814,-0.488,-0.513,0.963,0,3.9253340194878183,0.4291695786228161
232.43,0.121,-0.582,-2.02,1.185,0.883,0,5.452882246296949,-0.7723068309070549
255.28,-0.094,-0.323,-0.8,-1.878,0.846,0,5.546270596770821,0.7086378504672897
125.54,-1.611,-1.026,0.304,0.285,0.768,0,4.840558463718739,-0.3758483290488432
37.12,-0.572,-1.929,-0.476,-0.465,0.823,0,3.6407390787860012,1.0768127250900361
124.39,0.253,1.598,-1.067,-0.625,0.781,0,4.831428880202447,-1.2626422250316056
52.67,-0.261,1.163,0.846,1.182,0.762,0,3.9828541861887374,1.7806554404145076
40.2,2.256,0.215,-1.612,2.56,0.829,0,3.7184382563554808,0.6560190703218117
63.62,1.455,-2.31,0.288,0.842,0.91,0,4.168523960396352,-2.1141521739130433
82.35,1.017,1.857,-0.093,-0.414,0.73,0,4.423048609196803,-1.0389162162162162
13.67,-0.347,1.374,-0.639,0.847,0.774,0,2.6858045921548905,1.4844107142857141
29.59,1.184,0.437,-2.16,-0.854,0.982,0,3.420673158162812,-0.37620766129032257
15.55,-2.571,-0.376,-0.273,-0.474,0.708,0,2.806386101823072,0.24822284122562674
183.09,1.206,0.413,2.466,0.534,0.903,0,5.215424768458471,0.2415575027382256
207.82,-0.269,-0.65,-0.235,-0.189,0.974,0,5.3414726368619645,0.12484756097560976
53.37,0.3,-0.517,-0.738,0.224,0.798,0,3.995812531157829,-0.14332673267326732
18.81,-0.531,2.426,-1.274,-0.793,0.765,0,2.9861868607104594,-2.482345806451613
19.7,1.0,-0.254,-1.324,1.431,0.961,0,3.0301337002713233,-0.37432955715756955
122.74,0.651,-1.232,-0.007,0.821,0.913,0,4.818182590102842,-1.0958526543878655
306.24,-0.64,0.307,0.544,-1.46,0.78,0,5.7276292011304815,-0.5673670886075949
273.53,-1.032,-2.285,0.227,1.885,0.811,0,5.615060544595396,-5.246315468940316
11.78,1.013,0.266,-0.974,1.526,0.737,0,2.5478814489493886,0.5433949129852745
149.05,-0.149,0.591,-0.613,1.572,0.846,0,5.010968571886377,1.085341121495327
158.92,0.062,-0.846,-0.637,-1.135,0.887,0,5.074673690192145,1.0704682274247492
7.35,-1.59,0.689,-0.871,0.412,0.913,0,2.122261538862764,0.30754929577464785
93.18,1.097,1.657,0.815,0.168,0.963,0,4.545207844815408,0.28610071942446047
18.96,-0.473,-0.119,1.629,-0.198,0.929,0,2.993730270883318,0.025092651757188496
63.75,-0.233,-0.795,1.133,-0.828,0.913,0,4.1705337005796475,0.7131744312026002
211.78,0.316,-2.42,0.78,-0.059,0.923,0,5.36025876808822,0.1530332261521972
156.34,0.316,-0.397,-0.386,-0.054,0.717,0,5.0584090689010965,0.029488308115543333
101.3,0.943,-0.328,-0.98,0.595,0.823,0,4.627909672957581,-0.2342857142857143
88.31,-0.125,1.064,0.57,0.621,0.82,0,4.4921134636957945,0.796077108433735
64.08,0.258,0.373,1.126,-0.751,0.832,0,4.175617282350837,-0.33268764845605703
118.35,-0.483,-0.721,1.046,-1.096,0.938,0,4.782060352784839,0.8335611814345992
201.93,0.632,-0.808,-0.044,-1.525,0.822,0,5.312861091988878,1.4810096153846155
218.18,0.557,-0.179,0.528,-0.046,0.914,0,5.389893310035246,0.008911255411255412
155.28,0.196,-0.9,-0.437,-0.772,0.881,0,5.05164927018687,0.7797979797979799
115.11,0.038,-0.562,-0.79,0.122,0.845,0,4.7545380176389145,-0.08019181286549708
111.35,1.202,0.276,0.563,-0.476,0.727,0,4.721618998631338,-0.17825780189959295
48.96,0.305,-0.243,0.36,-0.985,0.893,0,3.911222685257377,0.2650664451827242
246.95,0.137,0.389,-0.238,3.807,0.875,0,5.513227112935143,1.6733593220338983
279.78,0.742,-0.521,-0.554,0.8,0.912,0,5.637571444543805,-0.452060737527115
99.76,-1.425,-0.126,0.33,0.72,0.749,0,4.61274145148441,-0.11952569169960474
108.71,0.515,0.321,0.319,-1.096,0.891,0,4.697840520829399,-0.390472807991121
51.15,0.986,-0.063,-0.046,2.223,0.737,0,3.9541241814467813,-0.18748192771084335
5.63,0.045,-0.117,-0.793,-0.234,0.865,0,1.891604804197771,0.03128914285714286
32.94,1.259,1.27,-0.702,-2.295,0.933,0,3.52459425980608,-3.0908271474019084
78.41,-1.604,-0.374,0.357,-0.841,0.766,0,4.37462430490712,0.40532731958762885
6.63,-1.728,-0.744,-0.569,-1.886,0.894,0,2.0320878452963655,1.5521946902654866
86.46,0.03,0.729,-1.479,-0.142,0.919,0,4.471181545984774,-0.11142949407965552
17.9,-2.698,-0.304,0.628,0.238,0.975,0,2.9391619220655967,-0.07345380710659899
20.61,0.783,-0.598,-2.823,1.099,0.906,0,3.0731561705187946,-0.7174694323144104
83.29,0.074,0.416,2.329,-1.851,0.934,0,4.434263234009391,-0.8156949152542372
85.62,0.213,0.066,-1.484,1.467,0.9,0,4.46153073578648,0.1063978021978022
96.56,-0.022,-0.321,-0.007,1.699,0.926,0,4.580467573347719,-0.5826698717948718
55.95,-0.147,-0.857,-2.077,0.574,0.77,0,4.0421736898931915,-0.6306641025641025
99.77,1.477,-1.381,0.708,0.757,0.809,0,4.612840692292311,-1.2764554334554334
76.32,1.067,-0.145,-0.34,0.825,0.727,0,4.34795265434013,-0.16231343283582086
20.59,0.961,-1.989,-1.29,1.199,0.894,0,3.072230244526716,-2.638065265486726
241.0,-0.986,0.439,1.219,2.318,0.953,0,5.488937726156687,1.0566998961578402
41.66,1.855,-1.449,1.799,0.201,0.712,0,3.753261713043204,-0.40339196675900285
75.47,-0.364,-0.745,-0.953,0.45,0.79,0,4.336898507056134,-0.41906249999999995
108.19,-0.695,0.256,-1.115,0.244,0.773,0,4.6930894840259745,0.07977522349936142
57.25,0.472,-0.561,1.025,-0.195,0.978,0,4.06474409244581,0.11072368421052634
21.13,-0.711,-0.033,1.242,1.842,0.759,0,3.0969341540629585,-0.07904551365409623
140.92,0.033,-0.098,-0.15,-0.254,0.909,0,4.955263518561269,0.027085963003264418
32.97,0.861,0.023,1.259,0.591,0.814,0,3.5254777821724925,0.01649635922330097
20.0,1.48,-0.361,-0.693,0.722,0.751,0,3.044522437723423,-0.3424993429697766
220.28,-0.28,0.561,-0.036,-0.797,0.787,0,5.399428867916448,-0.561
50.88,-1.105,0.628,1.206,-0.61,0.887,0,3.948933359448243,-0.42706800445930876
38.57,1.167,0.723,-1.451,0.515,0.7,0,3.678071255397333,0.5244295774647887
143.02,0.552,0.901,0.151,-0.75,0.938,0,4.969952178820721,-0.7128164556962027
46.97,0.38,-1.308,1.706,1.156,0.875,0,3.8705758155139725,-1.7085288135593222
94.24,-0.928,0.33,0.603,-1.344,0.705,0,4.556400021618662,-0.6203076923076923
90.61,-1.172,0.743,0.823,2.368,0.776,0,4.517540436027117,2.238452926208651
57.85,-0.151,0.843,-0.364,0.102,0.723,0,4.074991833706286,0.11730695770804911
12.21,-0.642,1.193,0.745,-0.82,0.749,0,2.580974118534234,-1.2888801054018446
29.06,-1.86,-0.762,-1.773,0.934,0.814,0,3.4031953843248286,-0.8637233009708738
173.89,0.205,1.071,0.784,2.005,0.928,0,5.1641572048611,2.2892910447761188
73.06,0.095,-0.119,0.679,0.552,0.755,0,4.304875575485466,-0.08586666666666666
31.94,0.075,-1.89,-0.308,-0.982,0.753,0,3.494687724749494,2.4324770642201834
31.14,0.768,0.447,0.053,-0.383,0.71,0,3.4701013603093664,-0.2377791666666667
12.57,1.035,0.901,-0.111,1.355,0.949,0,2.6078614738467776,1.2730500521376436
20.51,-0.574,-0.393,-0.627,0.688,0.745,0,3.068517943279639,-0.3581245033112583
87.94,0.566,1.793,-0.66,-0.717,0.935,0,4.48796198508255,-1.3604031746031744
64.23,-0.438,1.842,-1.057,0.188,0.818,0,4.177919485808005,0.418231884057971
38.96,-0.213,0.27,1.241,-0.699,0.76,0,3.687878953780353,-0.2451038961038961
81.11,1.01,1.31,1.038,1.036,0.98,0,4.4080598117206975,1.370868686868687
41.16,-0.097,-0.046,-0.744,0.282,0.945,0,3.741471904233107,-0.013583246073298428
93.41,0.392,0.881,-0.744,1.423,0.795,0,4.547646999744425,1.5573453416149068
60.55,-0.389,0.577,0.082,-1.942,0.738,0,4.1198498526304625,-1.4980401069518716
202.66,0.215,0.127,-0.971,0.565,0.789,0,5.316451936743519,0.08980600750938673
61.71,0.695,0.175,1.514,-0.865,0.979,0,4.138520924554929,-0.1530586450960566
19.05,-0.233,1.066,-0.916,1.031,0.797,0,2.998229153752578,1.361890954151177
7.34,1.057,0.314,-0.165,-0.647,0.894,0,2.1210632163706555,-0.22473230088495574
14.57,-2.877,-0.557,-0.695,-0.988,0.98,0,2.745345985845907,0.5558747474747475
33.95,0.186,-1.47,1.203,0.914,0.919,0,3.5539184686798193,-1.446264800861141
8.19,1.36,-0.527,0.208,0.823,0.715,0,2.2181159363675955,-0.5982358620689655
47.95,0.12,-0.205,-1.071,-2.38,0.818,0,3.8907993689765195,0.5892512077294686
57.91,-0.87,1.419,-1.849,0.449,0.803,0,4.076010855533596,0.7836789667896679
85.87,1.794,-0.076,1.358,0.271,0.829,0,4.464412748271829,-0.024548271752085817
62.41,-1.115,0.68,1.537,-1.405,0.708,0,4.14962157771194,-1.3306406685236771
53.83,0.418,0.088,-0.372,0.639,0.847,0,4.004237489415957,0.06561493582263711
9.94,0.77,-0.726,-0.359,-0.558,0.974,0,2.392425796993835,0.41169512195121954
152.6,0.452,0.35,-0.518,0.341,0.85,0,5.034351820713572,0.13877906976744186
54.93,0.896,-0.506,-0.705,-0.058,0.78,0,4.024100908833496,0.037149367088607596
27.06,0.308,0.809,0.318,2.886,0.889,0,3.3343450746743146,2.597078976640712
124.51,0.699,0.087,0.505,0.198,0.817,0,4.832385436672355,0.02082950423216445
171.87,-0.333,1.178,-0.46,-0.945,0.923,0,5.152539866934696,-1.193151125401929
27.54,2.672,-0.888,0.645,0.154,0.892,0,3.3513066120486905,-0.151609756097561
136.17,1.19,0.292,-0.835,-0.68,0.969,0,4.921221032490315,-0.2028192032686415
105.51,-0.384,2.015,0.941,-2.084,0.735,0,4.6682388774550745,-5.636590604026846
56.55,1.906,-2.219,0.419,0.123,0.889,0,4.0526541351678915,-0.30360066740823133
187.9,2.069,0.918,-1.838,1.404,0.932,0,5.241217774507464,1.3682292993630571
71.59,-0.317,-1.062,-1.251,1.061,0.777,0,4.284827171296749,-1.4317433290978399
147.85,-2.67,1.1,-2.038,2.174,0.846,0,5.002939087461785,2.793691588785047
24.33,0.23,0.365,0.324,0.13,0.782,0,3.231989464013584,0.05991161616161616
12.19,-0.652,0.116,-1.754,0.315,0.965,0,2.579458966729223,0.03747692307692308
56.02,-0.304,0.602,0.552,-0.139,0.758,0,4.043402083484526,-0.10895572916666667
78.43,1.342,-0.546,-0.178,-1.053,0.903,0,4.374876130645041,0.629723986856517
49.42,0.138,-0.297,-0.302,0.002,0.878,0,3.9203879217597737,-0.0006689189189189189
219.56,0.215,-0.923,-0.294,0.157,0.707,0,5.396169766715541,-0.2021073919107392
58.04,-0.508,0.436,0.46,0.989,0.796,0,4.078215180292217,0.5349925558312655
66.65,2.358,-0.009,-0.41,-0.058,0.739,0,4.214347354616797,0.0006969292389853137
38.15,0.615,-0.149,-0.089,-2.503,0.771,0,3.667400422436812,0.47752496798975674
5.01,-0.226,-1.077,-0.522,0.236,0.769,0,1.7934247485471162,-0.32627984595635423
19.83,0.097,-0.507,-1.055,-1.722,0.735,0,3.0363942552728806,1.1718845637583892
122.24,-1.666,1.246,0.338,-1.188,0.926,0,4.814133673728467,-1.5814615384615385
36.84,-0.175,-0.418,0.751,-0.168,0.723,0,3.6333667441836774,0.09580354706684856
132.6,1.23,-0.413,-0.57,0.017,0.974,0,4.894850261102546,-0.007135162601626017
12.34,0.965,0.25,0.104,-0.807,0.939,0,2.590767040487478,-0.21259220231822973
369.83,-0.954,0.966,1.071,1.039,0.903,0,5.915743736567841,1.0993143483023
168.7,0.431,0.134,0.562,-0.042,0.972,0,5.134032172240181,-0.005731160896130348
203.23,0.559,0.918,-1.258,1.096,0.93,0,5.319246809729067,1.0703489361702128
61.96,1.27,-1.031,0.001,-1.866,0.937,0,4.1424996041091475,2.0315163674762404
19.49,0.847,0.069,0.443,-0.702,0.712,0,3.0199369622508083,-0.06708864265927979
61.44,0.283,1.39,-0.057,-1.371,0.967,0,4.134206095647231,-1.9505527123848516
86.62,-0.918,1.242,-0.596,-0.76,0.855,0,4.473009282385752,-1.0912369942196531
32.95,1.816,0.367,-0.734,0.513,0.918,0,3.5248888540047054,0.20287823275862069
99.93,-1.235,1.553,0.213,1.753,0.973,0,4.614427207250769,2.7694903357070193
87.05,-0.949,0.985,-1.077,0.269,0.817,0,4.4779048349422155,0.32039298669891175
7.87,1.085,-0.355,1.106,-0.407,0.89,0,2.1826747963214883,0.16053888888888887
65.55,0.122,-0.076,0.14,-0.33,0.88,0,4.197953544841121,0.028179775280898878
54.44,-0.406,-1.522,-0.155,0.357,0.812,0,4.015301354881648,-0.661014598540146
6.61,-0.164,0.426,0.819,-0.192,0.853,0,2.0294631718735947,-0.09477636152954809
75.98,-0.005,-1.318,0.114,0.814,0.774,0,4.3435456478556,-1.3684336734693876
7.69,0.822,-1.853,0.115,-0.481,0.852,0,2.162172939277301,1.0339825986078885
135.04,-2.284,0.368,-1.95,0.45,0.853,0,4.912948960138995,0.19188876013904982
73.3,0.259,-0.659,1.274,0.636,0.726,0,4.308110951723713,-0.5694619565217393
34.99,-0.907,0.375,-0.417,0.168,0.797,0,3.5832411220909393,0.07806691449814127
164.41,0.645,1.222,0.395,0.7,0.851,0,5.10842724025413,0.9934959349593495
336.33,0.837,1.609,0.855,-0.194,0.786,0,5.8210616797075545,-0.392143216080402
5.79,-0.167,-0.13,0.947,-0.526,0.889,0,1.9154509415706047,0.07606229143492771
20.73,0.022,1.481,-2.257,0.208,0.951,0,3.078693794268338,0.3205494276795005
37.57,-0.28,-0.576,0.936,1.279,0.755,0,3.6524747722201365,-0.9630117647058822
15.08,1.271,1.159,1.031,-0.403,0.984,0,2.77757626375082,-0.4698963782696177
24.57,-0.658,1.637,0.61,-0.741,0.935,0,3.2414197893030954,-1.2836158730158729
15.02,-0.106,-0.292,1.231,0.528,0.858,0,2.7738379416402132,-0.17762211981566822
78.89,0.136,1.417,0.353,2.418,0.955,0,4.380650688493951,3.5505761658031094
27.83,-0.601,-0.381,-0.341,1.236,0.801,0,3.3614165116503107,-0.5806609124537607
343.46,0.208,-2.459,0.094,-0.974,0.938,0,5.841977973407601,2.526440928270042
45.31,-1.343,-1.228,-1.66,-0.387,0.959,0,3.8353579204926604,0.4904396284829721
13.58,-1.69,-1.606,-0.23,0.314,0.887,0,2.6796507265805123,-0.5621895206243033
17.27,0.111,0.54,-1.041,1.984,0.799,0,2.9052603703899154,1.324301606922126
25.32,0.515,0.118,0.847,-0.31,0.743,0,3.2703291064571163,-0.04857901726427622
238.82,-1.227,-1.525,1.78,-0.303,0.909,0,5.4798886419512876,0.5028019586507072
60.52,-0.492,0.024,-1.033,-1.312,0.862,0,4.119362325197389,-0.03611009174311927
74.46,1.021,0.988,0.754,-0.739,0.706,0,4.323602714536165,-1.0197374301675979
112.04,0.291,-0.504,-2.59,1.119,0.9,0,4.727741738376272,-0.6197538461538462
8.15,0.555,-1.317,-0.36,1.052,0.775,0,2.21375387928743,-1.7649477707006367
67.16,-1.213,1.857,0.066,1.059,0.71,0,4.221857882521061,2.7313375
26.45,1.838,-0.459,0.352,-1.967,0.706,0,3.3123661679555396,1.2609678770949724
188.76,-0.607,0.576,-0.192,0.452,0.901,0,5.245760115809361,0.2857870472008781
150.28,0.331,0.191,-0.568,-0.924,0.885,0,5.019132424350202,-0.19718882681564245
117.26,-0.789,0.064,-1.392,-0.478,0.706,0,4.772885590392684,-0.04272625698324022
28.03,0.536,0.26,0.116,-0.884,0.902,0,3.3683297780365384,-0.25201754385964914
32.5,1.694,0.55,-0.172,1.225,0.917,0,3.5115454388310208,0.72680690399137
35.53,-0.597,-0.548,-0.333,-0.101,0.782,0,3.5981338408071912,0.0698838383838384
94.78,-0.604,0.21,0.558,-1.705,0.792,0,4.562053894914463,-0.4464463840399002
51.01,-0.699,-0.437,0.503,-2.291,0.913,0,3.9514360077849813,1.084687973997833
9.13,0.653,-0.509,-0.341,0.971,0.809,0,2.315501318260592,-0.6034664224664223
125.21,-0.662,-0.354,-0.667,-1.435,0.715,0,4.837947186270539,0.7006758620689655
60.37,0.098,1.709,-0.106,-0.756,0.906,0,4.116921116401006,-1.4104847161572054
10.09,-0.165,-0.563,-1.657,0.634,0.904,0,2.4060438013622756,-0.39052735229759294
44.94,-0.369,-0.517,-0.471,0.15,0.779,0,3.8273361972609523,-0.0982889733840304
24.85,0.622,-1.018,0.548,0.827,0.887,0,3.2523106009544382,-0.9385574136008918
216.0,-1.804,-1.211,-1.355,-0.378,0.743,0,5.37989735354046,0.6079123505976096
65.49,-0.173,0.684,-0.999,-0.818,0.794,0,4.197051560414364,-0.695910447761194
114.37,0.342,1.239,-1.181,-1.107,0.736,0,4.748144354939198,-1.8385697050938339
235.14,-0.231,0.068,-0.642,1.971,0.982,0,5.464424849478964,0.13510887096774193
150.32,0.539,-0.804,-1.366,-0.063,0.903,0,5.019396799764828,0.05547864184008763
72.38,0.076,-0.243,-0.977,0.37,0.801,0,4.295651418927136,-0.11086313193588161
79.94,0.075,-1.02,-1.358,1.694,0.784,0,4.393708139447719,-2.1761712846347607
145.86,-0.161,-0.317,-1.126,-0.541,0.778,0,4.989479752023464,0.21763578680203047
151.21,0.464,-0.558,-1.184,1.194,0.859,0,5.025261146291576,-0.7666881472957423
54.96,0.998,0.183,-0.446,-0.368,0.941,0,4.024637149797281,-0.07081388012618298
173.62,-0.959,0.068,0.259,-0.301,0.969,0,5.162612184382661,-0.020907048008171603
23.91,2.239,-0.134,-1.763,-1.01,0.764,0,3.215269329274089,0.17485788113695092
130.12,-0.994,1.395,0.17,-0.601,0.849,0,4.876112934435574,-0.9760128055878929
53.5,0.015,1.301,-1.095,-0.373,0.938,0,3.9982007016691985,-0.5118913502109704
77.98,0.258,-0.707,1.298,-0.312,0.966,0,4.369194655858504,0.22600819672131145
82.98,1.563,0.369,2.587,-0.09,0.961,0,4.430578675256047,-0.03420185375901132
23.77,0.294,-0.619,0.323,0.297,0.886,0,3.209633243501268,-0.20518191964285712
157.24,-0.527,0.256,-0.672,0.549,0.769,0,5.064112867874402,0.18041591784338895
47.67,-1.13,-1.175,-0.528,-0.847,0.706,0,3.885062823845363,1.3899790502793297
59.43,0.516,0.383,-0.324,1.242,0.912,0,4.101485670373467,0.5159284164859002
33.86,0.156,-0.394,1.129,0.557,0.879,0,3.551340040091875,-0.24685939257592807
19.51,0.363,1.007,0.585,0.657,0.786,0,3.0209125720842893,0.8311545226130652
11.59,-0.252,-1.599,1.287,-1.119,0.737,0,2.532902848056256,2.395289156626506
142.27,-0.238,0.678,-0.78,0.457,0.9,0,4.964730961905281,0.3404901098901099
6.84,0.466,-0.776,0.911,1.367,0.838,0,2.0592388343623163,-1.2509339622641509
100.51,0.191,0.252,0.666,1.749,0.735,0,4.62015731579634,0.5916080536912752
20.38,0.487,0.514,-1.095,2.049,0.708,0,3.062455905596899,1.46683286908078
38.68,-0.475,-2.66,-2.276,0.325,0.987,0,3.6808472824166723,-0.8671013039117352
173.26,-1.273,0.054,-1.495,0.305,0.885,0,5.160548436803141,0.018402234636871507
240.59,-0.696,0.879,-0.399,-0.188,0.783,0,5.487242074475564,-0.20838839848675914
13.26,1.871,-0.005,-1.27,-0.959,0.73,0,2.65745841498615,0.00647972972972973
43.26,0.95,-1.417,-0.119,1.011,0.917,0,3.7900813346229034,-1.5454012944983817
18.42,-0.04,-0.032,0.512,-1.859,0.987,0,2.966303462863179,0.05966700100300903
139.03,1.203,-1.897,1.136,0.434,0.914,0,4.941856685367686,-0.8910151515151514
76.6,1.183,0.814,-0.295,-0.361,0.9,0,4.351567427189173,-0.32291648351648344
166.5,0.301,-0.057,-0.408,-1.39,0.81,0,5.120983351265121,0.09662195121951218
231.4,-0.247,-1.813,0.093,-1.363,0.949,0,5.448460024977757,2.576766423357664
35.81,0.063,-0.105,-0.727,-0.548,0.874,0,3.60576954739093,0.06509049773755655
108.94,-0.462,-0.106,0.247,0.438,0.779,0,4.699934762432514,-0.05884410646387832
63.39,-0.031,-0.092,2.057,2.692,0.76,0,4.164958341550092,-0.32164155844155845
132.45,0.679,-1.698,-0.533,-1.626,0.76,0,4.8937268758505335,3.585646753246753
90.21,-0.287,-0.044,-0.029,-0.473,0.753,0,4.513164540192067,0.027276539973787674
79.76,1.739,-1.034,0.04,0.625,0.928,0,4.391481793444637,-0.6889658848614072
123.88,-1.593,-0.917,0.136,0.481,0.81,0,4.827353276207177,-0.5378987804878048
138.4,-0.905,-0.547,2.259,1.5,0.939,0,4.937347498326424,-0.8645943097997894
56.91,-0.572,0.955,-1.379,0.356,0.812,0,4.058890081237698,0.41360097323600964
170.64,0.613,-0.562,0.304,-0.482,0.776,0,5.145399260123324,0.34463613231552165
95.25,-1.015,1.306,-2.459,-0.641,0.975,0,4.566948973167894,-0.8498944162436549
37.77,-0.478,-1.126,1.226,1.053,0.968,0,3.657646751682838,-1.2123496932515336
186.47,-0.379,-1.791,0.306,0.182,0.798,0,5.2336188326091,-0.4034183168316831
54.96,-0.272,0.767,0.917,-0.044,0.933,0,4.024637149797281,-0.035787910922587485
28.71,-1.137,-1.355,-0.088,1.546,0.703,0,3.391483689474516,-2.9380504908835907
106.63,1.584,-1.318,-0.437,2.434,0.974,0,4.678699419276207,-3.260174796747968
6.99,-0.688,1.62,0.976,1.191,0.703,0,2.0781907597781832,2.7060589060308557
33.56,-0.446,-0.416,-0.911,0.799,0.838,0,3.542696943935855,-0.39196226415094343
29.11,1.634,0.595,1.003,-1.644,0.939,0,3.4048573424936426,-1.0307481559536353
13.41,-0.994,1.184,0.126,-1.04,0.766,0,2.667922410011431,-1.5868041237113402
151.4,2.538,0.599,-0.923,0.881,0.944,0,5.026508643252546,0.5531645702306079
265.15,1.615,-0.006,-0.768,0.044,0.795,0,5.584060059618766,-0.00032795031055900617
12.78,-1.389,0.875,-1.149,0.608,0.928,0,2.6232182655855123,0.5671641791044776
14.98,-0.475,0.196,0.433,-0.351,0.735,0,2.7713379403381286,-0.09234362416107382
19.41,-1.73,0.337,0.391,-1.433,0.808,0,3.0160249768217535,-0.5903679706601467
17.88,-2.295,0.708,-0.489,0.289,0.88,0,2.9381031607173544,0.22990112359550557
53.75,-1.421,-0.498,1.199,-1.149,0.975,0,4.00277736869661,0.5809157360406091
75.75,-1.506,-0.669,0.19,0.453,0.893,0,4.340553386467307,-0.3356112956810631
52.21,0.481,0.777,0.718,-1.563,0.825,0,3.9742463486082777,-1.4544323353293414
5.56,-0.254,0.207,-2.107,0.128,0.799,0,1.8809906029559975,0.03275154511742892
60.15,0.422,-1.181,-0.381,-0.254,0.715,0,4.113329862133181,0.41375724137931036
6.97,-1.846,-1.734,0.545,-0.604,0.737,0,2.075684492802124,1.4020562248995985
214.85,-0.393,0.073,-1.758,-0.408,0.911,0,5.3745837220014865,-0.032338762214983705
61.52,-0.92,0.789,-0.002,-1.136,0.933,0,4.135486505553276,-0.9504814422057263
32.78,0.777,-0.52,0.344,-1.037,0.977,0,3.519868911379654,0.5463424518743667
161.46,-0.177,-0.43,0.932,0.463,0.768,0,5.090431817622808,-0.25589974293059126
22.67,-0.029,-0.161,-0.28,-0.352,0.818,0,3.1642084235258925,0.06844444444444445
133.94,0.3,2.423,-0.846,0.193,0.839,0,4.904830235199279,0.550811542991755
416.08,0.041,-0.879,0.359,-1.837,0.866,0,6.0332780499213925,1.843291095890411
78.23,-0.329,1.052,-0.293,0.01,0.929,0,4.372355014977151,0.011203407880724174
30.54,-0.581,0.785,-0.042,-0.017,0.848,0,3.451256581534892,-0.015553613053613056
25.44,-1.146,0.062,1.94,-1.39,0.718,0,3.2748780149834857,-0.11837912087912088
48.24,-1.04,-0.791,1.471,1.736,0.883,0,3.896706301316253,-1.5377110862262038
19.71,-0.919,-0.678,-2.049,2.132,0.796,0,3.030616675407493,-1.7934193548387096
136.06,0.285,-0.4,0.946,-0.341,0.722,0,4.920418786157677,0.18633879781420767
44.91,0.604,2.209,-0.284,-0.296,0.987,0,3.826682958261131,-0.6558314944834504
56.24,-0.299,-0.392,0.083,-1.751,0.797,0,4.0472529546882505,0.8505477075588599
56.59,-0.493,-0.948,0.627,-0.735,0.801,0,4.053348941518581,0.859161528976572
59.67,1.022,-1.086,-0.483,0.778,0.77,0,4.105449341954206,-1.0832153846153847
102.24,0.527,-1.149,0.232,-0.784,0.849,0,4.637056374850413,1.0486798603026777
15.28,-0.724,2.019,-0.618,-1.192,0.843,0,2.7899373605743945,-2.8213927315357563
13.16,0.112,0.31,0.912,-1.671,0.78,0,2.6504210882655737,-0.6557088607594936
117.37,0.402,1.721,-0.798,-0.84,0.811,0,4.773815311965802,-1.7608282582216808
18.32,1.265,-1.114,-0.494,0.976,0.768,0,2.961140828784372,-1.3975115681233934
156.95,-0.211,0.916,1.582,1.701,0.81,0,5.062278527248094,1.900141463414634
122.76,1.819,-0.739,-1.651,0.112,0.876,0,4.81834420626481,-0.09341760722347629
118.5,-0.074,0.291,0.532,0.148,0.73,0,4.783316371371566,0.058199999999999995
40.58,0.112,-0.123,0.004,1.046,0.754,0,3.727619282429867,-0.1684005235602094
16.56,0.19,2.626,-1.092,1.092,0.817,0,2.8656235882069705,3.467463119709795
6.84,-1.312,1.88,0.223,0.659,0.816,0,2.0592388343623163,1.499903147699758
31.01,0.412,-0.161,0.447,2.103,0.759,0,3.4660483539817717,-0.44028998699609884
157.32,-0.651,-0.765,-0.428,-0.385,0.976,0,5.064618301294311,0.29870689655172417
83.32,0.435,0.132,0.201,2.536,0.839,0,4.434619084793052,0.3942897526501767
10.43,-1.785,-0.383,-0.899,-0.73,0.796,0,2.4362414778067194,0.3468858560794045
42.03,0.122,0.71,-0.772,-2.028,0.978,0,3.7618975468505083,-1.4573684210526316
84.74,0.674,-1.021,-0.606,-1.11,0.766,0,4.451319461169831,1.4604510309278351
28.89,-0.51,-0.251,0.115,-0.846,0.988,0,3.3975239762958465,0.21277154308617235
18.32,-0.14,-0.907,-1.755,0.541,0.788,0,2.961140828784372,-0.6148959899749373
51.96,0.561,-0.251,0.453,0.418,0.732,0,3.9695369116287527,-0.1413989218328841
314.45,-1.094,0.93,-1.833,-0.397,0.744,0,5.754000190816819,-0.4896684350132626
34.25,1.226,0.301,-1.408,-1.263,0.836,0,3.5624655292582776,-0.44936524822695034
92.92,-0.796,1.156,-1.777,1.387,0.908,0,4.5424433560797866,1.7465925925925923
20.29,-0.479,-1.574,0.178,0.948,0.98,0,3.058237478905388,-1.5072242424242424
14.27,-2.348,-1.156,1.238,0.398,0.944,0,2.725890119230541,-0.48227253668763104
99.29,0.468,0.147,1.116,-0.39,0.967,0,4.608065989100117,-0.05867963152507676
62.49,-0.765,1.425,0.291,-1.149,0.757,0,4.150882413182359,-2.1347131681877447
57.0,0.086,-0.379,-0.865,-1.78,0.818,0,4.060443010546419,0.8147584541062802
12.7,-0.372,-1.42,0.021,-0.986,0.912,0,2.617395832834079,1.5185683297180042
106.88,-0.257,1.576,-0.141,-1.3,0.888,0,4.681019498271529,-2.2815144766146993
84.73,0.995,-0.764,-1.235,-0.35,0.835,0,4.451202822690664,0.3164497041420118
76.53,0.821,-0.093,0.944,-1.26,0.733,0,4.350664958230868,0.1577119784656797
47.33,-0.841,0.737,-1.119,0.29,0.73,0,3.8780524858569927,0.2888243243243243
67.96,-0.738,0.334,-0.025,0.038,0.735,0,4.233526626355437,0.017036241610738256
24.25,-0.022,1.439,0.529,-0.131,0.808,0,3.228826155721369,-0.23045110024449877
20.53,-0.92,-0.797,-1.87,-0.011,0.85,0,3.0694473113762717,0.010194186046511629
99.05,0.727,0.96,-0.287,-0.22,0.857,0,4.605670061029742,-0.24359861591695503
23.85,0.056,-0.856,1.149,-0.777,0.791,0,3.2128577525426376,0.8303520599250936
332.24,2.847,0.403,-0.022,1.939,0.84,0,5.8088629511067085,0.9193141176470588
44.0,-0.434,-0.181,0.226,-0.211,0.87,0,3.8066624897703196,0.04339886363636363
133.23,0.484,0.462,-1.288,0.202,0.743,0,4.899554746499545,0.12393625498007968
77.53,0.886,-2.037,2.52,-0.038,0.709,0,4.363480717386783,0.10765785813630041
7.84,-0.855,0.618,0.626,2.046,0.985,0,2.179286876649552,1.2707819095477386
158.36,1.782,-1.33,-0.27,-0.91,0.913,0,5.071165793836288,1.3112676056338028
87.84,-1.317,-0.063,-0.632,0.844,0.938,0,4.4868369990262265,-0.05608860759493671
85.39,-0.421,-0.117,0.394,-0.271,0.937,0,4.458871928370793,0.03348152059134108
77.7,2.134,-0.488,2.148,-0.502,0.789,0,4.365643155423357,0.3066032540675845
159.97,-1.03,1.223,-0.049,1.284,0.751,0,5.081218012218138,2.0635111695137978
11.88,0.752,0.411,0.551,1.089,0.741,0,2.5556757206762075,0.5959773635153128
13.39,0.926,-0.405,0.423,1.501,0.709,0,2.6665335208992764,-0.8454867872044507
71.55,-0.621,0.849,-0.24,0.362,0.722,0,4.2842759793301965,0.4198606557377049
19.81,-0.288,1.174,0.15,1.428,0.839,0,3.035433640405543,1.9746431095406358
144.79,1.333,-0.338,0.266,-0.78,0.904,0,4.982167230116731,0.28844638949671775
199.96,0.514,-1.36,-1.989,-1.133,0.731,0,5.303105883279834,2.079460188933873
17.25,0.499,0.673,1.129,-0.405,0.723,0,2.9041650800285006,-0.37184856753069584
88.32,1.367,-0.709,1.179,-0.251,0.854,0,4.492225426971957,0.20597106481481478
128.04,0.161,-0.754,2.167,0.991,0.902,0,4.8601224338169535,-0.819313596491228
217.7,-0.661,0.673,-0.067,0.058,0.88,0,5.387700927682722,0.04385842696629214
187.2,0.018,1.436,-0.819,-1.655,0.981,0,5.23750522715128,-2.398163471241171
24.15,-0.796,0.152,0.695,-0.744,0.788,0,3.224857896545748,-0.1417142857142857
366.43,3.687,0.182,0.152,-1.29,0.815,0,5.906532824319521,-0.28458181818181816
50.66,1.371,1.212,-0.001,-1.215,0.929,0,3.9446837876676946,-1.5682428115015974
54.78,-0.504,-0.902,-0.381,-0.293,0.809,0,4.021415382199343,0.32269352869352863
71.18,0.169,-0.697,-0.536,0.754,0.706,0,4.279162999214643,-0.7339916201117318
157.41,-1.302,0.18,0.481,0.58,0.919,0,5.065186608700759,0.1123789020452099
148.95,0.719,-0.881,1.366,-1.185,0.735,0,5.010301905195018,1.401322147651007
108.94,-1.718,-0.57,-0.118,1.387,0.841,0,4.699934762432514,-0.9290129259694476
112.31,-1.389,-1.306,0.772,0.708,0.704,0,4.730127425392475,-1.2950252100840338
18.2,-0.607,-1.174,0.992,-1.228,0.94,0,2.954910279033736,1.5175494736842103
23.13,-2.001,0.953,2.38,0.114,0.959,0,3.1834558796369405,0.11211764705882353
23.15,0.225,-0.73,-1.124,-0.353,0.734,0,3.184284380098582,0.3463575268817204
74.57,-1.347,-0.44,-1.333,0.672,0.843,0,4.325059379032629,-0.3466354044548652
61.01,1.414,-0.222,0.184,-0.129,0.929,0,4.127295662361787,0.03049840255591054
39.44,-0.572,-0.828,0.657,-1.931,0.713,0,3.6998193941522706,2.211435684647303
213.9,-0.285,-0.519,-0.304,-0.488,0.943,0,5.370172803648464,0.2657628541448059
86.17,0.459,-0.337,0.631,0.749,0.946,0,4.467860235023485,-0.2640303347280335
87.17,-2.347,0.027,0.308,-1.481,0.958,0,4.479266769098936,-0.041308884297520665
81.62,-0.224,0.657,1.023,1.342,0.894,0,4.414251781968619,0.9753252212389382
93.04,-0.5,-0.39,-2.473,-1.065,0.804,0,4.543720223671869,0.5102579852579853
134.47,0.398,0.241,1.241,-2.02,0.959,0,4.908750213592645,-0.5023942208462332
437.73,0.353,0.336,-0.858,0.96,0.886,0,6.083884189695508,0.36
37.31,-2.156,-0.905,-0.14,0.218,0.868,0,3.6457109587125576,-0.22470387243735762
43.06,0.754,1.903,0.702,-0.736,0.807,0,3.785552341374197,-1.7143304773561812
20.41,2.181,0.048,0.09,1.379,0.71,0,3.0638581026015914,0.09193333333333334
33.15,-1.165,0.539,0.516,0.957,0.837,0,3.530762586016799,0.6090000000000001
215.16,-1.383,-0.565,0.842,1.854,0.797,0,5.376018874211889,-1.2980297397769516
40.79,-1.574,-0.767,0.948,1.316,0.828,0,3.732657076459824,-1.2045011933174228
48.12,-1.392,-0.868,-0.222,-0.397,0.793,0,3.894266283838887,0.4291357409713574
72.44,-0.521,1.366,1.405,1.665,0.738,0,4.296468746312235,3.0406283422459897
113.93,0.175,2.528,-0.531,1.833,0.852,0,4.744323247380668,5.375665893271462
48.19,0.647,0.374,0.439,0.523,0.704,0,3.8956903508072482,0.27395238095238095
211.47,0.57,-0.331,-0.271,-1.361,0.917,0,5.358800801927547,0.4859665587918015
91.91,1.744,-0.821,-1.724,0.376,0.887,0,4.531631282653221,-0.3441426978818283
24.42,-2.205,1.087,0.153,-1.921,0.887,0,3.2355362657613083,-2.3279007803790415
290.72,0.523,0.802,-2.416,-0.471,0.709,0,5.675794438116032,-0.5253713490959667
42.81,-0.351,1.054,-1.731,-0.291,0.779,0,3.779862101825807,-0.3887376425855513
10.43,-0.977,2.142,0.979,2.212,0.932,0,2.4362414778067194,5.029834394904458
123.18,-0.004,1.563,0.566,-0.191,0.716,0,4.821732125936747,-0.41120247933884296
19.08,1.847,-1.303,-0.732,2.811,0.823,0,2.9997242948235283,-4.397038415366146
67.3,1.019,-1.023,-0.574,2.551,0.866,0,4.223909766576744,-2.9790787671232875
74.64,-0.607,-0.291,0.219,0.868,0.902,0,4.325985243790257,-0.27696052631578943
58.01,0.491,1.491,-0.78,-0.419,0.726,0,4.077706921069077,-0.8488165760869565
113.34,1.048,1.068,-0.239,0.658,0.863,0,4.7391764658358255,0.8049759450171822
87.13,0.652,1.295,1.681,1.518,0.963,0,4.478812997111569,2.0203597122302157
58.58,-0.298,-0.054,0.479,-1.448,0.979,0,4.0873199472851365,0.07906167846309403
14.29,0.369,-0.691,-1.186,0.795,0.936,0,2.727199019940971,-0.5807029598308667
16.72,-0.236,-0.617,0.118,-1.362,0.899,0,2.8746939451769347,0.9244818481848185
62.39,-1.199,1.426,2.087,-0.786,0.755,0,4.149306120296075,-1.4651450980392156
78.33,-1.449,0.167,0.409,-0.567,0.794,0,4.373616367313912,-0.11777238805970149
28.78,0.891,0.898,0.643,-0.386,0.9,0,3.393837027255863,-0.38090989010989007
41.06,1.641,-0.525,-0.159,-1.467,0.89,0,3.7390971702745537,0.85575
70.91,0.944,2.212,-0.39,-1.308,0.854,0,4.275415337114403,-3.348722222222223
133.73,-0.893,1.872,-0.606,-1.12,0.766,0,4.903272775767756,-2.701855670103093
88.47,1.022,-1.152,0.251,0.317,0.753,0,4.493903373559505,-0.478615989515072
75.83,-0.195,1.374,-0.202,-1.151,0.757,0,4.341595188879544,-2.0618956975228167
47.46,-2.182,-0.176,0.1,0.699,0.944,0,3.8807387153883797,-0.12895597484276727
126.56,-0.041,2.127,-0.842,-0.317,0.829,0,4.848586842141857,-0.8036460071513707
118.06,-0.11,0.404,1.167,0.142,0.797,0,4.779627567725244,0.07108798017348202
18.04,0.54,-0.295,-0.467,-0.932,0.835,0,2.9465420293632194,0.32537278106508877
164.63,-0.115,0.68,-1.362,0.042,0.842,0,5.109756384964063,0.03352112676056339
134.95,0.22,0.197,1.061,0.201,0.848,0,4.9122871710784795,0.046150349650349656
84.4,-0.436,1.512,-0.211,-0.6,0.881,0,4.447346100794524,-1.018181818181818
23.16,-0.457,-0.777,-0.566,-0.363,0.903,0,3.184698373066614,0.3089277108433735
162.34,-0.145,0.561,-0.106,0.207,0.763,0,5.09583391793013,0.15022897800776197
25.48,0.151,0.154,1.011,0.499,0.76,0,3.2763897310688073,0.0998
46.72,0.883,0.332,0.969,0.459,0.837,0,3.8653505972297153,0.1799149940968123
112.39,0.041,0.79,0.863,0.327,0.819,0,4.730833203983749,0.31161640530759954
51.11,-0.386,0.022,-1.868,-0.03,0.969,0,3.9533568689211234,-0.0006741573033707864
12.81,0.651,-0.059,0.295,0.588,0.871,0,2.6253929674212007,-0.03937797956867196
33.01,-0.734,-0.238,-0.661,1.074,0.894,0,3.526654599019104,-0.2827566371681416
42.62,2.392,-1.551,-0.586,0.612,0.816,0,3.775515760773483,-1.1491670702179178
16.85,0.176,-0.713,0.082,0.949,0.739,0,2.8820035082256483,-0.9033871829105473
9.67,-0.078,-1.039,1.165,1.389,0.742,0,2.367436065313662,-1.9191103723404255
90.32,-0.878,-2.368,-0.592,1.066,0.743,0,4.514369821661595,-3.3523081009296147
180.71,-0.684,-0.956,1.023,1.151,0.932,0,5.202412009660965,-1.1681061571125264
22.27,-0.868,-0.343,-1.82,0.36,0.9,0,3.1471649773142003,-0.1356923076923077
5.03,-0.103,-0.672,-0.092,-0.215,0.896,0,1.7967470107390942,0.1594701986754967
17.34,-0.298,-0.134,-1.461,-0.126,0.726,0,2.9090844668283187,0.02294021739130435
50.02,0.532,-2.108,-0.482,0.31,0.929,0,3.9322177127136655,-0.6959318423855165
7.26,2.099,-1.366,0.089,0.548,0.746,0,2.1114245875328868,-0.9901693121693124
66.95,-0.484,-2.442,0.004,-1.416,0.744,0,4.218772140597153,4.586037135278515
120.83,-0.748,0.167,0.26,0.871,0.792,0,4.8026266303663165,0.18136783042394014
8.97,-1.386,1.448,-0.934,0.725,0.903,0,2.299580583973747,1.1498357064622122
177.59,-0.237,-0.363,-0.064,-1.904,0.928,0,5.185092675833409,0.7368358208955224
63.06,-0.226,-0.033,-1.024,0.186,0.922,0,4.159820144181012,-0.006585836909871245
30.33,1.141,1.36,-1.444,0.723,0.777,0,3.4445761049641,1.249402795425667
173.99,1.193,0.414,1.373,-1.268,0.862,0,5.164728829433656,-0.6020091743119266
10.67,1.173,0.455,-0.948,1.776,0.703,0,2.4570214462984645,1.1333520336605891
85.99,-0.295,-0.916,-0.775,-1.332,0.843,0,4.46579316951945,1.4303774912075031
42.83,-1.555,0.314,0.984,0.377,0.765,0,3.780318514430718,0.1527458064516129
65.27,0.846,1.947,1.408,-1.331,0.708,0,4.193737306100135,-3.609271587743733
44.26,-0.398,0.027,2.165,0.107,0.92,0,3.8124236402053913,0.0031064516129032257
15.23,-1.313,-0.716,0.986,0.188,0.851,0,2.7868613815264998,-0.15633914053426248
97.07,-1.246,-1.585,1.002,-1.042,0.804,0,4.585681509404229,2.028955773955774
22.99,0.996,-0.368,-0.842,1.213,0.963,0,3.177637076851603,-0.45877081192189106
11.61,1.042,1.667,1.351,1.059,0.919,0,2.534490149976828,1.9002723358449944
24.73,1.215,1.856,0.171,-0.492,0.915,0,3.2476576262936527,-0.9871913513513514
33.3,-0.667,0.107,-0.88,-0.159,0.916,0,3.535145354171894,-0.018372570194384447
199.77,0.738,-1.374,-0.117,-0.47,0.785,0,5.3021599742654875,0.8123018867924529
27.06,-0.894,0.35,0.4,0.876,0.906,0,3.3343450746743146,0.3347161572052401
237.79,0.079,0.676,-2.107,-0.059,0.908,0,5.475584504594719,-0.04344662309368192
70.67,-1.112,-1.147,-2.271,-1.391,0.721,0,4.272072250005828,2.1825950752393983
49.96,-0.745,0.023,0.582,0.013,0.984,0,3.931041011263908,0.0003008048289738431
69.48,-1.833,0.129,-0.075,-0.007,0.801,0,4.255328981627924,-0.0011134401972872996
11.3,0.403,1.609,-1.691,0.572,0.936,0,2.509599262378372,0.9728837209302325
5.28,1.218,-1.271,-0.179,0.276,0.857,0,1.8373699804801074,-0.4046089965397924
70.63,-1.271,-0.302,0.199,0.556,0.733,0,4.27151398062636,-0.22599192462987888
79.13,-0.992,-1.541,-2.021,-1.564,0.893,0,4.383650315789979,2.669018826135105
129.32,0.553,-0.223,-0.042,-0.269,0.871,0,4.86999296429379,0.06808967082860387
32.68,0.853,-1.15,-1.151,0.352,0.957,0,3.516904189374126,-0.41861427094105474
101.85,1.414,-1.058,-0.082,-1.001,0.749,0,4.633271616098966,1.395333333333333
8.6,-0.928,-0.43,1.44,1.105,0.743,0,2.2617630984737906,-0.6310092961487384
7.12,-0.075,-2.156,0.393,0.37,0.91,0,2.0943301541735866,-0.8670869565217392
177.78,-4.929,5.69,-4.511,1.856,0.322,1,5.186155999659706,31.809156626506027
9.63,0.3,1.033,1.158,-0.239,0.911,0,2.363680192353857,-0.26806406080347445
78.66,-1.019,-0.608,-1.655,-0.631,0.798,0,4.377767577753498,0.4748118811881188
66.62,0.437,-0.472,-0.063,-1.169,0.916,0,4.21390379727974,0.5958617710583154
61.41,-0.4,-2.213,1.214,0.542,0.704,0,4.133725518945951,-1.6798963585434177
185.48,0.094,0.568,0.083,1.643,0.783,0,5.228323994727502,1.176827238335435
167.54,1.492,1.82,0.91,0.407,0.912,0,5.1271731103442075,0.803405639913232
25.16,0.388,-0.027,0.699,0.087,0.936,0,3.264231526588998,-0.002483086680761099
98.22,-1.331,-1.025,-0.912,1.94,0.932,0,4.597339606872903,-2.110934182590233
126.47,1.129,-1.047,-2.038,-0.063,0.82,0,4.84788104279483,0.0794710843373494
196.86,-1.37,-0.905,-1.179,-0.612,0.858,0,5.287559709895077,0.6380875576036866
18.56,-0.548,0.633,-0.976,0.255,0.984,0,2.9734866646066713,0.1623893360160966
56.53,0.537,0.644,0.831,0.542,0.729,0,4.052306550875202,0.47232476319350475
101.45,0.851,-0.697,-0.292,-0.862,0.806,0,4.629374874684909,0.7362916666666666
16.09,-0.233,-0.814,0.022,0.157,0.88,0,2.8384934971274993,-0.1435932584269663
59.13,0.333,0.118,-0.676,0.138,0.843,0,4.0965088850514775,0.019090269636576788
423.79,1.419,-1.701,-0.38,0.714,0.789,0,6.051594929161006,-1.5200425531914894
46.63,-0.519,1.044,-0.873,-0.356,0.742,0,3.863462814812769,-0.4942340425531915
125.86,-0.44,-0.652,-0.568,-1.163,0.722,0,4.843084116205751,1.0358961748633881
170.16,-0.257,1.064,1.583,1.25,0.917,0,5.142598791548616,1.4347357065803668
67.51,2.303,0.181,-0.991,1.312,0.796,0,4.226979720014808,0.29463027295285354
31.72,-2.083,0.727,-2.315,0.993,0.943,0,3.487986511734546,0.7575141657922351
11.46,1.809,1.728,-1.266,-1.864,0.932,0,2.522523513359307,-3.419312101910828
33.0,1.204,0.664,0.528,2.361,0.98,0,3.5263605246161616,1.5835393939393942
33.24,-0.478,-0.778,-1.189,0.433,0.964,0,3.5333945512735414,-0.34586652977412735
50.0,-0.451,0.629,-0.384,-0.163,0.775,0,3.9318256327243257,-0.13060764331210192
62.29,-0.14,0.562,-0.988,1.91,0.714,0,4.147727338787214,1.4826243093922653
64.52,-0.657,1.371,-0.825,0.298,0.904,0,4.182355439544814,0.44699999999999995
152.06,-0.563,0.839,0.156,-1.72,0.981,0,5.030830001381775,-1.4561856710393541
220.24,1.223,-0.614,-0.176,0.309,0.941,0,5.3992480851264775,-0.19950157728706627
31.51,-1.104,-0.574,1.226,0.025,0.853,0,3.4815477343158143,-0.016628041714947858
16.2,0.402,-1.586,1.654,1.789,0.722,0,2.8449093838194073,-3.8761666666666668
124.1,0.023,0.893,0.453,0.239,0.886,0,4.829113417472866,0.23819977678571427
100.36,-0.96,0.887,1.152,0.278,0.786,0,4.618678536012884,0.30978140703517587
198.35,-1.204,1.887,-1.339,1.681,0.943,0,5.295062073827364,3.3284858342077652
60.96,0.023,0.937,0.449,-0.669,0.74,0,4.1264890155486675,-0.8358040000000001
160.17,0.643,0.142,0.286,-1.026,0.85,0,5.082459708534627,-0.16940930232558138
20.69,0.182,-1.052,0.572,0.615,0.705,0,3.076851324838783,-0.9048671328671329
9.15,0.156,0.016,-1.267,-1.284,0.739,0,2.3174737054877963,-0.027428571428571427
100.36,-0.758,0.279,2.038,-0.397,0.843,0,4.618678536012884,-0.12985111371629546
100.37,0.564,0.96,1.033,0.339,0.961,0,4.618777189394308,0.33515962924819775
46.86,0.424,-0.436,1.409,0.457,0.816,0,3.868280082480227,-0.24122518159806297
412.44,-0.749,-0.866,1.959,-0.493,0.899,0,6.024512401154182,0.46967876787678764
181.41,0.719,1.912,0.997,0.836,0.754,0,5.206256900698823,2.0921884816753926
14.87,-0.197,-0.665,2.419,-0.042,0.978,0,2.7644305345383176,0.028269230769230772
39.14,0.191,1.593,0.54,-1.31,0.98,0,3.692373343368192,-2.1079090909090907
16.28,-0.66,0.011,1.026,-1.52,0.944,0,2.8495497633759097,-0.017526205450733752
116.4,0.882,-0.08,1.049,-0.815,0.837,0,4.765586907393996,0.07697756788665878
199.57,0.043,0.032,0.65,-1.105,0.914,0,5.301163312997955,-0.03826839826839827
120.29,-0.301,0.002,-0.859,-1.16,0.947,0,4.798184372320789,-0.0024242424242424242
161.24,-0.337,-1.25,0.457,-0.361,0.917,0,5.089076720402819,0.4867853290183387
42.08,-0.975,0.562,-1.5,-1.436,0.769,0,3.7630588522881876,-1.03598459563543
182.65,-1.169,0.95,0.371,-2.128,0.781,0,5.213031772265676,-2.5557522123893803
107.47,-1.708,-0.821,-0.042,0.077,0.815,0,4.686473637052126,-0.07662666666666666
45.95,-0.761,-0.697,0.762,-0.413,0.922,0,3.849083205654272,0.30886373390557936
102.12,0.556,-3.074,-0.304,-0.166,0.796,0,4.635893358630932,0.633106699751861
63.17,-0.764,-1.362,-0.927,-0.259,0.765,0,4.161535811762424,0.45517161290322583
30.78,-0.198,-0.492,0.2,-0.42,0.812,0,3.45883716110857,0.25138686131386856
38.63,-0.328,-0.448,-1.413,0.677,0.73,0,3.679586407202344,-0.40985945945945945
108.94,-0.164,-1.072,0.853,2.069,0.984,0,4.699934762432514,-2.2313561368209256
135.95,-0.645,1.224,-0.861,-0.532,0.838,0,4.919615895709087,-0.7678867924528302
140.53,0.687,-0.269,-1.803,2.337,0.928,0,4.952511708745748,-0.6702057569296376
14.09,-0.733,0.78,0.707,-1.557,0.962,0,2.7140322727797574,-1.2494444444444446
78.42,1.2,0.646,0.734,-0.54,0.821,0,4.374750225703106,-0.4197833935018051
21.42,-1.252,-0.739,-0.754,-0.941,0.752,0,3.109953417644014,0.9125971128608924
98.65,1.836,0.989,1.189,-0.689,0.738,0,4.6016640466588035,-0.9109906417112299
76.96,0.217,-1.768,1.062,-0.645,0.958,0,4.35619587463936,1.1780578512396696
120.35,-0.554,-0.798,-0.12,0.803,0.973,0,4.79867893217261,-0.6518758901322483
47.36,0.794,-0.192,-0.113,0.139,0.816,0,3.878673025746592,-0.03230992736077482
158.42,1.138,0.255,-0.737,-0.042,0.793,0,5.071542228999777,-0.013337484433374845
41.8,0.607,0.798,-0.033,0.048,0.882,0,3.756538102587751,0.042941704035874446
10.42,1.981,1.01,-0.076,-0.163,0.947,0,2.435366204227864,-0.1720271682340648
14.08,-0.376,-1.411,-0.483,0.674,0.989,0,2.71336936257981,-0.951965965965966
42.31,-0.932,-0.28,-1.118,0.785,0.882,0,3.7683835552265355,-0.24641255605381168
26.46,1.029,-0.323,-0.687,0.475,0.876,0,3.312730400339825,-0.17316591422121896
89.2,-0.074,-0.883,-0.232,-1.69,0.925,0,4.502029427068578,1.5960106951871658
19.64,-0.368,-0.6,-0.055,-0.269,0.775,0,3.027230940613362,0.20560509554140127
91.4,0.526,-0.046,0.434,-1.389,0.903,0,4.526126978647638,0.06998247535596934
153.43,1.673,-0.833,-0.585,-1.784,0.96,0,5.03974091923491,1.5320329896907217
259.48,-0.824,1.434,0.295,-0.726,0.784,0,5.562526082814175,-1.311188916876574
262.03,-1.909,-1.728,1.107,0.737,0.838,0,5.572268094113519,-1.501811320754717
25.47,-0.716,1.089,0.448,-1.105,0.726,0,3.27601201623901,-1.6349796195652173
306.98,0.12,-0.041,-0.038,-0.51,0.724,0,5.730034845800267,0.028487738419618533
66.01,-1.188,-1.247,-1.049,0.422,0.922,0,4.20484186198508,-0.5646287553648068
79.15,-0.228,0.701,0.047,0.3,0.982,0,4.383899879055562,0.21199596774193546
7.33,0.808,0.582,0.108,-0.614,0.933,0,2.1198634561787513,-0.37894803817603384
74.98,0.175,-0.395,0.821,-1.385,0.983,0,4.330470147759479,0.5509315206445116
15.66,-0.36,-0.981,-0.121,1.246,0.793,0,2.8130106367386967,-1.5221992528019925
75.02,-0.619,-1.499,1.058,-0.582,0.968,0,4.330996463561102,0.8920429447852761
126.15,0.206,-2.893,0.361,-0.548,0.873,0,4.845367491868129,1.7954292185730465
202.82,0.632,-0.728,-1.129,0.89,0.894,0,5.317237251400548,-0.7167256637168141
224.47,0.221,0.421,-1.292,1.076,0.754,0,5.418187112398421,0.5929267015706806
15.5,-0.418,-2.47,0.575,-0.998,0.724,0,2.803360380906535,3.3583923705722074
73.83,-0.344,-0.399,-0.843,-0.226,0.75,0,4.315218874092267,0.11865
243.13,-1.741,2.757,-4.126,4.836,0.174,1,5.4977008702979075,72.46115217391305
152.13,-0.199,-0.168,0.527,-0.242,0.779,0,5.031287233827117,0.05152851711026616
207.41,1.117,-0.012,-0.132,0.34,0.821,0,5.3395072933728995,-0.004909747292418773
112.97,1.039,-0.818,0.044,-0.795,0.735,0,4.735935255867644,0.8728993288590603
34.51,0.698,-0.497,0.53,-0.527,0.93,0,3.5698143469549963,0.2786372340425532
63.73,-0.745,-0.727,-0.246,-0.018,0.854,0,4.170224772557419,0.015145833333333332
264.5,0.245,-1.154,0.302,0.328,0.79,0,5.581614840681993,-0.47314
1045.8,-3.51,5.471,-6.07,1.387,0.184,1,6.953493170655991,39.11482989690722
25.3,1.072,2.029,-0.909,-0.084,0.931,0,3.269568939183719,-0.1811222104144527
21.34,0.28,-0.877,-0.621,-0.143,0.803,0,3.1063787936410545,0.15425707257072568
130.58,-1.551,1.303,0.497,-1.163,0.957,0,4.879615031657852,-1.567103412616339
93.33,0.094,1.363,0.555,0.305,0.924,0,4.546799272661762,0.44509100642398286
1132.85,-2.183,3.931,-3.661,4.337,0.066,1,7.033374200406295,224.3256184210526
96.16,-0.299,0.319,1.013,0.504,0.784,0,4.576359104133972,0.20248866498740553
49.17,0.74,2.683,-0.276,-0.464,0.771,0,3.9154172384961616,-1.5939974391805378
120.23,1.496,0.412,-0.027,-0.774,0.794,0,4.797689567758492,-0.3966268656716418
166.22,0.709,0.399,1.291,0.159,0.847,0,5.119310310721912,0.07402683780630107
71.04,0.146,-0.389,0.877,-0.367,0.978,0,4.277221520307755,0.14449696356275304
248.9,-0.774,-0.469,-0.192,2.25,0.729,0,5.521060837840906,-1.4279431664411366
101.2,1.089,0.189,1.295,1.912,0.828,0,4.626931677769604,0.4312267303102625
57.82,1.991,-0.687,-1.699,-0.525,0.783,0,4.074481933125849,0.4548234552332913
27.62,0.856,-0.359,-1.618,0.033,0.812,0,3.3541057741283047,-0.014412408759124086
14.51,-0.192,0.845,-0.505,0.698,0.722,0,2.7414849771884473,0.8057513661202185
7.74,-1.595,0.899,1.299,-0.23,0.772,0,2.167910189667444,-0.26441176470588235
36.37,-0.025,1.216,-0.426,1.111,0.816,0,3.6208682434973927,1.6355641646489105
20.55,-0.044,0.216,-0.333,1.247,0.832,0,3.070375816549757,0.31989548693586706
155.62,-0.52,-0.6,1.034,-0.665,0.808,0,5.053822489322791,0.4877750611246944
42.69,0.667,-1.365,-0.399,0.102,0.853,0,3.7771192429633444,-0.16133256083429895
30.25,-0.325,-1.907,0.195,0.396,0.972,0,3.4420193761824107,-0.7690142566191447
96.69,0.258,0.73,-0.946,-1.397,0.795,0,4.581799199664851,-1.2668447204968942
29.68,2.022,-0.803,-0.522,-0.234,0.905,0,3.4236109764990554,0.20535737704918033
57.22,-1.726,2.185,0.145,0.961,0.968,0,4.064228938317477,2.1470194274028627
65.73,-0.944,-1.355,2.593,1.913,0.899,0,4.200654626915515,-2.8516116611661166
26.61,1.158,0.66,-0.208,2.024,0.988,0,3.3181780259420632,1.3385170340681365
49.1,0.688,-0.928,-0.387,-1.07,0.731,0,3.914021008090819,1.3400269905533064
23.72,0.755,0.741,0.388,0.361,0.822,0,3.20761263258949,0.321515625
959.7,-7.09,8.0,-5.893,4.874,0.366,1,6.867662185415693,103.70212765957446
52.7,-0.962,-0.711,-0.498,0.554,0.968,0,3.983413001514819,-0.4027546012269939
98.56,0.127,0.932,0.949,1.514,0.941,0,4.600760477499391,1.4837518401682441
158.6,1.767,1.197,0.519,-1.394,0.867,0,5.072670685015709,-1.902643101482326
34.04,0.654,-0.723,0.354,-0.913,0.933,0,3.5564902660681907,0.6999989395546129
138.14,0.592,0.336,-0.294,-0.212,0.878,0,4.935480620495495,-0.08021621621621622
151.84,0.488,0.086,0.651,0.959,0.717,0,5.029391622578699,0.1134442916093535
14.69,-0.628,0.593,-0.226,0.314,0.926,0,2.753023566744941,0.19893376068376065
9.18,0.835,-1.452,-1.084,-0.659,0.99,0,2.3204250111223765,0.956868
99.49,-0.73,-0.162,1.692,1.178,0.937,0,4.610058220060867,-0.20151636747624074
33.94,-0.043,0.344,-0.981,-1.321,0.851,0,3.5536323047059106,-0.5277862950058071
239.59,0.523,1.594,-0.239,-0.23,0.846,0,5.4830942399170555,-0.42829439252336454
637.05,-4.705,5.524,-5.085,2.748,0.417,1,6.458416650179985,35.55023887587823
72.0,-1.159,-1.182,-0.08,-1.1,0.929,0,4.290459441148391,1.384664536741214
299.07,-1.276,0.006,1.106,0.788,0.721,0,5.704015780771546,0.006467852257181943
166.33,-0.107,1.283,1.735,0.491,0.896,0,5.119967910506483,0.6953123620309051
6.42,-0.366,1.563,1.519,0.253,0.799,0,2.004179057179289,0.4887997527812113
122.46,-2.067,-0.971,0.207,-0.074,0.924,0,4.81591721696575,0.07693147751605996
6.73,0.962,-1.486,-1.466,0.762,0.829,0,2.0451088625993306,-1.3496209773539931
25.24,0.025,-0.65,0.578,-2.062,0.974,0,3.267284964075888,1.3620934959349593
18.15,1.832,-0.33,-0.17,2.694,0.803,0,2.952302715626655,-1.0935055350553504
36.54,1.404,-1.556,0.495,-0.606,0.867,0,3.6254070311583626,1.0751835803876852
31.65,0.556,0.001,2.069,-0.771,0.762,0,3.48584485572244,-0.0009987046632124353
232.76,0.867,0.327,0.972,-0.504,0.81,0,5.4542949480023895,-0.20098536585365853
29.77,-0.064,0.681,0.017,0.215,0.92,0,3.4265401893339504,0.15743548387096776
5.6,1.726,-0.024,-0.532,0.44,0.822,0,1.8870696490323797,-0.012692307692307692
51.17,-0.134,-0.933,-0.608,0.935,0.825,0,3.9545076170343014,-1.044736526946108
280.67,0.083,-0.425,0.849,0.793,0.908,0,5.640736172938566,-0.36712962962962964
115.18,0.054,-0.698,-0.167,0.117,0.703,0,4.755140712564386,-0.11453856942496494
148.23,-0.674,1.63,1.635,-0.12,0.894,0,5.0054887399433765,-0.21637168141592916
146.81,-0.497,0.412,-0.774,-0.88,0.937,0,4.995927665223982,-0.3828511087645195
146.49,2.694,-0.155,-0.529,0.923,0.715,0,4.993760376871411,-0.19733103448275863
61.01,-0.586,-0.18,1.054,0.432,0.893,0,4.127295662361787,-0.08611295681063122
52.05,-0.907,-0.737,1.167,1.498,0.793,0,3.971234865059992,-1.374876712328767
6.75,0.354,-1.291,0.097,-1.367,0.848,0,2.0476928433652555,2.0568729603729605
83.73,0.801,-0.37,1.806,-0.502,0.884,0,4.439469730210373,0.2077628635346756
15.59,0.88,2.129,1.614,1.195,0.763,0,2.808800104202353,3.2912742561448898
26.85,-0.878,-0.151,-1.913,1.365,0.785,0,3.326832966373293,-0.2592641509433962
37.26,-0.406,-1.342,0.644,-0.966,0.736,0,3.644404964012107,1.7377640750670242
256.7,0.501,0.925,-0.549,-0.717,0.771,0,5.551796117658319,-0.8491997439180536
36.64,-0.42,0.067,-1.383,-0.642,0.876,0,3.6280673147171787,-0.04854853273137698
362.94,-2.667,0.634,1.238,-0.573,0.721,0,5.896989018885097,-0.4969658002735978
278.12,-1.735,-0.764,-0.794,1.2,0.813,0,5.631641796878519,-1.1139732685297692
19.69,1.678,0.161,0.196,-0.101,0.756,0,3.029650491757452,-0.02122845953002611
10.83,0.978,0.404,1.854,1.963,0.828,0,2.4706386779902956,0.9463627684964202
358.0,0.164,-0.566,0.134,-1.442,0.926,0,5.883322388488279,0.8719786324786323
29.08,0.538,-0.127,0.419,1.506,0.764,0,3.403860499081639,-0.24710852713178297
52.08,0.627,0.536,0.76,-1.197,0.728,0,3.9718002094640066,-0.8693658536585367
7.0,-1.5,0.265,0.195,-0.357,0.844,0,2.0794415416798357,-0.11077868852459016
140.23,1.231,0.878,-1.09,-0.887,0.874,0,4.9503897670809724,-0.8809796380090498
23.98,0.098,1.35,0.595,-1.298,0.974,0,3.2180755046974316,-1.7807926829268295
12.28,-0.462,-2.11,0.293,2.791,0.965,0,2.5862591440482876,-6.040010256410256
129.43,-0.017,0.356,-0.156,0.618,0.77,0,4.8708366843821915,0.2820615384615384
26.81,-1.292,-0.033,-1.106,1.453,0.794,0,3.3253956682458736,-0.05963805970149254
57.58,-1.135,0.135,0.652,0.354,0.781,0,4.070393341399587,0.06041719342604298
21.91,-0.688,0.567,0.116,-0.447,0.77,0,3.1315734964654043,-0.3249346153846153
21.02,0.008,1.341,0.187,-0.337,0.959,0,3.091951131294534,-0.466374613003096
20.13,-0.415,1.702,0.825,0.979,0.708,0,3.0506938316279655,2.3206935933147634
21.74,0.747,-0.05,1.198,-1.468,0.704,0,3.12412548832239,0.10280112044817928
110.55,1.551,0.742,0.486,-0.757,0.91,0,4.714472920878541,-0.6105369565217391
102.65,-0.704,-0.674,-1.034,0.548,0.892,0,4.641019838881789,-0.4094811529933482
62.66,-1.534,-0.871,0.012,0.665,0.863,0,4.1535564218539465,-0.6634765177548683
258.38,0.352,0.118,1.049,-0.556,0.948,0,5.5582941679075955,-0.06848434237995825
31.92,1.572,-0.634,0.241,-0.378,0.732,0,3.494080375808869,0.3229811320754717
213.99,0.555,-1.641,-0.346,-0.574,0.817,0,5.370591515418057,1.1389770253929867
61.74,2.024,-2.494,0.476,-1.294,0.856,0,4.138999202762532,3.726600461893765
20.25,0.691,-1.075,-1.108,-1.295,0.738,0,3.056356895370426,1.8611296791443848
77.83,1.289,-1.154,0.542,1.545,0.78,0,4.367293635071817,-2.2568734177215184
65.39,0.4,-0.246,-0.042,1.586,0.98,0,4.195546442731068,-0.3940969696969697
72.26,-0.662,-0.281,1.123,0.136,0.951,0,4.294014757350668,-0.039766909469302815
83.86,1.63,-1.156,-0.492,1.458,0.838,0,4.441002839774179,-1.9875566037735848
563.61,-3.093,4.832,-4.519,4.247,0.206,1,6.336135227316808,95.00696296296296
79.61,-0.655,0.639,-0.496,0.286,0.959,0,4.38962271129551,0.18860061919504645
18.73,1.087,1.6,0.277,1.49,0.717,0,2.982140320034524,3.279229711141678
109.01,-1.543,-1.003,0.005,0.026,0.906,0,4.700571270751344,-0.028469432314410476
68.52,0.751,0.804,1.828,-0.356,0.931,0,4.241614480957137,-0.30417003188097763
45.09,0.486,-0.044,-0.061,-0.172,0.841,0,3.830596006732417,0.008893066980023501
5.12,-0.297,0.555,0.747,-0.565,0.781,0,1.8115620965242347,-0.3964285714285714
96.11,0.504,0.554,-0.084,0.057,0.723,0,4.575844356606263,0.04308049113233288
36.14,0.001,-0.546,1.14,-2.103,0.787,0,3.61469455592456,1.4407001254705145
61.53,-1.064,-0.577,1.34,1.154,0.94,0,4.1356464415792065,-0.7009031578947368
181.58,1.037,1.131,-0.575,0.673,0.803,0,5.207188433136935,0.9362398523985239
18.35,0.594,-0.658,-0.355,-1.659,0.744,0,2.962692419475791,1.4477745358090186
101.3,-0.821,1.355,-0.687,0.752,0.901,0,4.627909672957581,1.1185071350164655
116.28,-0.249,-0.427,-0.913,-1.762,0.962,0,4.764564238138341,0.7740473251028807
23.5,0.772,0.677,0.477,-2.838,0.97,0,3.1986731175506815,-1.9605367346938776
45.39,1.287,0.299,0.194,-0.679,0.772,0,3.8370839187636525,-0.2596176470588235
203.54,-0.729,-1.157,-0.946,0.325,0.827,0,5.320763555377867,-0.44925328554360816
24.42,1.308,-1.434,0.449,0.547,0.962,0,3.2355362657613083,-0.8069938271604938
36.73,-0.188,0.795,-1.068,1.889,0.824,0,3.6304555339762192,1.8006654676258995
72.24,1.172,-0.577,1.433,1.009,0.767,0,4.2937417198063095,-0.74928314028314
301.86,-1.087,0.575,-0.701,0.538,0.718,0,5.713270652528509,0.4249313186813187
68.74,-1.337,0.23,0.464,-0.158,0.783,0,4.2447740412475055,-0.04582597730138714
19.37,-1.096,0.736,-2.159,0.952,0.979,0,3.0140632302387145,0.7084651162790697
53.2,0.62,0.117,-0.39,1.106,0.873,0,3.9926809084456005,0.14654813137032843
44.96,-1.123,-0.326,1.431,2.229,0.755,0,3.827771452980555,-0.9498745098039216
71.33,0.854,-0.039,-1.062,0.219,0.859,0,4.28123898086119,-0.009828538550057537
21.97,-0.92,-1.968,-1.662,-0.608,0.93,0,3.134189016701007,1.2729191489361702
86.74,1.428,-1.512,-0.225,-0.61,0.933,0,4.474377895738068,0.9780699893955461
60.13,0.161,0.868,2.211,-1.565,0.942,0,4.113002744040634,-1.4269117647058824
26.29,0.267,1.049,-0.384,0.206,0.922,0,3.306520334720247,0.23186051502145918
36.64,0.042,1.404,1.411,-1.282,0.877,0,3.6280673147171787,-2.0292311161217587
103.88,-0.157,0.841,-0.508,1.361,0.963,0,4.652816839455444,1.1763627954779035
72.02,-0.631,0.282,0.886,0.308,0.752,0,4.29073337622749,0.11398425196850392
118.76,0.305,-0.755,-0.018,-0.493,0.779,0,4.785489740111373,0.4717553865652725
59.5,0.026,-0.108,-1.515,0.341,0.888,0,4.102643365036796,-0.04101113585746102
188.26,0.786,-0.527,-0.213,0.074,0.809,0,5.243121731080087,-0.04761660561660561
65.25,-0.921,1.002,-0.782,-0.247,0.753,0,4.193435464866331,-0.3243695937090432
61.84,1.58,-0.031,-0.856,0.648,0.873,0,4.14059181338742,-0.022749716874292187
6.77,1.409,-0.541,1.143,-0.342,0.983,0,2.050270164379556,0.18632628398791543
84.43,-0.345,-1.017,0.453,1.121,0.928,0,4.447697327163527,-1.2154125799573559
141.76,-0.458,0.688,0.358,0.863,0.784,0,4.961164898621959,0.7477884130982366
376.09,0.099,0.597,-0.483,0.695,0.821,0,5.9324838857477555,0.49929602888086644
22.28,-0.697,3.506,0.652,-1.084,0.734,0,3.147594622863237,-5.108204301075269
10.41,-1.368,-1.746,-1.14,-0.849,0.798,0,2.4344901638739844,1.8345965346534652
20.16,0.835,-0.199,0.713,-1.065,0.741,0,3.052112606990099,0.28220372836218377
42.13,0.443,-0.181,1.773,-0.67,0.875,0,3.764218810659752,0.13702824858757062
17.92,-0.176,0.503,-0.062,-0.141,0.797,0,2.9402195636237325,-0.08788475836431227
13.27,-1.53,1.198,1.27,0.938,0.75,0,2.658159431488745,1.4785842105263156
15.07,-0.458,-0.628,0.499,-0.952,0.822,0,2.776954179749421,0.718576923076923
70.6,-0.452,-1.065,1.247,1.073,0.896,0,4.2710950739666,-1.2613079470198674
73.28,0.01,0.631,-1.598,-0.32,0.729,0,4.307841736484505,-0.273234100135318
72.53,0.256,-1.969,0.5,-0.435,0.99,0,4.297693486208131,0.856515
38.08,-0.787,0.743,1.464,0.892,0.915,0,3.6656108271745818,0.716492972972973
24.73,-0.256,1.129,0.221,-1.475,0.95,0,3.2476576262936527,-1.7346614583333335
295.18,-0.242,-0.825,-0.777,-0.325,0.956,0,5.690967377609358,0.27756211180124224
86.23,-0.525,1.213,-1.702,-0.838,0.827,0,4.468548308445127,-1.2144492234169655
85.12,1.251,-0.026,-0.071,0.935,0.77,0,4.4557416724961625,-0.03116666666666667
251.83,0.795,1.334,-0.247,0.143,0.72,0,5.532717326117946,0.26131780821917805
19.13,-0.25,-1.112,0.171,-0.165,0.868,0,3.0022112396517002,0.20897494305239184
44.04,0.148,-0.7,0.332,-0.524,0.933,0,3.807550983831435,0.3889713679745493
71.74,0.399,-0.487,-1.031,-0.714,0.836,0,4.286891439558843,0.4110141843971631
222.55,0.56,-0.28,-0.933,0.599,0.792,0,5.40963510267999,-0.20912718204488778
17.46,-1.224,-0.935,0.896,1.048,0.977,0,2.9156062290747062,-0.9927862208713274
114.56,1.091,1.095,-0.354,0.665,0.787,0,4.749789875598035,0.9136449184441656
119.9,0.194,-0.128,-1.871,0.326,0.925,0,4.794963757620747,-0.044628877005347595
36.83,-0.762,0.329,0.112,-1.723,0.947,0,3.6331024386449378,-0.592337513061651
22.38,1.024,0.019,0.906,0.537,0.934,0,3.1518809560439225,0.010808262711864407
135.68,-0.275,-0.989,1.57,0.768,0.976,0,4.917642427247091,-0.7703367139959432
55.8,0.397,-0.854,-0.338,1.326,0.728,0,4.039536325727106,-1.5344227642276422
20.72,-0.005,0.375,1.26,-0.008,0.859,0,3.0782334950657346,-0.0034522439585730727
14.12,-0.558,-1.392,0.803,-0.256,0.846,0,2.716018370751387,0.4162990654205608
316.72,-3.101,7.711,-4.805,5.395,0.139,1,5.761170491764932,279.2003020134228
144.02,0.348,-0.164,-0.688,-0.517,0.843,0,4.976871663943447,0.0993997655334115
9.41,-0.005,-0.55,-0.208,-1.876,0.814,0,2.3427668826268775,1.2521844660194177
17.37,1.672,0.633,-0.977,1.615,0.74,0,2.9107188992270343,1.36306
63.83,-0.079,0.985,-1.134,-1.036,0.96,0,4.171768459186905,-1.052020618556701
21.62,1.806,0.296,-0.472,-0.106,0.766,0,3.1188344706879745,-0.04043298969072164
202.27,1.35,0.099,0.664,0.083,0.964,0,5.31453514457087,0.00843634496919918
61.06,0.914,-1.634,-0.019,2.05,0.938,0,4.128101659020234,-3.5334388185654007
22.21,1.247,-1.108,-0.373,-1.572,0.979,0,3.1445832202863455,1.7611486349848333
88.57,0.643,1.574,0.064,-1.153,0.773,0,4.495020442487104,-2.317780332056194
568.08,-0.881,-0.762,0.208,2.35,0.706,0,6.344021021782966,-2.5009776536312853
16.79,-0.072,1.374,-0.114,-1.162,0.773,0,2.8786365016777435,-2.039065134099617
26.51,-0.122,0.406,-0.659,0.791,0.819,0,3.3145495749364833,0.3873896260554886
173.52,0.918,-1.942,-2.358,0.833,0.885,0,5.1620393482554086,-1.8074703910614525
59.49,-0.093,-1.0,1.687,0.656,0.819,0,4.102478062118823,-0.7913148371531967
118.06,0.364,-0.876,-1.746,0.742,0.747,0,4.779627567725244,-0.8586420079260237
41.04,-1.388,0.183,0.064,-0.483,0.929,0,3.7386215460087504,-0.09413099041533546
28.93,-2.482,0.631,0.465,-1.23,0.988,0,3.3988613218646075,-0.7776853707414829
43.64,-1.934,0.589,-1.174,1.573,0.854,0,3.7986303180730556,1.0723344907407406
94.86,-0.101,-0.219,-1.706,-0.286,0.714,0,4.562888793731485,0.08651104972375691
12.71,-0.459,-0.636,0.392,0.131,0.787,0,2.6181254935742233,-0.10453701380175659
169.26,0.603,0.008,0.596,-0.078,0.833,0,5.137326680455911,-0.0007402135231316726
69.19,0.626,0.856,-1.267,1.825,0.93,0,4.2512058507423305,1.6619148936170212
256.68,0.022,-0.125,0.371,0.888,0.932,0,5.551718505022944,-0.11783439490445859
196.62,0.838,0.969,0.337,-1.548,0.906,0,5.286345994766816,-1.6375676855895194
35.71,-0.278,-0.599,0.44,0.316,0.965,0,3.603049197508743,-0.1941374358974359
45.48,-1.268,-1.732,1.503,-1.123,0.804,0,3.8390221125436557,2.3894791154791153
6.75,-1.476,-0.326,-0.03,-0.478,0.76,0,2.0476928433652555,0.20237402597402596
56.24,0.714,-1.53,0.023,0.234,0.888,0,4.0472529546882505,-0.3986859688195991
218.92,-1.088,-0.411,-0.704,-1.573,0.887,0,5.393263843856991,0.7207391304347825
5.39,0.436,-0.757,0.149,-0.111,0.792,0,1.8547342683894434,0.10477182044887781
38.64,-0.335,-1.314,0.989,1.345,0.894,0,3.6798387094617873,-1.9550110619469028
185.24,0.061,-1.048,0.828,1.371,0.83,0,5.227036164543073,-1.7104857142857144
6.47,-0.808,-0.331,-1.258,-0.289,0.926,0,2.010894999144726,0.10219978632478631
179.4,0.251,-2.441,0.048,0.613,0.989,0,5.1951766076285235,-1.4978308308308308
18.03,-0.009,1.135,-0.1,0.397,0.977,0,2.946016681308058,0.45652988855116516
17.92,-1.003,0.586,0.787,-0.714,0.809,0,2.9402195636237325,-0.5108717948717948
5.61,-1.429,-0.451,-0.998,0.599,0.944,0,1.888583653863595,-0.28317505241090146
31.41,-1.564,-0.828,-0.764,0.276,0.839,0,3.4784670171534557,-0.2691731448763251
39.61,-0.364,0.362,0.05,-0.955,0.987,0,3.7040143416982065,-0.34675025075225674
7.97,-2.259,-0.771,-1.267,-1.208,0.96,0,2.1938856760707046,0.9601731958762887
6.63,-0.735,0.818,-1.269,-1.855,0.788,0,2.0320878452963655,-1.901491228070175
13.35,-0.345,-0.66,-0.245,0.216,0.915,0,2.66374994220563,-0.1541189189189189
33.98,-0.183,0.979,0.264,-1.26,0.865,0,3.554776469590456,-1.4097600000000001
44.65,-0.912,-0.097,-0.603,1.342,0.755,0,3.8210036070409776,-0.170162091503268
61.12,-0.264,1.125,-0.87,-1.562,0.936,0,4.129067998280486,-1.8575581395348835
5.89,0.73,-0.979,-1.7,-0.945,0.953,0,1.9300710850255671,0.9607009345794393
216.9,0.222,0.387,0.344,-1.079,0.708,0,5.384036241950574,-0.5815779944289693
109.75,0.847,0.684,0.433,-1.105,0.752,0,4.707275408925245,-0.9918897637795276
254.13,-0.651,0.282,0.546,-1.046,0.838,0,5.541773219174124,-0.34784433962264144
118.3,0.917,-1.273,0.175,-1.296,0.978,0,4.78164132910387,1.6698461538461538
89.1,0.488,-0.768,-1.849,0.292,0.751,0,4.500920164614292,-0.2946859395532194
21.63,-0.952,-0.084,-0.035,1.025,0.827,0,3.119276459645446,-0.1028673835125448
49.47,0.43,-2.232,-0.753,2.345,0.96,0,3.921379100352171,-5.395917525773197
37.49,-1.712,0.67,-0.407,0.259,0.755,0,3.6503984672956546,0.22683660130718955
142.31,0.457,-1.151,0.024,0.49,0.754,0,4.96501011606998,-0.7382068062827225
37.87,-0.486,1.06,0.907,0.731,0.845,0,3.660222744864132,0.9062690058479532
134.95,0.176,-1.993,-0.91,0.511,0.779,0,4.9122871710784795,-1.2907769328263625
94.73,-0.093,2.159,-0.088,1.445,0.956,0,4.561531728958262,3.2295600414078676
118.17,-0.909,-1.609,0.722,0.307,0.752,0,4.7805510451027144,-0.648245406824147
66.45,-0.357,-0.617,-0.519,0.228,0.892,0,4.211386582653765,-0.155960088691796
201.41,0.194,0.114,-0.175,-0.831,0.967,0,5.310295343307444,-0.09696417604912999
24.26,0.047,0.747,-0.115,-0.92,0.795,0,3.229222116922345,-0.8537142857142858
33.18,-1.144,2.891,-0.878,-0.038,0.933,0,3.5316406776874447,-0.11649840933191939
60.82,0.429,0.424,0.174,0.275,0.731,0,4.124226936703971,0.15735492577597843
107.83,-0.917,0.059,-0.537,0.184,0.794,0,4.68978703170797,0.013502487562189053
44.51,-1.279,-0.074,-1.616,1.95,0.975,0,3.8179320820285505,-0.146497461928934
238.91,1.952,0.885,-0.369,-0.484,0.961,0,5.480263853011908,-0.4411328527291452
107.1,0.296,-1.31,-0.19,0.533,0.754,0,4.683056724645162,-0.913913612565445
247.06,-2.362,-1.105,0.526,-0.312,0.945,0,5.513670652387184,0.36100523560209424
48.84,-0.054,-0.473,-0.309,-0.276,0.814,0,3.908817874479198,0.15843203883495147
13.87,-1.14,-0.333,-0.516,0.231,0.859,0,2.6993457604720636,-0.08851898734177216
131.08,0.103,0.234,-0.863,0.702,0.83,0,4.883407799611873,0.19555714285714287
324.25,0.355,0.328,0.329,0.994,0.916,0,5.784594117392615,0.3520863930885529
42.8,-1.603,0.662,0.168,-0.963,0.802,0,3.7796338173824005,-0.7851059113300493
79.39,1.625,2.257,-0.163,-1.028,0.935,0,4.386889790339869,-2.4552338624338623
220.35,-3.984,-1.084,-4.34,5.151,0.09,1,5.39974515917815,-55.83684
175.32,0.514,0.673,1.605,-0.211,0.839,0,5.17230052596455,-0.16725912838633689
118.4,1.127,-0.142,2.038,0.648,0.744,0,4.782479200958502,-0.12203713527851459
59.32,0.206,-0.819,0.441,0.659,0.81,0,4.099663723699701,-0.6581963414634145
436.99,1.04,0.538,0.08,1.325,0.806,0,6.082196079065586,0.8735906862745098
102.43,1.762,1.229,-0.853,-1.879,0.862,0,4.638895055389712,-2.648269495412844
160.39,-0.455,0.314,1.186,-2.032,0.905,0,5.083823796047731,-0.697320218579235
264.78,1.496,0.829,0.819,-0.444,0.831,0,5.5826688989033615,-0.4376646848989299
551.23,0.67,-0.485,-0.109,0.574,0.981,0,6.313964626162312,-0.2809182643794147
88.8,1.313,-0.365,-1.038,-0.907,0.89,0,4.497584975308154,0.3678388888888889
47.08,0.654,1.071,0.891,-0.198,0.819,0,3.872866290226952,-0.2557997587454765
110.31,2.012,0.124,1.789,-1.049,0.775,0,4.712319101505135,-0.16570191082802546
53.49,1.042,0.253,2.017,-0.484,0.75,0,3.998017198595007,-0.16112105263157894
9.96,1.337,0.08,-0.094,-0.289,0.892,0,2.3942522815198695,-0.02563192904656319
16.91,0.211,-1.573,-2.511,-0.313,0.96,0,2.8853592160726205,0.5075762886597938
11.34,1.162,0.222,-1.303,-1.774,0.802,0,2.5128460184772416,-0.48500985221674875
83.66,0.759,0.569,1.635,-0.629,0.966,0,4.438643235092778,-0.3667018442622951
220.57,0.939,1.4,-1.337,0.133,0.736,0,5.400738566647185,0.24959785522788205
61.52,0.264,-1.169,0.382,2.174,0.711,0,4.135486505553276,-3.5248349514563104
10.05,-0.204,-0.095,1.417,1.259,0.751,0,2.402430427963762,-0.1571681997371879
218.88,-0.618,0.688,-2.953,-1.004,0.801,0,5.39308194299246,-0.8517287299630085
149.65,-0.2,-0.924,-1.085,-2.496,0.95,0,5.01495926557631,2.4024
25.92,0.247,-0.832,-1.429,-0.374,0.805,0,3.2928695047765273,0.381801226993865
30.56,0.129,-0.872,1.286,-1.046,0.935,0,3.4518904959776733,0.9651978835978836
32.82,0.69,0.517,-0.638,0.584,0.902,0,3.5210523434704344,0.3310614035087719
169.45,-0.032,0.577,-0.076,0.404,0.763,0,5.138441998583912,0.3015627425614489
66.32,-0.584,2.08,-1.937,1.552,0.852,0,4.209457369322605,3.7449651972157776
264.17,-1.68,-0.001,-0.746,1.189,0.937,0,5.580371129740966,-0.001255543822597677
9.97,-0.667,-0.276,0.246,-0.645,0.812,0,2.395164274287139,0.21656934306569342
179.39,-1.881,0.151,0.807,1.438,0.932,0,5.195121173719587,0.23050743099787685
92.69,0.491,-0.959,-0.781,-2.299,0.967,0,4.539991459963097,2.2566438075742066
42.93,-1.578,1.294,-0.103,-0.896,0.873,0,3.782597457987688,-1.3130509626274065
49.49,1.182,-0.403,0.929,-0.21,0.758,0,3.921775296870824,0.11019531249999999
26.27,-0.232,-0.399,0.061,1.608,0.832,0,3.305787196857497,-0.7619857482185274
79.58,0.459,0.21,0.53,-0.45,0.902,0,4.389250479763201,-0.10361842105263158
6.24,0.544,-1.38,3.382,0.291,0.767,0,1.979621206397625,-0.5168339768339767
100.53,-0.695,-1.469,1.456,-1.11,0.726,0,4.6203543213131315,2.215475543478261
24.56,-0.189,-0.144,0.473,-1.292,0.912,0,3.241028629509334,0.20178741865509758
96.77,-0.66,-0.037,0.627,0.256,0.902,0,4.5826177815175795,-0.010385964912280702
25.91,1.513,1.51,0.575,0.766,0.741,0,3.2924979647388146,1.5401597869507324
41.31,-0.069,2.264,-0.531,0.434,0.75,0,3.7450234647319762,1.2928631578947367
156.08,1.484,1.589,2.667,-0.798,0.875,0,5.056755229709809,-1.432793220338983
297.11,-0.686,-0.666,0.167,-0.467,0.859,0,5.697462545911382,0.3579079401611047
15.02,-1.106,-0.466,0.362,-0.135,0.898,0,2.7738379416402132,0.06928414096916301
5.65,-0.257,1.809,1.403,0.082,0.904,0,1.8946168546677629,0.16229540481400437
28.75,2.526,1.365,-1.3,-0.198,0.765,0,3.392829131991639,-0.34873548387096776
33.05,1.135,1.114,1.775,0.678,0.985,0,3.527830032595521,0.7590874371859297
46.34,-0.906,1.37,-0.741,-0.409,0.832,0,3.857355604085838,-0.6654750593824228
63.15,0.868,-0.948,0.689,-0.449,0.752,0,4.161224091061645,0.5585984251968503
43.9,1.388,1.611,1.0,0.265,0.952,0,3.8044377947482086,0.44377858627858635
72.11,-0.126,1.318,-0.963,0.982,0.799,0,4.291965156305224,1.5998467243510506
103.48,-0.839,-0.044,0.423,-0.618,0.795,0,4.648995665528121,0.033778881987577634
65.23,0.765,0.812,1.521,0.574,0.743,0,4.193133532496888,0.6189747675962816
44.54,-0.813,-0.089,-0.847,-0.768,0.769,0,3.8185910606355935,0.08774326059050064
62.88,-0.991,0.218,0.266,0.865,0.873,0,4.1570063233468115,0.2135560588901472
375.98,0.637,0.19,-0.972,-0.8,0.85,0,5.932192135642911,-0.17674418604651165
65.39,0.736,-1.008,1.899,-0.43,0.838,0,4.195546442731068,0.5111320754716981
326.88,0.186,-0.44,1.298,-0.184,0.929,0,5.79264768778483,0.08621938232161874
141.89,-0.11,-1.505,-0.827,0.712,0.733,0,4.9620751034808785,-1.4422072678331088
93.26,0.044,0.21,0.583,1.82,0.927,0,4.546056921495585,0.407897545357524
321.33,-2.283,1.211,0.217,-1.03,0.93,0,5.7755758654700795,-1.3269468085106382
69.78,1.746,-1.021,-0.849,-1.293,0.988,0,4.259576474917317,1.3227985971943887
91.01,0.233,0.282,0.987,0.441,0.783,0,4.52189726679427,0.15682471626733918
91.16,1.753,1.297,-0.529,-0.787,0.783,0,4.523526196947581,-1.287186633039092
83.3,-0.735,-1.028,-0.097,-0.444,0.942,0,4.4343818650078095,0.47944537815126054
1163.29,-4.678,2.609,-5.567,2.234,0.372,1,7.059866738154415,15.257869109947643
93.48,0.402,1.383,-0.841,-0.749,0.703,0,4.548388171889107,-1.4528288920056103
134.08,0.442,0.572,0.015,-0.025,0.713,0,4.905867195517367,-0.019778699861687416
14.49,-1.066,-2.661,0.558,0.982,0.744,0,2.740194654428777,-3.4656525198938994
26.79,-0.659,-0.375,1.006,-0.935,0.77,0,3.3246762437544124,0.4495192307692308
158.34,-1.994,-0.343,1.639,-0.685,0.85,0,5.07104028395222,0.2732034883720931
5.62,0.197,1.542,-0.793,0.011,0.769,0,1.890095369948917,0.02177406931964056
132.76,0.073,0.982,-0.52,-0.173,0.898,0,4.8960471493363915,-0.18709911894273126
32.74,0.159,-0.425,-0.308,-0.009,0.732,0,3.5186840771178223,0.005154986522911051
107.11,-0.574,-0.263,0.151,1.606,0.789,0,4.68314922730468,-0.5286332916145181
49.29,1.4,-0.878,1.468,1.244,0.93,0,3.9178062501838733,-1.1619489361702129
89.78,-1.832,-1.352,0.284,-0.387,0.921,0,4.508438997028319,0.5620021482277121
29.03,0.258,1.049,-0.372,-0.016,0.811,0,3.402196881995239,-0.020443361753958587
92.0,-0.086,-0.874,1.695,2.406,0.713,0,4.532599493153256,-2.9084979253112038
273.08,0.21,0.493,-0.104,-0.142,0.753,0,5.613420034575809,-0.09175098296199213
67.31,0.66,-0.985,-0.354,0.033,0.916,0,4.224056168743758,-0.03510259179265658
22.79,-0.475,1.066,-0.871,-0.167,0.903,0,3.1692653243148663,-0.1949857612267251
33.25,-0.311,-0.557,-0.19,-0.11,0.982,0,3.5336865647082343,0.06176411290322581
10.26,0.405,0.539,-0.152,-0.039,0.702,0,2.421256622711544,-0.029523876404494387
24.39,-3.107,-0.452,1.431,0.449,0.809,0,3.234355395716587,-0.2477997557997558
19.86,-0.597,1.07,0.969,-0.781,0.971,0,3.0378334495726262,-0.851855249745158
214.5,0.01,-1.134,-0.627,-0.59,0.958,0,5.372960909543803,0.6911776859504131
297.18,-0.702,0.366,1.349,-0.06,0.866,0,5.697697331000253,-0.02506849315068493
17.09,0.209,-0.189,1.859,0.244,0.808,0,2.895359299407204,-0.05637652811735941
69.63,-0.963,0.514,0.284,-0.378,0.945,0,4.257454983420831,-0.20344712041884816
98.8,-0.473,-0.623,-0.256,0.498,0.937,0,4.603168183317418,-0.3276177402323125
33.63,-0.482,-0.56,2.346,-1.235,0.794,0,3.5447203584143305,0.8601990049751245
77.81,0.658,2.692,1.057,1.338,0.96,0,4.3670398923655585,3.713294845360825
57.29,0.249,2.026,-1.107,1.187,0.743,0,4.0654305520574585,3.193707835325365
97.84,-0.274,-1.601,-3.265,-1.2,0.874,0,4.593502381120409,2.1733031674208143
7.54,-1.31,-0.317,0.236,-0.576,0.792,0,2.1447610078004784,0.22767082294264335
27.16,1.337,-1.727,1.154,1.365,0.95,0,3.3379025312898416,-2.455578125
25.98,-0.781,0.268,2.226,1.271,0.763,0,3.2950958507796098,0.4406571798188874
47.25,-0.294,0.273,0.722,-0.109,0.846,0,3.876395827784995,-0.034762850467289726
114.77,-0.475,0.525,0.7,-0.763,0.918,0,4.751605464217637,-0.4316540948275862
10.28,-0.939,-1.642,-0.289,1.217,0.969,0,2.423031246069913,-2.0411787538304393
488.33,0.666,1.124,-0.654,-0.163,0.866,0,6.193037108494049,-0.20914611872146122
43.16,1.343,-1.067,1.626,-0.234,0.815,0,3.78781940196884,0.30264
18.9,0.628,-0.054,-0.578,0.592,0.813,0,2.990719731730447,-0.03884325637910085
228.4,-0.357,-0.546,0.479,-1.604,0.819,0,5.435467204695271,1.0564342581423403
12.08,-0.788,0.254,0.163,2.481,0.843,0,2.5710843460290524,0.7387737397420868
10.94,-0.957,1.94,1.701,-1.568,0.876,0,2.479894107964456,-3.4333182844243795
6.29,-0.34,-0.484,0.771,1.788,0.92,0,1.986503546020567,-0.9305290322580644
119.7,-0.355,1.017,1.014,-0.475,0.769,0,4.793308128103486,-0.6201219512195121
57.56,-1.353,-0.434,-1.07,0.804,0.974,0,4.0700518696530565,-0.354609756097561
43.95,-1.221,1.299,0.49,0.404,0.73,0,3.8055507609176296,0.7091837837837839
224.12,0.947,0.319,-1.013,0.627,0.877,0,5.416633593366079,0.22549379932356256
13.1,-0.773,1.662,0.67,1.007,0.89,0,2.6461747973841225,1.8595933333333332
14.53,0.19,0.11,-1.937,1.964,0.981,0,2.7427736371605955,0.21800201816347126
58.03,-1.315,1.464,1.379,0.854,0.881,0,4.078045789252598,1.4032053872053871
66.43,0.983,-1.366,0.224,0.584,0.976,0,4.2110900227464905,-0.8090709939148073
79.31,1.441,-0.189,-0.38,-1.086,0.835,0,4.38589414620037,0.24290414201183436
35.13,-0.677,-0.207,-0.585,-1.074,0.931,0,3.587123545159549,0.23625717321997874
22.13,-0.535,-0.189,2.095,1.075,0.951,0,3.141130476243348,-0.211420395421436
150.34,-0.71,-0.42,-0.277,0.105,0.74,0,5.019528961266375,-0.05879999999999999
61.54,0.596,-0.573,1.922,1.25,0.834,0,4.135806352029695,-0.8486374407582938
30.14,1.608,0.663,0.089,-2.325,0.944,0,3.4384931664058525,-1.615801886792453
18.68,-2.056,0.613,-0.702,0.301,0.719,0,2.9796028916241073,0.2531042524005487
114.62,0.792,0.281,2.716,1.778,0.905,0,4.75030895165433,0.5460306010928963
38.21,-0.737,-1.174,-1.476,-0.358,0.862,0,3.6689318163042404,0.48198623853211003
186.03,0.508,-3.227,-0.229,-1.052,0.812,0,5.231269031794909,4.129931873479318
41.84,0.071,0.658,-0.91,0.589,0.89,0,3.757472245579548,0.4306244444444445
186.62,-0.858,-0.497,0.328,-0.716,0.762,0,5.234418640697805,0.4609481865284974
98.47,0.381,0.907,0.191,-0.99,0.814,0,4.599856091164322,-1.089720873786408
40.75,0.487,-0.206,-0.601,0.398,0.838,0,3.7316994512968646,-0.09668396226415095
37.56,-1.107,-1.351,-0.515,2.472,0.762,0,3.652215469742345,-4.326
96.8,1.211,-1.307,1.517,-0.882,0.894,0,4.582924577040772,1.2751924778761061
65.43,-0.35,1.838,-0.072,-0.087,0.771,0,4.19614876167715,-0.2047451984635083
10.55,-0.886,1.412,-0.496,1.905,0.772,0,2.446685436967803,3.439718670076726
18.99,1.004,-0.108,0.288,-1.309,0.979,0,2.995232148512309,0.1429443882709808
91.16,1.724,-0.478,0.337,1.21,0.953,0,4.523526196947581,-0.6006022845275182
66.44,2.498,0.03,1.324,0.515,0.939,0,4.2112383136936,0.016280295047418337
7.35,0.857,0.705,1.066,1.0,0.712,0,2.122261538862764,0.9764542936288089
54.59,0.425,-1.453,0.619,0.746,0.879,0,4.018003328965378,-1.2192778402699662
6.6,0.912,0.747,0.927,0.777,0.825,0,2.028148247292285,0.6951125748502994
436.42,0.422,1.453,0.264,1.305,0.853,0,6.080893831934406,2.197178447276941
38.88,0.083,-1.666,-1.515,0.461,0.968,0,3.6858749450936377,-0.7853026584867075
74.26,-2.597,1.069,1.077,-1.383,0.876,0,4.3209487851652915,-1.6686534988713317
79.65,-1.334,0.108,0.198,-1.798,0.929,0,4.390118804571218,-0.2067987220447284
53.08,-0.86,1.829,0.369,-0.791,0.76,0,3.9904644317347087,-1.878881818181818
65.46,0.428,-0.192,-0.426,-1.446,0.978,0,4.196600262926448,0.28100404858299594
37.62,-1.37,1.081,0.278,-0.848,0.966,0,3.653770277000368,-0.9392295081967212
56.21,1.37,1.587,1.8,-1.33,0.775,0,4.046728708280438,-2.6888025477707007
45.36,1.091,-0.173,1.263,-1.417,0.762,0,3.836437018471551,0.3175401554404145
29.74,1.238,0.701,-2.029,-0.466,0.964,0,3.4255647381104497,-0.3353860369609856
17.41,0.959,1.114,0.414,0.181,0.911,0,2.9128939952449864,0.21892942453854505
35.51,-1.197,-1.611,0.208,-0.443,0.912,0,3.5975861956675455,0.7740488069414316
162.77,1.708,0.405,1.06,-0.851,0.8,0,5.098463004461776,-0.42549999999999993
203.17,-0.494,-0.903,1.542,-0.007,0.917,0,5.318952980148108,0.006818770226537217
25.11,-0.44,-0.798,2.902,-1.209,0.824,0,3.2623183827110376,1.156812949640288
97.47,0.626,-0.102,0.736,-1.382,0.877,0,4.589751933259711,0.15892220969560314
33.11,-1.78,-1.169,-0.09,-1.294,0.812,0,3.5295905964305545,1.840250608272506
21.69,-2.185,-1.401,1.34,0.957,0.973,0,3.1219242987917504,-1.363944048830112
12.74,2.265,0.595,1.302,-0.422,0.899,0,2.620311286794203,-0.2762266226622662
366.88,-0.187,0.413,-1.894,0.546,0.771,0,5.907756798034497,0.2887298335467349
19.05,0.997,-1.552,0.055,0.448,0.854,0,2.998229153752578,-0.8047407407407408
8.05,0.085,0.897,-0.182,-1.252,0.989,0,2.2027647577118348,-1.1241681681681681
35.94,-0.578,-0.349,-0.801,0.189,0.922,0,3.609294974771094,-0.07077360515021458
218.87,-0.898,0.13,1.288,0.295,0.856,0,5.393036462605869,0.04428406466512702
179.77,-0.637,0.86,-1.407,-0.558,0.972,0,5.197225504986763,-0.4886761710794298
49.19,1.275,0.846,0.746,0.865,0.784,0,3.9158158036668422,0.9216498740554155
103.48,2.205,1.11,-0.181,0.371,0.827,0,4.648995665528121,0.4920071684587814
22.56,-0.342,-0.424,0.814,0.104,0.795,0,3.159550358783386,-0.05477763975155279
38.21,-1.965,0.88,-0.225,0.755,0.842,0,3.6689318163042404,0.77981220657277
69.79,0.327,1.443,-0.489,-0.339,0.972,0,4.259717747786098,-0.49814358452138496
142.47,0.53,2.543,0.636,-0.843,0.705,0,4.966125954110298,-2.99825034965035
140.27,-0.722,-0.488,-1.82,-0.159,0.988,0,4.950672952923573,0.07774749498997996
78.73,-1.45,0.345,-0.984,-0.239,0.921,0,4.378645926514404,-0.08856605800214822
39.19,-0.685,1.346,0.136,0.42,0.725,0,3.6936182084611096,0.7691428571428572
71.09,0.406,-0.43,0.318,0.604,0.988,0,4.277915338416487,-0.26024048096192387
13.04,1.907,0.471,0.957,0.661,0.966,0,2.641910398597665,0.31898668032786887
43.15,-0.124,-0.413,-1.09,0.653,0.935,0,3.787592927049969,-0.2853851851851852
26.09,0.005,-0.284,-0.864,1.301,0.917,0,3.2991646560970036,-0.39858036677454145
54.04,-0.818,1.508,0.084,0.861,0.801,0,4.008060193625088,1.6009716399506781
41.48,0.258,-1.014,1.329,0.364,0.758,0,3.749033376933683,-0.48059375
34.21,-0.289,-0.568,0.495,-0.077,0.889,0,3.5613301331669613,0.0486496106785317
134.82,-0.867,-0.426,-0.865,-0.864,0.869,0,4.911330479685645,0.41873037542662117
40.51,1.292,-0.988,-1.088,0.561,0.966,0,3.7259343620649474,-0.5678975409836067
23.91,-0.819,1.274,-0.717,-2.138,0.951,0,3.215269329274089,-2.8343517169614985
17.84,-0.13,-0.592,0.147,-0.349,0.92,0,2.935982269148217,0.2221591397849462
168.97,0.326,0.191,-0.001,-1.397,0.988,0,5.13562195088926,-0.2673617234468938
102.27,0.389,0.732,0.349,-0.202,0.894,0,4.637346917683312,-0.1635663716814159
219.12,0.71,-0.088,-1.427,-0.179,0.744,0,5.394172852191558,0.02089124668435013
437.23,-0.949,-0.464,0.087,0.99,0.883,0,6.082743886707506,-0.5144008958566629
222.27,1.248,0.047,0.202,-0.379,0.892,0,5.4083818014103455,-0.019748337028824833
23.09,-1.568,-0.931,0.178,-0.849,0.988,0,3.18179681662678,0.792003006012024
74.7,-0.56,0.055,0.042,-1.141,0.986,0,4.3267781604434035,-0.0630070281124498
182.85,0.547,-2.031,1.878,0.534,0.899,0,5.214120207747281,-1.1931287128712873
137.57,-0.043,-0.772,-0.025,0.836,0.718,0,4.931375613110624,-0.8865274725274725
27.13,-0.823,0.157,-1.81,-0.808,0.936,0,3.3368366225017656,-0.13409725158562366
14.92,-0.859,1.68,-1.337,0.399,0.877,0,2.767576180416237,0.7557158962795941
100.27,1.521,1.67,0.056,0.475,0.971,0,4.617790217344194,0.8086136595310907
100.7,0.422,1.717,0.292,-0.954,0.935,0,4.622027303054514,-1.7333523809523808
123.86,-0.822,-0.863,0.951,-0.533,0.747,0,4.8271931096335985,0.6076340819022458
23.63,0.245,1.103,0.669,-0.462,0.933,0,3.2039652121324464,-0.5403881230116648
14.05,1.338,0.869,0.992,0.96,0.749,0,2.711377991194885,1.0991304347826087
37.17,-0.338,0.991,-1.18,-1.315,0.821,0,3.6420498667571386,-1.5681889290012034
45.4,-0.789,0.124,-1.151,0.662,0.714,0,3.8372994592322094,0.11338121546961327
13.89,0.045,-2.043,-0.019,0.142,0.852,0,2.7006898466959175,-0.3365498839907192
105.98,-1.769,0.23,0.174,0.605,0.84,0,4.672641901103104,0.16370588235294117
78.77,-0.653,0.469,1.826,0.671,0.949,0,4.379147493923038,0.3281532846715329
44.92,1.794,-0.769,-1.001,0.056,0.931,0,3.826900752011311,-0.04576408076514347
75.63,-0.469,0.402,1.557,0.224,0.987,0,4.3389886449823125,0.09031895687061184
188.4,-0.395,0.57,-0.33,0.338,0.757,0,5.243861180751978,0.2511864406779661
14.92,-0.403,-0.574,0.994,0.19,0.821,0,2.767576180416237,-0.13123947051744886
72.17,-0.52,-0.741,-0.254,-1.032,0.871,0,4.292785500895938,0.8680045402951192
33.4,-0.593,0.556,-1.178,-1.636,0.966,0,3.5380565643793527,-0.931983606557377
96.41,-0.616,-1.017,1.249,-0.057,0.791,0,4.578928874782864,0.07237078651685393
45.16,-0.688,-0.394,0.763,-0.017,0.729,0,3.832113622199844,0.009063599458728012
54.42,1.381,0.976,0.897,-0.061,0.819,0,4.014940539434832,-0.07181664656212304
66.35,0.202,1.923,-0.58,-0.986,0.727,0,4.209902902856373,-2.572697421981004
53.17,-0.924,0.265,0.824,0.274,0.798,0,3.9921272496698075,0.08986386138613862
26.34,0.321,0.657,-0.208,-0.893,0.895,0,3.3083508312958037,-0.6482883977900553
77.61,1.124,1.984,-0.621,1.031,0.905,0,4.3644989178056655,2.235523497267759
406.15,1.288,-0.487,-0.826,-0.961,0.971,0,6.009181667913141,0.4770713557594291
7.23,-0.091,-1.506,1.689,-1.284,0.756,0,2.1077860146889784,2.524417754569191
11.22,0.422,-2.263,2.045,1.249,0.859,0,2.503073953743449,-3.2525742232451096
28.97,-0.242,0.155,0.635,-0.801,0.781,0,3.4001968813285717,-0.15695954487989885
62.82,0.083,-2.059,1.306,-1.465,0.958,0,4.156066620850098,3.1161518595041326
91.35,1.864,1.773,1.394,-0.016,0.715,0,4.5255857066452485,-0.03912827586206897
188.94,1.116,0.276,0.361,-0.62,0.821,0,5.2467082328148065,-0.20592057761732854
102.14,-1.07,0.408,-1.792,0.118,0.863,0,4.636087288622813,0.055147766323024046
118.85,0.032,-0.84,-1.502,0.864,0.976,0,4.786240960880393,-0.7360649087221095
67.44,-2.192,0.732,1.986,1.341,0.741,0,4.225957449023992,1.3070732356857522
83.25,0.122,0.154,-0.496,-0.419,0.829,0,4.433788569232471,-0.07690822407628128
87.16,-0.429,0.561,2.181,-0.301,0.829,0,4.479153345404605,-0.20126460071513708
56.47,2.52,-1.909,0.076,-1.513,0.774,0,4.05126307251965,3.6840778061224486
24.22,-1.955,1.219,0.431,-0.427,0.933,0,3.2276373305367736,-0.5519756097560975
40.34,0.09,2.086,-0.448,0.426,0.814,0,3.7218305542536223,1.0784417475728154
23.12,1.038,1.179,1.841,0.445,0.885,0,3.1830413718589847,0.5862067039106145
132.34,-0.413,-1.514,-0.231,-1.145,0.903,0,4.892902257189914,1.8987185104052573
104.93,-1.016,1.112,-1.18,1.445,0.974,0,4.662778498608405,1.632967479674797
40.75,1.449,0.597,-0.134,0.875,0.805,0,3.7316994512968646,0.6409509202453988
52.78,1.146,-1.313,0.922,0.141,0.729,0,3.9849016508407185,-0.2505182679296346
62.88,-0.45,0.014,0.199,-0.903,0.736,0,4.1570063233468115,-0.01694638069705094
18.76,0.744,0.807,0.484,-0.439,0.909,0,2.983659692319722,-0.38549836779107727
144.37,-1.954,0.211,1.933,0.972,0.797,0,4.979282216438234,0.25414126394052045
130.27,0.126,-0.183,-0.002,-0.514,0.95,0,4.877256270815316,0.09798125
12.69,-1.235,0.064,-0.781,0.586,0.788,0,2.6166656393003573,0.04699749373433583
63.38,1.382,0.435,-0.458,-0.336,0.84,0,4.164803025870662,-0.17195294117647061
19.6,0.681,1.745,-0.089,0.049,0.98,0,3.0252910757955354,0.08636868686868689
5.0,1.193,-1.159,0.146,-0.756,0.96,0,1.791759469228055,0.9033030927835052
73.91,-1.652,1.111,0.36,0.14,0.805,0,4.316287392959792,0.19084662576687117
117.7,-1.34,-1.024,0.533,-0.495,0.775,0,4.776599301615622,0.6457070063694267
33.3,0.175,-0.028,-1.419,-1.385,0.94,0,3.535145354171894,0.04082105263157895
36.78,-0.426,-1.476,-0.087,0.038,0.808,0,3.6317798620733637,-0.06856723716381417
41.13,0.744,-1.23,0.786,-1.547,0.846,0,3.7407600759909254,2.222908878504673
25.81,-0.755,-0.535,0.152,-0.564,0.895,0,3.2887749522478678,0.333414364640884
20.43,0.181,0.043,-0.018,-0.802,0.913,0,3.064791809485486,-0.03736294691224268
9.0,-1.01,-0.345,-0.785,-0.012,0.851,0,2.302585092994046,0.004808362369337979
6.66,-0.093,1.765,-1.386,-0.187,0.805,0,2.0360119837525,-0.40497546012269936
22.06,-0.817,0.639,-1.474,0.781,0.891,0,3.138099514840913,0.5538945615982243
71.09,1.803,-0.798,1.237,-0.324,0.912,0,4.277915338416487,0.2804251626898048
71.12,-0.758,0.056,-1.947,0.888,0.857,0,4.2783313983351166,0.057356401384083044
93.54,1.368,1.142,-0.707,0.324,0.756,0,4.5490230253650905,0.4830391644908616
89.64,1.445,-0.505,-0.217,-0.264,0.862,0,4.506895616719751,0.15288990825688073
64.04,-0.607,-1.546,0.164,-0.863,0.95,0,4.175002465239555,1.3897895833333334
30.62,-1.088,-0.364,0.293,-0.778,0.981,0,3.453789831781326,0.2857638748738648
101.37,-0.04,0.292,-0.116,0.157,0.734,0,4.628593700931679,0.061618279569892465
108.05,-1.468,-1.036,-1.198,1.232,0.866,0,4.691806492647638,-1.4570228310502282
35.25,-0.685,1.035,-0.422,0.031,0.93,0,3.590439381300684,0.03413297872340425
87.32,-0.57,-0.616,0.511,-1.587,0.859,0,4.480966582528785,1.1249620253164556
32.2,0.669,0.334,-0.098,-0.538,0.872,0,3.502549875922443,-0.2037324263038549
80.05,0.108,-0.684,-1.009,0.431,0.797,0,4.395066248181685,-0.3653085501858736
39.02,-0.484,0.507,1.469,0.251,0.941,0,3.6893793291555874,0.13381388012618298
98.36,0.889,-0.552,0.871,1.032,0.72,0,4.598749618185169,-0.7803616438356166
8.76,0.311,0.136,0.599,0.495,0.858,0,2.278292400425001,0.07755760368663595
35.88,1.179,0.989,0.377,0.148,0.806,0,3.607669398688393,0.17937745098039215
8.44,0.727,0.385,0.904,-0.519,0.796,0,2.244955980157409,-0.24790942928039703
139.4,0.203,-0.562,-0.098,2.034,0.899,0,4.944495491591711,-1.2575445544554456
1204.85,-1.382,-0.416,-4.991,3.2,0.169,1,7.09493999144208,-7.4368715083798875
46.53,-0.219,0.694,-0.147,0.799,0.948,0,3.861361090625918,0.5788162839248434
67.7,-0.503,-1.873,-1.58,-0.498,0.784,0,4.229749199228304,1.1747531486146094
22.54,1.139,-1.501,1.508,-0.806,0.986,0,3.1587011018321305,1.214664658634538
45.24,-1.244,-0.138,1.499,-0.712,0.763,0,3.833845224364122,0.12710996119016818
22.08,1.15,-0.446,0.446,0.121,0.962,0,3.138966441639899,-0.055520576131687246
18.93,-0.11,-0.499,1.969,2.792,0.739,0,2.9922261342247034,-1.860090787716956
16.33,-0.883,-1.071,0.041,-2.273,0.898,0,2.8524391037275145,2.6810385462555066
64.67,-0.599,1.08,1.469,-0.862,0.97,0,4.184642200202881,-0.9499591836734694
112.06,0.729,0.802,1.122,-0.782,0.928,0,4.727918651247145,-0.6686183368869936
69.79,1.59,0.225,-0.532,1.035,0.932,0,4.259717747786098,0.24721337579617833
148.07,0.776,-0.951,0.847,0.155,0.71,0,5.004415994282339,-0.20472916666666666
153.88,1.141,0.02,0.583,0.457,0.751,0,5.042650623528266,0.012010512483574246
35.79,0.807,-0.857,-0.336,-0.366,0.955,0,3.605226069116683,0.3250383419689119
109.02,-1.557,-0.725,-0.772,-0.228,0.864,0,4.700662167447312,0.1891304347826087
46.07,0.06,-0.134,0.755,0.518,0.841,0,3.851635855413051,-0.08156521739130435
299.34,0.105,0.844,0.532,1.728,0.972,0,5.7049151662521345,1.485164969450102
81.67,-0.123,0.324,0.376,-0.444,0.928,0,4.414856779264584,-0.15336460554371004
25.19,0.454,1.468,0.005,-0.994,0.97,0,3.2653776585196206,-1.4889714285714286
65.02,-2.122,-0.006,0.666,0.235,0.751,0,4.189957726425047,-0.0018528252299605781
48.95,-0.012,-1.224,0.673,0.061,0.82,0,3.9110225050945626,-0.0899566265060241
76.14,-0.34,0.733,1.143,0.774,0.796,0,4.345621952780082,0.7038982630272953
20.26,-2.236,0.045,1.163,0.007,0.757,0,3.056827372913802,0.0004106910039113429
243.35,0.577,0.55,-0.317,-2.432,0.872,0,5.498601623716164,-1.5165532879818595
137.56,-1.251,0.371,0.2,1.311,0.937,0,4.931303444814125,0.5136019007391762
148.34,0.199,-0.77,0.673,-0.025,0.786,0,5.006225585607556,0.02418341708542714
24.61,-1.136,1.06,1.979,1.155,0.821,0,3.242982900211434,1.473285198555957
318.44,-0.291,-0.986,1.947,-1.034,0.818,0,5.7665694627549655,1.2313091787439616
13.68,-0.113,0.602,-0.673,-1.989,0.763,0,2.6864860231863696,-1.5490012936610609
13.98,-0.245,-0.259,-0.351,-1.324,0.881,0,2.7067159780890733,0.38486644219977556
89.26,1.395,-1.186,0.404,-0.423,0.747,0,4.502694394398855,0.6627186261558784
38.53,2.566,-0.249,-0.922,0.138,0.822,0,3.677059877308594,-0.04130048076923078
222.84,0.244,1.002,-0.955,0.178,0.758,0,5.410931510917171,0.23223437499999997
29.75,1.752,-0.089,-1.062,-0.112,0.827,0,3.4258899942525267,0.011909199522102747
20.09,-0.678,0.511,1.937,-0.175,0.766,0,3.0487989944906833,-0.11523840206185565
11.72,-0.641,0.091,1.491,0.516,0.796,0,2.543175557911976,0.05825806451612903
61.96,-0.052,0.777,0.958,1.311,0.953,0,4.1424996041091475,1.057785046728972
13.24,-0.674,-0.403,-0.12,0.71,0.964,0,2.65605490598383,-0.29376796714579057
34.64,-0.384,-0.706,1.11,0.312,0.812,0,3.573468602602609,-0.267970802919708
214.34,0.804,-1.063,-0.903,0.942,0.708,0,5.372218174387571,-1.3946323119777158
43.63,-0.92,0.804,1.865,0.608,0.926,0,3.7984062786411785,0.5222564102564102
49.77,0.359,-0.433,1.276,-0.18,0.827,0,3.927305628959303,0.09311827956989246
25.79,0.532,-0.718,-1.872,1.47,0.843,0,3.2880286835565173,-1.237350527549824
72.8,-0.63,-1.347,-0.821,-1.528,0.845,0,4.301358731606427,2.407270175438596
21.18,-1.579,-1.468,0.207,-0.617,0.751,0,3.099190981922221,1.1902181340341655
160.52,-0.186,0.78,-0.549,0.71,0.741,0,5.084628974004582,0.7374167776298268
37.27,-1.074,-1.657,-1.24,-1.773,0.906,0,3.644666299437611,3.2072718340611353
28.95,-0.008,-0.388,-0.691,-0.081,0.739,0,3.3995293245614584,0.04195994659546062
65.62,0.464,-0.326,0.297,-0.032,0.884,0,4.199004832765533,0.011668903803131991
42.15,-0.011,-0.368,0.583,-1.157,0.869,0,3.764682417529437,0.484386803185438
31.19,1.147,0.286,0.806,-1.266,0.734,0,3.4716558453107167,-0.4866612903225806
34.33,1.028,0.494,1.031,-0.618,0.897,0,3.5647324613710536,-0.33659536934950385
41.44,0.026,1.065,-0.065,2.204,0.831,0,3.7480913137457823,2.791034482758621
165.12,0.021,0.024,-1.136,-0.482,0.896,0,5.1127104187625525,-0.012768211920529801
11.97,-0.815,-0.15,-0.366,0.076,0.882,0,2.5626389983283526,-0.012780269058295962
100.07,-1.31,-0.052,-0.303,-0.647,0.835,0,4.615813346086571,0.039815384615384614
92.36,-0.457,1.754,0.969,-0.443,0.928,0,4.5364629879783,-0.8283816631130063
352.73,0.761,-0.239,-0.173,-0.805,0.835,0,5.868533910256692,0.22768639053254439
54.42,-1.105,0.419,0.153,1.086,0.962,0,4.014940539434832,0.468141975308642
5.22,-1.203,1.787,1.694,0.035,0.766,0,1.827769906751088,0.08059922680412371
24.49,0.198,1.883,-0.095,-1.582,0.833,0,3.238286218388024,-3.5336963226571774
104.95,1.454,0.626,-0.148,0.966,0.799,0,4.662967284714308,0.7474857849196539
14.18,-0.531,-0.201,0.548,0.54,0.821,0,2.719978771967484,-0.13061371841155237
30.55,-0.363,0.586,-1.4,0.706,0.765,0,3.4515735889872223,0.5338270967741935
6.82,-1.127,0.248,1.114,-1.227,0.759,0,2.05668455455722,-0.395703511053316
190.78,-0.977,-1.225,-0.708,-0.81,0.721,0,5.256348881725535,1.357387140902873
34.68,0.424,0.808,-1.529,-0.251,0.909,0,3.5745903077118086,-0.22068335146898804
303.73,-0.95,-1.085,-1.569,-1.643,0.924,0,5.719426138644222,1.9086241970021411
17.96,0.389,-1.053,-1.154,0.239,0.947,0,2.942331496826876,-0.262974921630094
38.92,-1.111,-1.858,0.612,-1.89,0.813,0,3.686877451443263,4.2668529769137304
30.53,-0.285,0.601,-1.014,1.318,0.826,0,3.4509394735569696,0.9475095693779905
27.87,0.83,0.883,-2.955,2.708,0.936,0,3.3628029936748436,2.527657505285412
17.67,-0.334,2.135,1.289,2.108,0.944,0,2.9269179575536315,4.717589098532494
101.02,-1.045,-0.265,0.913,0.318,0.722,0,4.625168872494781,-0.11512295081967215
74.38,1.165,1.151,1.042,0.292,0.723,0,4.3225419878389895,0.45851568894952255
14.45,0.01,1.124,0.937,-0.893,0.959,0,2.7376090033437546,-1.035843137254902
104.44,-0.673,0.903,0.718,-0.416,0.878,0,4.658142070754197,-0.423027027027027
27.68,1.965,0.255,0.641,-1.165,0.712,0,3.3562000157314196,-0.41146121883656517
35.77,-0.886,0.44,0.401,-0.294,0.896,0,3.6046822953131805,-0.1427814569536424
63.73,-0.621,-1.131,-1.155,0.249,0.84,0,4.170224772557419,-0.3313164705882353
49.7,-0.969,-0.057,-0.053,0.345,0.929,0,3.9259259105971376,-0.02094249201277955
95.65,-0.354,-0.666,0.853,-1.659,0.868,0,4.57109620565434,1.2584214123006834
223.5,0.449,0.365,0.136,0.177,0.797,0,5.413875707182309,0.08005576208178437
25.58,1.777,0.673,1.061,-0.345,0.979,0,3.2801590532850993,-0.2347674418604651
76.62,1.206,-0.153,0.477,0.711,0.821,0,4.35182512594076,-0.1309061371841155
191.74,1.282,-1.422,-1.129,0.481,0.783,0,5.261342130423142,-0.8625245901639343
215.55,-0.442,-0.429,-0.899,-0.045,0.959,0,5.3778214676606355,0.019922600619195045
13.97,-1.556,1.132,0.382,1.294,0.813,0,2.706048198431537,1.7798396111786148
355.82,0.125,-0.7,-1.243,-0.985,0.742,0,5.877231452946558,0.9168882978723404
38.93,1.349,-0.705,0.394,0.584,0.887,0,3.6871279210751298,-0.45899665551839464
128.42,-0.173,1.706,-1.244,-0.94,0.897,0,4.86306292962912,-1.7680705622932744
277.14,0.817,0.161,0.369,0.996,0.971,0,5.628124584050465,0.16346177370030582
80.77,-0.756,-0.69,0.881,0.121,0.721,0,4.4039104281738854,-0.11421340629274965
83.82,-0.409,0.287,-0.301,-0.862,0.779,0,4.4405313640464446,-0.3135538656527249
23.79,-0.339,-0.277,1.568,0.924,0.904,0,3.210440346047099,-0.2800306345733042
69.6,-0.116,0.475,0.329,0.473,0.799,0,4.257030144499196,0.27771940667490724
14.58,-0.812,0.408,0.003,-1.882,0.897,0,2.7459880404426023,-0.8465887541345092
226.58,1.704,0.927,1.113,-1.129,0.827,0,5.4275018249288625,-1.2503978494623658
170.28,-0.692,-2.345,1.313,-0.285,0.977,0,5.143299644281427,0.6771276595744681
38.7,1.862,-0.226,-0.015,0.969,0.732,0,3.681351187693145,-0.2951401617250674
44.09,-2.188,1.336,0.239,0.546,0.944,0,3.8086604924329928,0.7646289308176102
30.1,-0.584,0.163,0.108,1.129,0.929,0,3.4372078191851885,0.19598189563365281
249.85,0.647,-0.627,0.601,-0.367,0.729,0,5.524855150930262,0.3113788903924222
21.68,-0.812,0.551,0.194,-1.196,0.942,0,3.121483478859551,-0.6922226890756303
31.57,0.389,0.431,1.845,0.996,0.712,0,3.4833916192881422,0.5945650969529086
43.89,-0.68,-0.46,-1.599,-1.216,0.911,0,3.804215052793841,0.6073398479913137
82.48,0.055,-0.703,-3.404,1.704,0.805,0,4.4246070822090005,-1.4698306748466254
44.95,-0.297,-0.042,0.01,-0.855,0.744,0,3.827553848801696,0.04762599469496022
133.22,-0.497,-0.279,-0.677,-1.254,0.71,0,4.899480244730094,0.48592500000000005
118.75,-5.284,2.211,-4.253,4.459,0.127,1,4.785406236291025,71.96240145985401
16.25,1.168,0.514,1.565,-0.577,0.94,0,2.847812143477369,-0.31218736842105266
78.94,-5.247,5.994,-4.825,2.776,0.113,1,4.3812763532831775,135.2792195121951
118.53,0.689,0.486,-0.226,-1.687,0.901,0,4.7835673858898895,-0.8999802414928649
45.91,1.745,2.593,0.4,-1.09,0.827,0,3.8482308723403666,-3.3767861409796898
145.24,-0.682,0.335,1.897,-0.105,0.725,0,4.98524910770584,-0.047857142857142855
138.67,0.017,-1.532,0.108,0.665,0.823,0,4.93928249731768,-1.2230252100840338
5.58,0.225,-1.049,-2.278,-0.103,0.968,0,1.884034745337226,0.11047750511247444
39.36,2.397,1.296,-2.057,2.521,0.798,0,3.6978391954854084,4.043584158415841
208.52,1.476,-2.553,-0.545,0.197,0.927,0,5.344819200199456,-0.5367566702241194
66.07,1.18,0.682,-0.277,0.961,0.935,0,4.205736850111646,0.6935470899470899
30.46,-0.729,0.294,-1.456,1.036,0.914,0,3.4487168976301317,0.32963636363636356
9.0,-0.445,-1.369,-0.964,-0.306,0.988,0,2.302585092994046,0.4197535070140281
33.45,-0.912,0.72,-0.278,0.935,0.961,0,3.539508997459668,0.6933058702368693
40.56,0.009,-0.259,-1.041,0.068,0.768,0,3.727138166231027,-0.022637532133676096
135.06,-0.012,-0.552,1.936,0.312,0.711,0,4.913095964916915,-0.23886823855755898
79.89,0.884,-0.001,-0.065,-0.073,0.894,0,4.393090207029862,8.075221238938053e-05
44.93,0.92,0.009,-0.103,-0.882,0.809,0,3.8271184983377022,-0.009692307692307691
34.7,1.144,-0.387,1.082,-0.03,0.777,0,3.5751506887855933,0.014752223634053367
26.51,0.247,-1.619,-0.767,-0.454,0.988,0,3.3145495749364833,0.736498997995992
201.09,0.821,0.283,0.187,0.463,0.85,0,5.3087131427301575,0.1523593023255814
186.65,-1.034,0.188,-0.84,-2.069,0.971,0,5.23457852558103,-0.3965056065239551
96.5,0.347,0.505,1.115,-0.969,0.757,0,4.579852378003801,-0.6379986962190352
49.58,0.449,1.229,-0.544,0.722,0.917,0,3.923556241241819,0.9572146709816614
24.21,-2.234,1.523,-1.09,0.169,0.805,0,3.2272407411998283,0.31581226993865025
98.44,1.76,2.103,0.689,0.017,0.971,0,4.599554447202456,0.0364434250764526
250.93,-2.381,0.576,-5.142,3.081,0.142,1,5.529151271146253,11.67536842105263
26.49,-1.294,1.55,-0.587,-0.145,0.731,0,3.3138223021771545,-0.30330634278002694
32.46,0.417,-0.312,0.605,1.57,0.923,0,3.510350695558678,-0.525016077170418
254.74,-1.1,0.323,0.293,-1.175,0.797,0,5.544161303383023,-0.4702912019826518
209.91,1.579,0.999,-0.001,-0.216,0.825,0,5.351431502197523,-0.2584239520958084
109.02,0.264,-0.065,1.195,1.272,0.967,0,4.700662167447312,-0.08462640736949847
458.91,0.542,-0.528,-0.156,-1.23,0.729,0,6.1310308181668445,0.878809201623816
88.0,2.239,-0.548,1.026,1.528,0.785,0,4.48863636973214,-1.0532628930817611
159.17,-0.578,2.944,1.974,0.303,0.736,0,5.076235751180205,1.1957533512064342
42.17,-0.62,0.71,2.313,-0.119,0.895,0,3.765145809567386,-0.09335911602209944
115.76,-0.292,0.999,1.03,0.917,0.787,0,4.760120545985914,1.1494140526976162
297.99,-0.413,0.717,1.189,0.956,0.825,0,5.700410128015343,0.8209005988023952
174.42,1.073,1.29,-0.457,-1.384,0.826,0,5.167183098523235,-2.1355980861244017
117.45,-0.743,0.212,-0.27,-1.926,0.914,0,4.774490930604794,-0.44189610389610384
120.68,-1.031,-0.025,-1.017,-0.859,0.926,0,4.801394647951038,0.022943376068376067
21.87,2.011,-0.413,0.839,0.798,0.95,0,3.12982600803469,-0.34330625
262.73,-2.13,-1.385,2.046,-0.506,0.925,0,5.574925852531197,0.7495294117647059
178.78,-2.128,-0.682,0.727,-0.938,0.752,0,5.191733881145253,0.8395223097112862
48.34,-0.841,-0.527,-1.859,1.172,0.834,0,3.8987351111012107,-0.7318056872037915
23.53,-0.745,1.077,-1.232,-0.782,0.826,0,3.199896858270398,-1.007433014354067
57.94,0.509,0.032,0.219,0.81,0.711,0,4.076519977309548,0.035950069348127604
85.53,0.26,-0.506,1.112,-0.362,0.973,0,4.460491174618648,0.18633977619532044
50.88,2.336,-1.022,-1.218,-0.245,0.921,0,3.948933359448243,0.2689473684210526
26.03,0.197,-1.119,0.749,1.848,0.89,0,3.2969473602883563,-2.29768
15.43,-2.195,-0.368,0.31,-0.141,0.985,0,2.799108932049177,0.05214874371859296
153.1,0.113,-0.778,1.26,-0.411,0.716,0,5.03760174232607,0.4404380165289256
23.66,-1.229,-0.039,0.923,0.554,0.904,0,3.2051824977361982,-0.02363894967177243
54.33,-0.075,-1.712,0.594,-0.137,0.963,0,4.013315256910018,0.2410524152106886
58.32,-0.261,-0.29,-1.254,-0.529,0.724,0,4.082946517269732,0.20900544959128065
100.21,-1.669,0.651,0.692,0.7,0.842,0,4.61719756620081,0.5348591549295775
13.63,0.24,0.595,0.617,-1.413,0.817,0,2.683074215032033,-1.0166082224909312
90.75,-1.631,-2.934,0.699,1.449,0.723,0,4.51906748693468,-5.799953615279674
10.75,-0.632,-1.768,0.875,-1.298,0.757,0,2.463853240590168,2.992
108.52,-0.439,0.319,0.327,0.107,0.756,0,4.696107180980193,0.04456005221932114
209.02,1.47,1.714,1.792,-0.176,0.935,0,5.3472027642778475,-0.31922116402116396
68.06,-0.652,-0.43,0.021,-0.019,0.736,0,4.234975691961846,0.010951742627345844
46.28,0.854,-0.387,0.156,-0.007,0.914,0,3.856087373097843,0.0029318181818181817
166.78,-0.255,-0.415,-0.111,-1.11,0.908,0,5.122653597418148,0.501797385620915
20.74,0.299,-0.966,-0.12,-1.563,0.715,0,3.0791538816930633,2.0825627586206896
102.01,2.095,0.587,-0.953,-0.967,0.932,0,4.634826070895602,-0.6025785562632695
112.77,1.859,1.156,0.477,1.423,0.966,0,4.734178866551625,1.685438524590164
20.7,0.075,0.03,-1.213,1.508,0.759,0,3.077312260546414,0.05882964889466839
199.25,-0.794,1.225,0.987,-0.902,0.943,0,5.299566585948469,-1.1594438614900315
111.95,-1.246,0.641,0.441,0.623,0.85,0,4.726945242914012,0.4643523255813954
65.91,1.236,0.26,0.638,0.434,0.847,0,4.2033484327947255,0.13166861143523922
88.29,-0.414,0.549,2.088,-0.969,0.965,0,4.491889499529125,-0.5456215384615385
6.36,-0.672,-0.727,-1.197,-0.951,0.871,0,1.9960599327407849,0.7847639046538024
189.3,-1.294,0.686,0.345,0.952,0.763,0,5.248601774302104,0.8448538163001293
43.16,0.68,0.825,-1.104,0.238,0.933,0,3.78781940196884,0.20821845174973483
36.24,0.662,1.219,-0.841,-0.69,0.738,0,3.617383452408866,-1.1244786096256685
28.55,0.368,-1.077,1.521,1.744,0.886,0,3.386083743852107,-2.0963035714285714
148.33,-0.123,0.189,-0.756,0.157,0.735,0,5.006158622069178,0.039829530201342285
95.3,1.621,-0.084,-1.029,-0.205,0.953,0,4.56746831880408,0.017881619937694705
12.35,-0.603,-0.84,1.571,0.01,0.885,0,2.5915163848462583,-0.009385474860335195
161.53,0.477,-0.014,-0.432,1.3,0.811,0,5.090862600115084,-0.022168087697929353
230.42,0.994,1.51,0.366,1.551,0.746,0,5.444234241448191,3.097896825396825
37.68,-0.343,0.041,1.555,-0.381,0.748,0,3.6553226705850936,-0.020608179419525068
10.67,0.384,1.101,0.467,-0.494,0.891,0,2.4570214462984645,-0.6036559378468368
39.56,-1.052,-0.379,0.034,1.263,0.862,0,3.702782359282928,-0.5489415137614678
187.73,1.213,1.433,-0.477,-0.393,0.742,0,5.2403174222500475,-0.7488949468085107
265.33,0.749,1.697,-0.695,-1.842,0.726,0,5.584736141375288,-4.247111413043478
539.96,0.65,1.364,0.129,2.634,0.775,0,6.2933453389595755,4.576784713375797
26.82,-0.756,0.087,0.11,-0.77,0.967,0,3.325755186495297,-0.06856704196519958
213.81,1.123,0.268,-1.035,0.614,0.721,0,5.369753916485886,0.22510533515731876
9.14,-0.42,0.102,0.887,0.999,0.723,0,2.316487998163037,0.1390150068212824
206.54,0.917,0.05,-0.975,-0.319,0.925,0,5.3353240921771325,-0.017058823529411765
64.62,-0.526,0.202,-1.233,0.341,0.709,0,4.183880527532955,0.09580250347705148
39.67,0.847,-0.686,1.401,-0.76,0.705,0,3.7054907199191334,0.7291748251748252
6.27,1.366,-1.596,0.306,0.61,0.929,0,1.9837562915454279,-1.0368051118210861
16.27,-0.364,0.448,0.25,2.217,0.858,0,2.848970892158587,1.144258064516129
23.48,-0.421,0.125,-0.136,-0.349,0.941,0,3.1978564576441255,-0.045872765509989484
30.27,-0.373,-0.022,0.186,-0.725,0.756,0,3.44265917146975,0.020822454308093992
105.73,0.493,0.402,-0.133,-1.095,0.975,0,4.670302280925873,-0.44689340101522845
130.7,0.007,-1.032,-0.112,0.789,0.943,0,4.880526608749236,-0.8544050367261281
63.21,0.295,0.773,0.717,1.407,0.812,0,4.162158961805957,1.3231277372262773
25.78,0.028,0.801,0.168,-0.006,0.811,0,3.2876553402630266,-0.005853836784409257
168.63,-0.384,0.521,2.394,-0.02,0.925,0,5.133619594507631,-0.011144385026737967
248.41,-0.646,-0.567,-0.366,1.326,0.966,0,5.519098128673058,-0.7703299180327869
8.69,-0.366,0.305,-0.092,-1.313,0.815,0,2.2710944259026746,-0.4854121212121212
61.6,0.175,0.49,-0.846,-0.542,0.822,0,4.136765278106052,-0.31920673076923084
56.07,-1.506,0.652,-0.314,0.209,0.863,0,4.044278584548617,0.15609163802978235
88.04,0.539,-0.485,1.559,1.235,0.844,0,4.489085706967289,-0.7013758782201406
209.29,-0.925,1.517,0.871,-0.204,0.749,0,5.348487530460613,-0.4077312252964426
52.09,0.76,0.17,0.398,0.93,0.764,0,3.97198858659558,0.20426356589147288
116.51,0.022,0.413,0.488,-1.59,0.9,0,4.7665234363458495,-0.7216153846153845
24.85,0.642,1.61,-1.55,0.898,0.745,0,3.2523106009544382,1.9149403973509935
88.02,-1.767,0.941,-0.984,-1.314,0.842,0,4.488861063587708,-1.4512605633802818
317.94,0.575,0.431,3.345,0.724,0.759,0,5.765002997319826,0.405778933680104
113.52,1.562,-0.505,-0.91,-0.211,0.75,0,4.740749480229915,0.14020394736842104
146.87,-0.876,-0.898,0.206,0.56,0.733,0,4.996333509385396,-0.6768236877523555
18.18,0.642,-1.556,-0.831,0.931,0.952,0,2.953868069455292,-1.505858627858628
14.83,-0.424,0.203,2.626,-2.255,0.97,0,2.761906873892921,-0.4671071428571429
51.46,-0.982,-0.135,-1.2,0.578,0.722,0,3.9600509744387278,-0.1065983606557377
496.51,-0.671,-0.431,0.897,0.556,0.719,0,6.209615656899148,-0.32871879286694106
14.47,0.973,1.758,0.074,2.117,0.937,0,2.738902664584975,3.9299746568109817
72.25,-0.029,0.84,-0.427,1.339,0.826,0,4.293878247897177,1.3454066985645934
165.69,0.156,-0.944,0.93,0.841,0.872,0,5.116135799954996,-0.9001179138321995
55.52,0.398,-0.232,1.199,-0.522,0.709,0,4.034594557816327,0.16843393602225315
27.46,1.307,-1.176,-0.222,-0.087,0.75,0,3.3484995926617063,0.13462105263157892
30.5,-0.487,-0.532,-0.469,1.434,0.818,0,3.449987545831587,-0.9213623188405797
293.95,0.765,-0.095,-0.794,-1.606,0.815,0,5.686805850449084,0.18493333333333337
72.14,-1.509,0.505,-0.017,1.459,0.702,0,4.292375412721235,1.0348244382022473
81.06,-0.644,0.769,-0.176,0.549,0.973,0,4.40745068701404,0.4294821973550356
93.95,0.215,0.293,-1.089,0.076,0.834,0,4.553350437258295,0.02638388625592417
267.9,-0.102,-1.883,1.534,-1.368,0.756,0,5.5943395632748185,3.3628511749347263
30.59,0.297,0.342,0.659,0.704,0.833,0,3.4528406148139936,0.28560854092526694
115.94,-0.831,-0.235,-1.105,-0.345,0.813,0,4.761660982747524,0.09851154313487241
35.01,-1.687,1.209,0.111,1.88,0.967,0,3.583796677660784,2.3264278403275336
13.11,1.111,1.209,-0.14,0.49,0.789,0,2.6468837658647226,0.7414392991239048
21.08,0.014,-1.739,-0.506,0.793,0.746,0,3.0946722214088944,-1.8241097883597885
32.0,-0.384,0.748,0.361,-0.225,0.701,0,3.4965075614664802,-0.23670886075949368
83.01,0.018,0.857,1.307,-0.475,0.943,0,4.4309358393767555,-0.42715110178384047
342.2,-2.716,1.675,-5.872,2.693,0.373,1,5.838313367613807,11.777480417754571
19.24,1.885,-0.083,0.66,1.134,0.882,0,3.0076608444192647,-0.10551793721973093
98.15,-0.747,-1.451,-0.629,0.168,0.786,0,4.5966338549658055,-0.3062412060301508
49.33,-1.215,3.007,-0.219,1.8,0.962,0,3.9186013207882686,5.568518518518519
265.35,-3.715,4.213,-3.866,3.337,0.183,1,5.584811233363008,72.84342487046632
29.81,-0.811,0.084,-1.896,0.305,0.811,0,3.4278393126085764,0.031205846528623626
138.21,-0.655,1.967,1.472,0.428,0.916,0,4.935983584400476,0.9091533477321815
22.42,-1.009,-1.323,0.452,-0.478,0.858,0,3.1535903581695712,0.7285645161290322
40.53,1.46,0.66,-0.499,-2.14,0.719,0,3.726416057642662,-1.937448559670782
82.27,-0.901,-1.947,1.877,-1.097,0.866,0,4.422088340247728,2.438195205479452
51.61,0.031,-0.124,0.309,0.436,0.985,0,3.962906215742716,-0.0543356783919598
17.73,0.213,-1.507,-1.584,-0.729,0.776,0,2.930126516455997,1.397713740458015
265.21,-0.51,-0.36,0.229,-0.28,0.907,0,5.584285470995481,0.1099236641221374
16.79,0.714,-0.809,-1.368,0.18,0.949,0,2.8786365016777435,-0.15184567257559958
37.72,-0.985,-1.206,-0.633,0.52,0.811,0,3.656356262408376,-0.7638489646772229
7.66,-0.495,1.016,0.483,-1.523,0.904,0,2.1587147225743437,-1.6929628008752733
147.47,1.085,-0.529,-0.939,-0.083,0.945,0,5.000382917631905,0.045975916230366495
72.43,0.637,0.149,-0.128,0.015,0.952,0,4.296332571463519,0.0023232848232848232
33.49,-1.452,0.009,1.044,-1.136,0.825,0,3.5406694269487495,-0.012244311377245508
88.85,-0.505,1.026,1.452,0.357,0.907,0,4.498141613229568,0.39943511450381675
70.98,-1.368,-1.725,-1.924,-0.851,0.903,0,4.276388302650885,1.6078587075575028
16.39,1.008,0.909,0.879,-0.958,0.718,0,2.855895328366192,-1.196184065934066
126.51,0.385,-0.734,0.601,0.043,0.711,0,4.848194792895451,-0.0437753120665742
34.36,0.885,2.376,-0.033,-1.103,0.816,0,3.5655812377694427,-3.1727941888619853
37.25,1.067,0.484,0.23,0.381,0.782,0,3.644143560272545,0.2328333333333333
82.99,0.986,0.389,-1.441,0.335,0.877,0,4.430697744137536,0.14691657271702369
25.53,0.12,-1.009,0.414,0.809,0.937,0,3.2782761681496484,-0.8619651531151001
31.32,-0.279,0.874,-0.096,1.173,0.778,0,3.4756862336528944,1.3010177664974618
30.62,-0.788,0.127,-0.152,0.287,0.797,0,3.453789831781326,0.045166047087980166
27.58,1.271,0.372,0.624,-0.255,0.731,0,3.3527071725017215,-0.1280161943319838
120.79,-1.85,1.035,0.182,-0.732,0.708,0,4.802298250099019,-1.0551810584958217
64.14,1.498,0.672,-1.148,-1.283,0.912,0,4.176538799848087,-0.935114967462039
233.28,0.518,-0.143,-0.647,0.51,0.713,0,5.456516981221582,-0.1008713692946058
25.52,0.594,1.257,0.734,-0.837,0.741,0,3.277899165317662,-1.4009440745672437
151.63,-0.945,-1.789,2.248,-0.559,0.988,0,5.02801669192703,1.002055110220441
82.88,-0.126,0.22,0.112,-2.522,0.794,0,4.429387206033719,-0.6900995024875621
325.15,-0.166,1.771,-0.212,1.635,0.705,0,5.787357398242105,4.049769230769231
71.6,0.144,0.038,0.015,-0.582,0.728,0,4.28496492183075,-0.029967479674796745
18.71,-1.364,0.561,0.095,1.664,0.763,0,2.9811261211646287,1.2076377749029754
62.87,0.322,0.076,-0.431,0.618,0.757,0,4.1568497675734974,0.06123598435462842
88.62,-0.468,1.094,-0.98,-0.172,0.744,0,4.495578509357997,-0.24955968169761272
76.41,-0.098,-0.131,-0.323,-1.531,0.713,0,4.349115971216622,0.27740110650069155
63.88,1.066,0.416,-0.777,-0.395,0.713,0,4.1725394098071575,-0.2272752420470263
92.77,-1.515,0.292,0.526,0.741,0.78,0,4.540844975431534,0.27388860759493666
123.99,0.785,-1.142,0.357,-0.709,0.769,0,4.82823373410213,1.0393812580231063
77.23,0.543,-0.787,0.483,0.373,0.702,0,4.359653205696989,-0.4122907303370787
15.66,0.385,0.048,-1.167,1.49,0.742,0,2.8130106367386967,0.09510638297872341
19.1,1.385,-0.889,-0.047,0.17,0.952,0,3.0007198150650303,-0.1570997920997921
22.58,-0.581,-0.068,0.131,1.367,0.852,0,3.160398895109225,-0.10783758700696057
122.41,1.199,-0.725,2.251,-0.245,0.98,0,4.815512145465092,0.17941919191919192
59.18,0.853,-0.171,-2.008,0.656,0.77,0,4.0973400712018995,-0.14381538461538462
7.95,-0.91,0.774,0.752,0.193,0.976,0,2.191653532286764,0.1515030425963489
5.38,0.904,-0.49,1.375,0.163,0.947,0,1.8531680973566984,-0.08345872518286311
54.68,-0.665,-2.105,-1.248,1.435,0.925,0,4.019621016026164,-3.2306684491978612
204.18,0.911,0.296,-0.275,-0.439,0.793,0,5.3238876426595665,-0.16182316313823164
35.66,0.175,-0.156,0.488,-0.086,0.869,0,3.6016862424115588,0.015262798634812285
17.66,0.186,0.017,0.157,1.966,0.794,0,2.926382195419198,0.04156965174129353
33.24,-1.702,0.093,-1.936,0.224,0.712,0,3.5333945512735414,0.02885318559556787
56.62,0.472,0.297,1.605,0.613,0.806,0,4.053869729656382,0.2231139705882353
63.28,0.93,0.938,1.324,-2.288,0.968,0,4.163248540869312,-2.1944212678936603
89.97,1.202,0.602,0.061,-1.018,0.978,0,4.510529781833971,-0.6202793522267206
43.16,0.783,-1.586,0.295,-1.473,0.745,0,3.78781940196884,3.0942754966887422
78.7,-1.443,1.81,-1.382,-0.637,0.796,0,4.378269585796169,-1.4304838709677419
63.64,0.785,-0.701,-1.02,0.924,0.728,0,4.16883341421284,-0.8776747967479674
5.02,-1.336,0.448,0.024,0.057,0.949,0,1.7950872593207297,0.026627737226277377
18.29,-0.056,0.129,-2.277,-0.874,0.912,0,2.9595868269176377,-0.12228416485900216
36.54,0.159,0.011,1.856,-2.024,0.846,0,3.6254070311583626,-0.026009345794392524
143.17,-0.755,-0.534,-0.498,1.5,0.965,0,4.970993158823812,-0.8215384615384616
92.83,-0.742,0.111,0.909,1.126,0.886,0,4.541484634301958,0.13949330357142856
31.51,-0.146,0.365,-0.528,1.526,0.971,0,3.4815477343158143,0.5677777777777778
13.12,0.26,-0.588,-0.489,0.859,0.958,0,2.647592232065096,-0.5217892561983472
8.73,0.722,0.081,-0.387,0.955,0.753,0,2.2752138961979136,0.10138269986893839
25.09,2.526,0.379,-0.082,-0.444,0.941,0,3.261552099148637,-0.17694637223974766
54.94,0.829,-0.649,-0.33,-1.315,0.842,0,4.024279687773814,1.0016842723004695
64.03,-1.541,0.092,-2.625,2.284,0.761,0,4.174848701881061,0.27253955901426713
382.31,-0.887,0.484,1.268,0.269,0.711,0,5.948844061271341,0.18057697642163664
63.21,-1.318,-0.476,0.103,-0.026,0.91,0,4.162158961805957,0.013452173913043475
35.26,-1.431,0.595,0.851,0.238,0.861,0,3.590715205326705,0.1625832376578645
117.35,1.379,-2.667,0.938,0.586,0.891,0,4.7736463359599925,-1.7345860155382904
327.48,0.535,0.617,-0.481,0.759,0.825,0,5.794475953270624,0.5608419161676648
75.65,1.19,-0.129,-0.66,-1.211,0.918,0,4.339249605317823,0.16833943965517242
74.82,-0.389,0.667,-0.01,-1.643,0.721,0,4.328362110088189,-1.499153214774282
46.23,-1.013,-0.43,-0.318,1.007,0.985,0,3.8550292839080256,-0.43518592964824115
200.47,0.024,-1.405,1.207,0.385,0.957,0,5.305640486927818,-0.5593846949327818
88.15,-0.022,-0.536,0.347,0.623,0.952,0,4.49032034430915,-0.3471185031185031
554.5,-3.349,2.408,-5.555,5.822,0.105,1,6.319868609079685,121.90761739130436
65.73,-1.222,-1.339,0.824,0.31,0.862,0,4.200654626915515,-0.4760206422018349
103.9,0.636,1.99,-0.969,-1.5,0.792,0,4.653007515402251,-3.721945137157107
217.07,0.298,1.225,0.762,1.517,0.913,0,5.384816112164653,2.0133531960996747
30.98,-0.773,1.669,0.448,0.507,0.761,0,3.4651107074058083,1.097513618677043
22.27,0.405,1.748,1.582,0.358,0.948,0,3.1471649773142003,0.6532192066805845
28.21,1.254,0.212,-0.387,0.679,0.73,0,3.3745111163996495,0.19452432432432432
27.53,-0.056,0.667,-0.223,-0.037,0.715,0,3.3509561652254085,-0.03404
98.9,1.55,1.843,-0.303,-0.798,0.936,0,4.604169685654508,-1.5546659619450316
21.34,-0.086,-1.279,-0.156,0.407,0.891,0,3.1063787936410545,-0.5777502774694783
80.51,-0.448,-0.623,-0.251,-0.946,0.765,0,4.400725712106366,0.7604619354838709
26.29,0.327,-0.833,0.825,1.149,0.968,0,3.306520334720247,-0.9786472392638037
18.38,-1.126,-1.305,-0.536,-0.401,0.841,0,2.96424160646262,0.6149294947121035
157.87,0.42,0.418,-0.881,-0.251,0.987,0,5.068086257731932,-0.10523370110330993
95.6,-0.013,0.378,-1.434,-0.595,0.985,0,4.570578741218473,-0.22604020100502512
29.82,0.012,-0.44,-1.402,-0.722,0.884,0,3.42816382989197,0.3553467561521253
43.5,-0.32,-0.066,-0.979,0.231,0.762,0,3.7954891891721947,-0.019748704663212435
112.33,-0.894,-0.496,-1.4,0.38,0.779,0,4.730303916744857,-0.23888466413181242
87.54,0.881,0.882,-2.841,-1.104,0.928,0,4.483454427303995,-1.038089552238806
23.23,0.438,-0.925,1.625,-0.7,0.774,0,3.1875915348284343,0.8258928571428571
38.39,-0.179,0.904,-0.901,0.208,0.752,0,3.6735119769828146,0.24676115485564304
8.11,0.203,-0.031,0.322,0.906,0.95,0,2.209372711271867,-0.02925625
81.65,-1.1,-0.442,-1.099,0.548,0.821,0,4.4146148242670336,-0.2914753309265945
153.54,0.282,-1.495,0.022,-1.673,0.788,0,5.040452962505438,3.1342543859649123
64.99,1.694,-0.051,-0.09,1.908,0.769,0,4.18950321539533,-0.1249139922978177
65.76,-0.431,1.945,-0.895,-0.441,0.963,0,4.2011040987936346,-0.881546762589928
21.44,1.547,-0.771,-0.095,1.35,0.753,0,3.110845080654496,-1.3641546526867627
31.85,-1.843,-1.103,-0.883,-0.363,0.965,0,3.4919517449306197,0.41065538461538464
7.57,0.357,-0.045,-1.232,1.36,0.742,0,2.1482677326096886,-0.08138297872340426
287.26,-1.102,1.804,0.151,1.045,0.917,0,5.663862850654957,2.033635382955771
80.33,-0.043,-0.267,0.305,-0.275,0.918,0,4.398514952178684,0.07912176724137931
77.37,-1.69,-0.076,2.201,-0.39,0.927,0,4.361441201064773,0.031632870864461045
12.24,1.014,0.871,-1.438,0.297,0.856,0,2.5832425505088623,0.2987147806004619
64.38,-2.626,-1.621,-0.229,-0.358,0.776,0,4.1802164012960645,0.7383180661577607
28.9,0.684,-0.84,-0.541,0.997,0.788,0,3.3978584803966405,-1.0494736842105263
162.94,-1.466,0.879,-0.94,1.292,0.87,0,5.099500507224884,1.2905318181818184
422.43,0.419,-0.193,0.438,-1.952,0.833,0,6.048388211174136,0.4468991696322657
134.93,0.167,-0.576,-0.171,1.598,0.731,0,4.912140047347156,-1.2421700404858298
28.87,0.683,0.31,1.554,-2.016,0.766,0,3.3968546322280186,-0.805360824742268
50.17,1.231,-1.292,0.33,-1.307,0.719,0,3.9351534228170006,2.316384087791495
29.1,-0.499,-0.995,-0.007,2.028,0.971,0,3.40452517175483,-2.056941896024465
25.33,-1.425,-1.138,0.597,-0.153,0.813,0,3.270708973508218,0.21156014580801943
24.4,-1.514,-0.49,-0.972,0.311,0.721,0,3.2347491740244907,-0.20846785225718195
154.52,0.643,-2.654,0.107,-2.303,0.922,0,5.046774340712129,6.558113733905579
64.1,-0.348,0.256,0.737,0.773,0.741,0,4.175924549214524,0.2634993342210386
7.68,0.834,0.435,-0.754,0.644,0.869,0,2.1610215286722587,0.31870307167235495
125.38,0.19,-1.675,-1.063,-0.719,0.981,0,4.83929324134531,1.2152623612512614
212.15,-1.099,-0.164,-0.929,0.866,0.749,0,5.361996143211219,-0.18711989459815548
45.84,-0.923,0.068,-0.282,0.042,0.959,0,3.8467375387295166,0.002947368421052632
220.48,-0.247,1.718,0.857,-0.86,0.97,0,5.400332291954767,-1.5076326530612245
19.67,-1.946,-0.36,-1.137,-1.728,0.976,0,3.028683373693677,0.6309127789046652
30.44,0.638,-0.01,1.123,-0.074,0.717,0,3.448080967561006,0.0010178817056396149
264.95,-0.219,-1.275,-0.626,-1.794,0.773,0,5.583308321188326,2.9212643678160917
290.73,1.039,-1.317,0.221,-0.247,0.857,0,5.67582871697455,0.3752006920415225
335.2,-1.323,-0.333,1.267,-0.823,0.891,0,5.817706220974515,0.3041720310765816
133.06,0.139,-0.739,0.272,-0.51,0.791,0,4.8982874609298115,0.4705243445692884
96.34,0.308,0.029,0.329,0.718,0.776,0,4.5782100044053085,0.026491094147582696
30.81,0.215,0.965,-0.249,1.438,0.73,0,3.4597807057610526,1.8752297297297298
39.38,0.454,-0.546,-0.534,0.26,0.88,0,3.6983346128846915,-0.1595056179775281
181.17,0.108,1.924,0.696,-0.338,0.823,0,5.2049403170427375,-0.780686674669868
169.37,0.604,0.54,0.003,-0.724,0.708,0,5.137972542557451,-0.5445125348189416
59.38,0.263,0.422,-1.971,0.338,0.843,0,4.100657924278693,0.1672168815943728
74.22,0.989,0.742,-1.642,0.498,0.817,0,4.32041715304219,0.44681499395405083
13.58,-1.459,0.442,-0.341,1.345,0.886,0,2.6796507265805123,0.6634933035714285
33.75,0.421,-0.858,-1.546,-0.29,0.74,0,3.548179572010801,0.33176
78.83,-0.949,0.99,-0.781,0.58,0.798,0,4.379899373657707,0.7106435643564355
121.11,-1.25,0.872,-0.299,-0.439,0.829,0,4.8049222778449305,-0.4562669845053635
137.57,0.278,-1.611,-0.076,-0.881,0.752,0,4.931375613110624,1.8625866141732283
25.16,1.301,-0.663,-0.535,1.535,0.734,0,3.264231526588998,-1.367883064516129
33.0,1.1,0.016,0.088,0.299,0.802,0,3.5263605246161616,0.005891625615763546
105.5,1.144,-1.494,-0.815,-0.897,0.722,0,4.66814498514948,1.830762295081967
51.32,1.271,0.52,-0.015,-0.878,0.851,0,3.9573787071489432,-0.530267131242741
143.75,-0.251,-0.136,-0.222,0.846,0.954,0,4.975008116453105,-0.1193526970954357
7.83,1.13,-0.926,-0.652,-0.602,0.95,0,2.178155014615869,0.5806791666666667
86.34,-1.373,-1.046,-0.344,0.534,0.803,0,4.469808548057415,-0.687040590405904
18.1,-0.721,0.758,-0.11,-0.729,0.814,0,2.9496883350525844,-0.670609223300971
21.62,-0.264,0.847,1.018,-1.183,0.904,0,3.1188344706879745,-1.096281181619256
133.69,-0.531,0.758,-0.792,0.406,0.848,0,4.902975841610724,0.3586806526806527
85.67,-0.342,-1.314,0.082,0.998,0.917,0,4.462107803146254,-1.414640776699029
21.26,-0.263,-0.398,0.489,-1.893,0.956,0,3.102791345847399,0.7799316770186336
52.2,-0.185,0.007,-0.133,1.913,0.756,0,3.9740583963475986,0.01748172323759791
81.33,-0.866,0.094,1.258,0.661,0.783,0,4.410735561310335,0.0783530895334174
103.86,0.631,-0.738,-0.12,0.85,0.771,0,4.652626127144386,-0.8032010243277848
48.3,-0.368,0.121,0.683,-0.889,0.893,0,3.8979240810486444,-0.11912403100775193
11.47,0.546,0.203,-0.147,-0.74,0.912,0,2.523325759691945,-0.16292841648590023
98.65,-0.584,-0.474,0.684,0.167,0.9,0,4.6016640466588035,-0.08698681318681319
208.63,0.38,-0.407,-1.998,0.193,0.713,0,5.345344071975791,-0.10864591977869986
338.83,0.69,0.286,-0.746,-0.579,0.849,0,5.828445492568525,-0.19277532013969728
84.19,-2.348,-0.574,-0.217,-1.238,0.725,0,4.444884056054749,0.9668190476190475
175.24,-0.13,-0.493,0.196,-0.285,0.791,0,5.171846702494088,0.17541198501872657
15.2,0.847,0.064,-0.215,0.351,0.909,0,2.785011242238338,0.024443960826985852
7.61,-0.002,-1.107,0.687,-0.624,0.97,0,2.152924318439639,0.7048653061224489
5.37,-0.343,-1.514,0.822,0.125,0.959,0,1.851599469584072,-0.1953044375644995
91.17,0.822,-0.704,0.012,-0.086,0.726,0,4.523634698005573,0.08226086956521739
49.5,1.425,1.014,0.443,1.357,0.773,0,3.9219733362813143,1.7573409961685824
192.04,-0.421,0.386,-1.378,0.867,0.876,0,5.262897421316776,0.37772234762979684
40.65,0.497,1.951,0.18,0.656,0.762,0,3.7293013686128518,1.6578445595854923
114.77,-1.067,-0.934,-0.033,-0.007,0.981,0,4.751605464217637,0.006597376387487387
69.6,-0.743,0.839,0.431,1.581,0.823,0,4.257030144499196,1.5923877551020407
304.98,2.147,-0.084,0.29,0.435,0.856,0,5.723519740339233,-0.04219399538106236
200.86,2.767,-0.573,1.49,-1.462,0.793,0,5.307574387810713,1.0432453300124531
46.39,-0.925,-1.636,0.108,-0.893,0.869,0,3.858411235979497,1.6620568828213877
123.18,0.067,0.266,0.646,1.193,0.747,0,4.821732125936747,0.41920475561426684
29.83,0.415,1.569,-1.362,0.399,0.882,0,3.428488241898059,0.7018284753363229
130.16,0.332,0.54,1.803,0.795,0.841,0,4.876417951976448,0.5044653349001176
26.87,0.088,1.026,0.083,0.016,0.986,0,3.327550841493857,0.016481927710843374
80.02,-0.093,-0.419,-0.148,0.305,0.99,0,4.394696037774544,-0.127795
12.49,0.621,2.736,-1.329,0.587,0.811,0,2.6019486702196644,1.956190012180268
113.58,0.685,-0.365,-0.516,-0.733,0.742,0,4.741273268980431,0.35577792553191484
14.35,-0.091,-0.128,0.753,-1.444,0.916,0,2.731115474033206,0.19960259179265658
123.5,0.309,2.288,1.233,-0.501,0.8,0,4.824305715904762,-1.4151703703703702
27.22,-0.581,-1.828,0.494,-1.314,0.956,0,3.340030946424668,2.4865341614906837
81.93,1.399,-0.251,-0.716,1.336,0.875,0,4.4179968784631125,-0.37891073446327683
116.24,-0.692,-1.317,1.116,-0.062,0.803,0,4.764223115842691,0.10043542435424352
129.41,1.109,1.407,-0.242,0.309,0.793,0,4.8706833336688105,0.5414234122042341
37.19,0.317,-0.54,0.241,0.164,0.922,0,3.6425737012374246,-0.09502145922746782
153.32,0.921,0.227,0.307,-0.002,0.73,0,5.0390283685974735,-0.0006135135135135136
145.8,1.05,1.84,0.75,0.497,0.95,0,4.9890711161804155,0.9525833333333334
21.39,-0.395,-0.616,-0.196,1.79,0.92,0,3.1086144306106633,-1.1856344086021506
61.66,-0.972,0.139,0.721,0.772,0.789,0,4.137723285524046,0.13430287859824783
38.86,0.619,-0.553,0.634,1.436,0.769,0,3.685373314784649,-1.0193940949935816
21.03,-2.026,0.801,2.13,-1.247,0.891,0,3.092405160814252,-1.1085982241953387
93.8,0.784,-0.606,-0.243,0.552,0.705,0,4.551769409260976,-0.46784895104895113
200.0,0.523,-0.251,0.46,-0.361,0.72,0,5.303304908059076,0.12412465753424658
30.67,1.095,-1.429,0.65,0.359,0.857,0,3.4553698605505483,-0.5917081891580162
47.49,0.996,-0.405,0.485,0.268,0.98,0,3.881357591117261,-0.10963636363636364
35.32,2.232,0.502,0.106,1.095,0.866,0,3.5923685537330927,0.6275000000000001
73.81,-0.598,0.43,-0.621,2.321,0.96,0,4.314951565884313,1.0288969072164948
67.32,-0.165,0.499,-1.806,1.04,0.809,0,4.224202549480315,0.6336507936507936
130.95,-1.81,1.483,1.356,0.791,0.707,0,4.882423062949333,1.6360571827057184
13.0,-0.185,-0.28,1.334,-0.321,0.802,0,2.6390573296152584,0.1106896551724138
6.5,0.157,-0.005,0.328,-0.107,0.729,0,2.0149030205422647,0.0007239512855209743
21.16,0.01,1.792,0.525,0.383,0.773,0,3.098288861879083,0.8765466155810984
102.61,1.018,0.303,-0.617,-0.096,0.867,0,4.640633850263661,-0.03316761687571266
276.25,1.086,-0.752,-1.125,-0.762,0.888,0,5.624919626230477,0.6381113585746102
9.04,-0.331,-1.187,-1.353,-1.278,0.731,0,2.306577114263583,2.0472145748987858
43.05,-0.384,1.328,-1.17,0.3,0.72,0,3.7853253523821886,0.5457534246575343
185.19,-1.185,-1.335,0.371,0.675,0.919,0,5.226767657707961,-0.969994617868676
102.39,-0.177,0.275,-0.385,1.293,0.898,0,4.638508245598602,0.39160242290748903
20.39,-1.065,0.11,-1.606,0.227,0.831,0,3.062923523094314,0.02969084423305589
98.71,-0.242,0.867,0.045,1.222,0.95,0,4.602265972840701,1.10361875
97.41,-1.978,0.092,-1.108,-0.395,0.926,0,4.589142424910894,-0.03882478632478633
395.97,0.432,-0.23,-0.784,1.254,0.788,0,5.98386071108125,-0.36142857142857143
92.66,0.762,0.17,0.236,1.556,0.969,0,4.539671203755396,0.27019407558733405
81.35,0.214,0.22,-0.925,2.454,0.842,0,4.410978456623649,0.6336619718309859
57.36,-0.489,0.908,-1.411,-0.176,0.773,0,4.066630723654585,-0.2040970625798212
96.8,-0.137,-0.168,-0.598,0.037,0.737,0,4.582924577040772,-0.008321285140562249
174.18,-0.426,0.968,0.529,-0.184,0.707,0,5.165814016734943,-0.24841283124128313
440.69,-1.495,5.014,-4.968,4.514,0.225,1,6.090608278545427,96.31147234042554
99.57,0.885,0.414,-0.216,-0.73,0.704,0,4.610854002456389,-0.42327731092436977
21.61,0.859,0.291,1.444,1.168,0.73,0,3.1183922862898785,0.45930810810810807
97.92,2.054,-0.619,0.831,-1.772,0.823,0,4.594311442653216,1.3167683073229293
74.52,-0.314,-1.062,1.396,-0.742,0.905,0,4.324397521837245,0.8612065573770492
208.6,-1.445,1.029,-0.016,1.508,0.756,0,5.345200952446887,2.025759791122715
121.96,-0.201,-0.23,0.778,0.745,0.929,0,4.8118590992303405,-0.18248136315228966
34.51,0.407,0.669,0.518,0.829,0.868,0,3.5698143469549963,0.6316640091116174
14.85,1.007,1.116,1.114,-0.886,0.86,0,2.7631695003232895,-1.1365241379310347
74.67,-0.866,-0.299,0.685,-0.721,0.779,0,4.326381780706431,0.27323067173637516
5.19,0.582,0.212,1.289,0.43,0.983,0,1.8229350866965048,0.09180261832829807
172.34,-2.031,0.863,1.23,-0.063,0.947,0,5.1552549837061985,-0.056811912225705335
163.94,-0.585,2.47,-0.782,0.928,0.796,0,5.105581771405209,2.843870967741936
162.64,-0.936,-0.106,0.697,0.307,0.827,0,5.097668893061198,-0.038879330943847074
104.92,-0.563,0.882,-1.668,-0.563,0.829,0,4.662684092188698,-0.5918545887961859
5.43,-0.508,-1.824,1.415,1.362,0.869,0,1.860974538249528,-2.826266211604096
34.48,-0.135,0.559,0.281,-1.457,0.917,0,3.5689691574413787,-0.8786008629989214
6.05,0.802,-0.552,-2.596,0.199,0.97,0,1.9530276168241774,-0.11208979591836736
12.97,-1.563,1.145,-0.291,0.079,0.872,0,2.6369121732688705,0.10255668934240364
272.16,-0.591,1.13,-0.109,-1.124,0.814,0,5.610057704092888,-1.5414077669902913
308.11,-0.023,0.126,0.056,1.457,0.806,0,5.733697200604404,0.2249779411764706
55.53,0.001,0.832,-1.564,0.365,0.883,0,4.0347714706871995,0.34006718924972007
33.06,0.011,-0.88,-1.604,2.181,0.833,0,3.5281236752345424,-2.276725978647687
80.71,-1.103,0.079,-0.386,-0.326,0.901,0,4.403176393396616,-0.028270032930845228
68.92,1.362,-0.32,0.722,-1.847,0.722,0,4.24735173134728,0.8074316939890711
120.95,0.963,0.622,0.309,0.46,0.945,0,4.80361112466193,0.29960209424083767
41.05,0.46,-0.162,0.099,0.844,0.806,0,3.738859386418957,-0.16755882352941173
175.84,-0.894,-0.456,-0.404,0.123,0.81,0,5.175245368958042,-0.06839999999999999
145.12,0.388,-0.184,0.019,0.303,0.865,0,4.984428201927082,-0.06371657142857143
158.76,-2.582,-0.199,1.569,1.142,0.918,0,5.07367268910756,-0.24489008620689653
98.77,0.824,1.16,-1.118,-0.06,0.928,0,4.602867536925416,-0.0742004264392324
7.66,0.148,0.054,-0.577,0.146,0.862,0,2.1587147225743437,0.009041284403669723
32.59,-0.674,-2.176,0.017,1.548,0.838,0,3.5142284036242013,-3.9722264150943403
35.56,-1.622,0.257,0.871,-0.809,0.799,0,3.5989547465859495,-0.257
73.75,-1.641,1.683,-5.345,6.099,0.17,1,4.314149212270796,57.02565
16.8,0.18,2.327,-1.117,0.755,0.794,0,2.8791984572980396,2.185180348258706
34.36,-0.513,0.465,-0.55,0.133,0.859,0,3.5655812377694427,0.0711680092059839
10.61,-1.298,-1.273,-0.514,0.611,0.725,0,2.4518667957098,-1.0582353741496597
83.63,-1.132,1.034,1.363,0.508,0.801,0,4.438288813682014,0.6476843403205919
68.34,0.594,1.588,1.072,1.018,0.921,0,4.239021940256878,1.7363952738990331
10.91,-1.655,-0.704,-0.145,-0.712,0.879,0,2.477378383367209,0.5638335208098987
21.71,0.997,-1.396,1.038,0.223,0.929,0,3.122805356117467,-0.33153141640042594
291.45,1.623,0.795,0.13,0.138,0.908,0,5.678293711889035,0.11950980392156864
63.96,0.612,-0.368,0.569,0.466,0.741,0,4.173771695853422,-0.22834620505992012
37.14,1.182,-0.262,-0.319,0.582,0.899,0,3.641263600172273,-0.16774917491749175
11.89,-0.38,-2.579,0.386,0.262,0.798,0,2.556451816951096,-0.836259900990099
68.77,-1.351,1.163,0.074,-1.894,0.767,0,4.245204117951145,-2.8349060489060487
66.42,-0.573,0.254,0.255,1.007,0.987,0,4.2109417098059145,0.2565476429287863
7.2,0.465,0.528,-0.381,-0.85,0.957,0,2.1041341542702074,-0.46411582213029995
67.11,0.826,-0.201,-0.06,-0.902,0.889,0,4.221124045253227,0.20167074527252504
84.72,0.439,-1.636,0.673,1.655,0.898,0,4.451086170605376,-2.9819162995594715
30.14,-0.188,1.244,-1.158,-0.434,0.861,0,3.4384931664058525,-0.6198576349024111
28.69,0.553,0.344,-0.516,-0.439,0.954,0,3.3908102887756684,-0.15665560165975104
43.1,-1.453,-0.341,-1.472,-0.409,0.893,0,3.7864597824528,0.15445071982281286
63.73,-0.668,1.027,-1.71,0.04,0.971,0,4.170224772557419,0.0418756371049949
67.73,-0.546,-0.785,-2.08,0.331,0.979,0,4.230185785133514,-0.2627249747219414
20.97,-0.642,1.025,0.512,1.185,0.902,0,3.089677886396519,1.3318256578947367
409.08,-0.874,0.205,0.19,-0.496,0.891,0,6.016352262615761,-0.11285238623751387
670.56,-0.454,5.45,-2.557,6.485,0.427,1,6.509603364168197,80.87700228832954
230.25,-0.492,-1.47,1.687,0.694,0.761,0,5.443499376392535,-1.323190661478599
159.03,0.397,1.017,0.659,-0.614,0.976,0,5.075361297657899,-0.6333042596348883
17.58,1.542,0.125,0.679,0.841,0.854,0,2.922085733385692,0.1216724537037037
94.47,-0.052,1.914,1.108,0.306,0.791,0,4.558812062009942,0.731191011235955
67.96,-0.087,-1.402,-2.67,-0.596,0.823,0,4.233526626355437,1.003111644657863
24.91,0.308,0.509,-0.109,-1.289,0.987,0,3.2546289945740186,-0.658075225677031
92.72,-0.121,-1.066,1.403,-0.148,0.966,0,4.540311613639595,0.16164754098360656
12.29,-1.139,-1.051,0.007,0.058,0.955,0,2.587011872725154,-0.06316891191709845
299.83,-4.942,6.006,-4.913,5.108,0.371,1,5.706545321145129,80.52138582677165
30.11,-0.807,1.647,-0.08,-0.431,0.86,0,3.4375293109095457,-0.8159275862068965
18.99,-0.149,-1.337,-0.736,-1.954,0.834,0,2.995232148512309,3.095376777251185
17.83,0.354,-0.324,0.472,-0.959,0.821,0,2.935451342669061,0.37390613718411553
298.2,-0.206,-0.004,-0.599,-1.534,0.791,0,5.7011122461003225,0.007660424469413233
43.26,-0.228,0.683,1.484,-0.461,0.93,0,3.7900813346229034,-0.33496063829787237
12.47,-0.161,1.883,-0.403,-0.627,0.713,0,2.6004649904222727,-1.63297510373444
42.97,-0.679,-1.408,1.593,0.551,0.876,0,3.7835075831927187,-0.8756297968397292
101.42,0.016,-1.67,-0.909,-0.349,0.783,0,4.6290820060344045,0.734968474148802
320.03,-0.964,-1.82,-0.891,-0.194,0.981,0,5.77153457670702,0.35628657921291623
132.71,1.59,-0.673,0.655,-0.977,0.704,0,4.895673275626574,0.9208977591036416
16.48,-0.224,-0.034,1.6,-2.67,0.88,0,2.8610573702273894,0.102
13.99,0.418,-1.177,-0.039,0.013,0.857,0,2.7073833121145063,-0.017648212226066898
135.65,-0.142,-0.704,0.608,-0.255,0.754,0,4.917422912374077,0.23497382198952876
37.58,-0.297,0.699,-0.513,0.034,0.986,0,3.652734007477583,0.02386144578313253
153.13,-0.557,0.17,0.083,-0.787,0.783,0,5.037796402158628,-0.16871374527112235
87.87,1.135,0.329,0.588,-1.651,0.925,0,4.487174627750384,-0.5809401069518717
62.36,-0.145,0.13,-1.144,-1.439,0.724,0,4.14883274750617,-0.2548637602179837
92.19,-0.554,0.063,0.686,0.526,0.963,0,4.534640419797564,0.03405755395683453
72.07,1.044,-0.132,1.668,-1.087,0.878,0,4.291417885803126,0.16158108108108107
44.57,-0.7,-2.672,-0.326,1.229,0.782,0,3.8192496052757914,-4.146323232323233
57.71,-0.29,-0.186,-0.336,-0.719,0.704,0,4.072610070076094,0.18730252100840336
26.14,-0.672,0.728,-0.58,0.161,0.718,0,3.301008654406723,0.161
85.5,-0.752,0.07,-1.652,1.994,0.773,0,4.460144413937834,0.17826309067688378
17.2,0.737,-0.17,-0.418,-1.337,0.713,0,2.9014215940827497,0.3143706777316736
79.71,2.081,-0.205,-2.267,0.95,0.914,0,4.390862483336281,-0.21076839826839824
7.15,-1.0,0.106,1.405,-0.309,0.741,0,2.0980179272527715,-0.043613848202396804
238.4,-0.205,0.935,1.426,-0.137,0.829,0,5.478135793123873,-0.15267580452920146
75.57,-0.903,-0.478,1.057,0.23,0.764,0,4.338205355125032,-0.14204134366925064
39.41,-1.494,0.516,-0.389,1.014,0.869,0,3.6990772790903823,0.5952491467576793
26.79,-0.042,-0.614,-0.541,0.103,0.726,0,3.3246762437544124,-0.0859266304347826
61.49,0.516,1.205,-0.244,0.582,0.879,0,4.135006543940991,0.788875140607424
62.62,0.014,0.701,1.167,-0.641,0.927,0,4.152927886320998,-0.47955282817502665
116.98,0.43,0.763,-0.648,2.147,0.835,0,4.770515118574929,1.9386520710059172
49.3,-1.338,1.723,-0.131,-0.945,0.776,0,3.9180050771056933,-2.0715458015267174
49.25,0.627,0.728,0.304,-0.716,0.877,0,3.917010546939185,-0.5876527621195039
111.21,-1.745,-0.194,-1.157,1.472,0.763,0,4.720372115676775,-0.36942820181112546
49.65,-0.146,1.59,0.864,-0.521,0.956,0,3.9249392306946924,-0.8575465838509317
53.27,1.395,-1.551,0.154,-0.355,0.927,0,3.9939715880753135,0.587625400213447
48.06,-1.355,0.805,-2.282,-0.725,0.751,0,3.893044038830343,-0.7669185282522997
65.35,2.204,-0.717,-0.798,-0.694,0.936,0,4.194943760778217,0.5260021141649047
107.96,-0.438,0.317,0.394,-1.441,0.949,0,4.690980842401202,-0.47632638164754953
194.27,-0.119,-0.631,-1.557,0.213,0.85,0,5.274383216252406,-0.15628255813953487
189.55,-2.572,-0.457,-0.894,1.78,0.712,0,5.249914627319869,-1.1266759002770084
113.18,-0.339,-1.614,-0.046,0.635,0.723,0,4.737776150536114,-1.3982128240109142
73.24,-0.459,0.766,0.101,2.025,0.764,0,4.307303088477945,2.0040697674418606
67.0,-0.2,-0.563,-1.552,0.131,0.891,0,4.219507705176107,-0.08185682574916758
9.52,1.83,-0.129,1.025,-0.192,0.883,0,2.3532782073095637,0.02773572228443449
275.46,0.267,-0.132,1.45,0.632,0.962,0,5.622066145036211,-0.08582716049382716
73.1,0.129,1.117,-1.18,2.132,0.742,0,4.3054155323020415,3.1668138297872344
73.54,0.749,1.294,-1.025,-0.472,0.765,0,4.311335894051113,-0.7880877419354838
5.54,1.015,0.565,-0.44,-0.249,0.797,0,1.8779371654691073,-0.17433085501858733
34.36,-1.673,-0.348,0.678,-0.266,0.797,0,3.5655812377694427,0.11470631970260221
135.86,-1.491,1.155,0.367,1.227,0.702,0,4.918958505524352,1.9904283707865171
11.05,-0.337,1.59,-1.077,-0.287,0.746,0,2.489064659936664,-0.6036111111111111
140.85,0.228,1.248,0.377,-0.178,0.881,0,4.95477016125486,-0.2493198653198653
140.39,-0.008,-0.08,-0.368,0.843,0.911,0,4.951522029603749,-0.07322475570032573
96.12,0.43,-0.544,0.331,-0.562,0.987,0,4.575947327311188,0.3066479438314945
274.42,0.162,1.41,1.181,0.905,0.702,0,5.61829720529898,1.7922050561797753
14.18,-0.023,0.896,-0.641,-1.462,0.947,0,2.719978771967484,-1.3688108672936259
227.7,0.272,-0.375,1.784,1.632,0.926,0,5.432411101028736,-0.6538461538461537
26.43,-1.975,0.339,0.314,-0.993,0.731,0,3.311637304949512,-0.4542874493927126
76.76,0.852,0.186,1.493,-1.531,0.79,0,4.353627160152183,-0.3559574999999999
19.73,0.49,0.271,0.425,-0.649,0.978,0,3.0315819264476884,-0.17801518218623483
18.55,-1.903,-0.76,1.408,-0.62,0.892,0,2.972975286431375,0.5223946784922394
299.42,0.184,-1.335,0.818,-0.099,0.703,0,5.705181495569908,0.1853646563814867
389.67,2.31,-0.373,0.977,-0.388,0.863,0,5.967863213855655,0.16577777777777777
97.4,-1.285,1.407,0.775,-0.467,0.877,0,4.589040804058207,-0.7407767756482525
42.1,1.728,1.119,0.87,0.558,0.746,0,3.763522997109702,0.8259285714285715
250.22,1.059,-0.262,-1.815,0.759,0.985,0,5.526329049259107,-0.1998572864321608
14.38,0.393,-1.404,-2.193,0.081,0.726,0,2.733067964077498,-0.15451630434782607
27.63,0.58,-0.745,0.687,0.695,0.981,0,3.354455119110024,-0.5224772956609485
188.28,-2.661,-0.069,0.2,0.748,0.785,0,5.243227400230077,-0.06492075471698114
75.65,0.096,-0.259,1.075,-1.199,0.965,0,4.339249605317823,0.3185035897435898
63.71,0.76,-0.154,1.18,-0.731,0.925,0,4.169915749069175,0.1204
114.99,-1.368,1.303,-1.649,0.374,0.941,0,4.753503980493785,0.5124311251314406
41.1,0.33,1.791,1.137,0.132,0.836,0,3.7400477406883357,0.2794468085106383
163.8,-1.089,-0.457,-0.115,-3.108,0.839,0,5.1047326174753715,1.6729752650176681
145.42,0.964,0.161,-1.541,0.079,0.738,0,4.986479204218496,0.017004010695187168
177.35,-0.12,-0.686,-0.39,0.027,0.85,0,5.1837479118049,-0.021537209302325583
47.54,0.604,0.501,-0.281,1.964,0.763,0,3.8823882002984553,1.2729159120310478
164.64,-1.239,-1.365,0.4,0.722,0.785,0,5.109816758677367,-1.2396603773584904
264.82,-0.339,0.493,-0.776,-0.02,0.976,0,5.582819387993187,-0.01
77.29,-0.818,-1.004,0.05,0.207,0.822,0,4.360419880919823,-0.24979326923076922
63.89,0.333,2.568,0.918,-1.956,0.721,0,4.1726935286330775,-6.8714199726402185
249.99,-0.405,-0.195,-0.321,-1.239,0.914,0,5.525413097700675,0.2614772727272727
32.02,0.747,-0.112,0.948,-0.657,0.746,0,3.497113438491982,0.09733333333333334
21.69,-1.551,-0.256,1.638,1.529,0.719,0,3.1219242987917504,-0.5369327846364883
643.49,-0.847,3.756,-5.422,5.24,0.244,1,6.468459306355068,77.4859842519685
30.68,-0.066,0.515,-0.592,-0.17,0.711,0,3.455685566946225,-0.12142857142857144
99.08,-0.185,0.833,0.581,0.518,0.863,0,4.605969866158656,0.4942657502863688
31.16,-0.841,1.991,-0.009,-0.196,0.889,0,3.4707234443107655,-0.43407786429365963
6.19,1.519,1.209,-0.237,-1.177,0.98,0,1.9726911717329554,-1.437366666666667
188.24,-1.764,-1.047,0.321,-0.148,0.978,0,5.2430160507629475,0.15683805668016193
147.3,-0.937,-0.392,1.717,1.12,0.823,0,4.999237249143887,-0.5270588235294118
105.0,0.807,0.703,1.468,0.012,0.707,0,4.663439094112067,0.011765690376569037
101.96,-0.783,-0.902,-0.013,0.077,0.969,0,4.634340563287871,-0.07094382022471911
20.11,0.273,-1.396,1.294,-1.353,0.822,0,3.0497468618602293,2.270177884615385
146.88,1.846,-1.746,1.175,-1.031,0.89,0,4.996401134068432,2.00014
48.0,0.753,-1.478,0.202,1.405,0.852,0,3.8918202981106265,-2.4090371229698375
282.26,1.151,0.369,-1.66,0.096,0.901,0,5.64636520378625,0.0388847420417124
223.13,-0.405,0.458,0.184,-1.992,0.866,0,5.412226240655819,-1.0414794520547945
23.31,0.746,-0.778,0.737,0.5,0.971,0,3.1908877883280318,-0.3965341488277268
36.33,0.405,0.877,0.924,-1.042,0.969,0,3.6197972929264925,-0.9334361593462718
152.94,-0.733,1.477,0.883,0.639,0.918,0,5.036562916106171,1.0170290948275862
101.01,0.134,-0.379,0.561,-0.026,0.876,0,4.625070847694428,0.011121896162528216
84.65,0.891,-1.277,-1.095,-1.315,0.959,0,4.450269224770129,1.7329772961816303
78.61,-0.308,-0.646,0.104,-0.784,0.75,0,4.377139713100487,0.6664
170.39,-0.657,0.115,0.888,-1.519,0.797,0,5.14394166140448,-0.21646220570012392
66.19,-0.255,0.695,1.022,-0.525,0.792,0,4.207524426932059,-0.45495635910224436
11.9,-1.102,0.163,-1.003,0.557,0.714,0,2.5572273113676265,0.12540193370165748
153.1,-0.717,-0.32,0.499,0.635,0.898,0,5.03760174232607,-0.22378854625550662
210.86,-1.087,-0.031,-0.174,-0.421,0.725,0,5.35592567916835,0.017756462585034015
70.18,-0.035,-0.3,-0.457,-1.116,0.896,0,4.265211880082047,0.3695364238410596
41.74,0.115,1.812,1.862,1.23,0.707,0,3.755135249891002,3.108451882845188
12.11,-1.282,1.411,-0.126,-0.278,0.738,0,2.5733752977756086,-0.5244090909090909
215.86,-0.42,-0.351,0.399,2.3,0.867,0,5.379251984044036,-0.9205245153933864
53.67,1.509,-0.178,-0.498,-1.347,0.978,0,4.001315112906908,0.24267813765182183
22.91,-0.908,-0.607,-0.103,-0.03,0.918,0,3.1742967814702334,0.019622844827586205
139.95,0.239,-0.044,1.143,0.84,0.756,0,4.948405217560121,-0.04825065274151436
159.42,1.106,0.835,-0.246,-1.917,0.728,0,5.077795375938779,-2.1689634146341463
21.16,0.095,-0.692,0.717,0.216,0.857,0,3.098288861879083,-0.17240138408304498
30.66,1.715,-0.153,-0.008,-0.343,0.794,0,3.4550540544528663,0.0652723880597015
7.62,0.072,1.54,1.056,-0.576,0.83,0,2.154085084675602,-1.056
5.3,0.412,0.43,-0.096,-1.245,0.712,0,1.840549633397487,-0.7414819944598338
42.21,-0.897,0.788,0.019,-1.033,0.856,0,3.766071949943842,-0.9399584295612009
100.75,0.792,1.048,-0.436,0.544,0.865,0,4.622518824322705,0.6515565714285715
42.95,-0.068,0.527,-0.07,1.818,0.829,0,3.783052624131186,1.1419380214541122
68.55,0.553,-0.282,0.592,0.578,0.826,0,4.242045918369452,-0.19497129186602868
11.27,-1.019,1.486,0.327,0.432,0.742,0,2.50715725872282,0.853659574468085
83.25,0.633,1.785,-1.556,0.08,0.768,0,4.433788569232471,0.18354755784061696
129.19,0.732,0.045,-0.713,-2.51,0.759,0,4.868994921909306,-0.14687906371911572
13.88,1.314,0.339,-0.53,-1.571,0.861,0,2.700018029404946,-0.6114454649827785
207.71,-0.394,-0.541,1.243,1.391,0.811,0,5.34094572860366,-0.9166029232643118
58.67,-0.213,0.226,0.072,-1.574,0.819,0,4.088829381533991,-0.4291001206272618
77.61,-0.749,-1.022,-1.075,-2.183,0.933,0,4.3644989178056655,2.3658812301166487
66.15,-0.165,-1.008,1.41,0.839,0.887,0,4.206928922969246,-0.9428227424749164
15.79,1.079,-0.904,0.122,-0.388,0.859,0,2.8207834710894493,0.40362715765247414
19.35,0.432,0.044,-0.816,2.101,0.94,0,3.013080911888604,0.09730947368421053
25.34,0.807,-2.491,0.829,0.009,0.785,0,3.271088696315135,-0.028199999999999996
9.94,0.583,-2.283,0.032,0.431,0.83,0,2.392425796993835,-1.1713964285714287
79.48,0.443,-0.484,0.485,0.867,0.891,0,4.388008706351429,-0.46573584905660376
54.42,1.322,0.788,-0.357,-0.555,0.756,0,4.014940539434832,-0.5709399477806789
161.42,-0.524,1.915,0.548,0.824,0.965,0,5.090185572854264,1.618420512820513
11.79,1.877,0.083,-0.632,-1.07,0.822,0,2.548663615590751,-0.10674278846153848
139.42,-2.954,-2.662,-1.475,-0.376,0.968,0,4.944637931589103,1.0234274028629857
37.51,-1.137,0.218,0.884,-0.144,0.989,0,3.6509179478268177,-0.03142342342342342
43.17,-0.465,-0.867,1.146,-1.37,0.844,0,3.7880458256084353,1.3908548009367683
129.36,-1.039,0.841,0.508,0.416,0.874,0,4.870299853969361,0.39576470588235285
228.25,0.459,1.361,0.203,0.82,0.851,0,5.434813111136574,1.2961904761904761
42.44,2.523,-1.787,2.0,0.721,0.847,0,3.77138067562568,-1.5034154025670945
30.23,0.402,0.911,-0.435,0.696,0.885,0,3.441379171294987,0.7084424581005586
111.45,1.193,-0.446,0.685,2.3,0.883,0,4.722508678405324,-1.1487122060470325
20.55,-1.115,1.255,-1.977,-0.568,0.837,0,3.070375816549757,-0.8416056670602124
87.6,-0.061,1.246,-0.139,-2.032,0.9,0,4.484131857611035,-2.782276923076923
41.19,1.471,-2.007,-0.949,-0.672,0.741,0,3.7421832261362473,1.7958774966711053
41.96,0.106,-0.573,-0.429,-1.133,0.778,0,3.7602694502006093,0.8238692893401014
89.6,0.382,1.003,1.991,0.5,0.709,0,4.506454213048934,0.6974965229485396
16.14,0.226,-1.69,1.473,0.143,0.715,0,2.8414149131696336,-0.3333379310344827
11.71,0.309,0.395,0.114,0.008,0.955,0,2.542389085201363,0.0032746113989637307
36.54,-1.5,-1.522,-0.847,1.249,0.743,0,3.6254070311583626,-2.5245391766268264
121.86,-0.801,-0.079,0.4,1.361,0.842,0,4.811045495735781,-0.12619600938967138
100.1,2.202,0.08,0.302,0.979,0.891,0,4.616110126026426,0.08692563817980022
85.88,-1.286,0.122,1.255,-1.068,0.823,0,4.464527856185625,-0.15641776710684274
49.29,-0.122,2.022,-1.508,-1.166,0.75,0,3.9178062501838733,-3.1021736842105256
39.58,-1.174,-2.039,-0.528,1.96,0.931,0,3.7032753343976688,-4.247013815090329
91.78,-0.605,-0.843,0.521,0.084,0.917,0,4.530231099323598,-0.07638834951456311
62.54,-0.805,-0.943,0.852,0.717,0.853,0,4.15166962884137,-0.7834658169177288
15.96,-1.794,0.298,-0.468,-0.246,0.976,0,2.830857630363757,-0.07434888438133874
155.7,-1.14,1.195,0.262,0.994,0.946,0,5.054333149361975,1.2425000000000002
58.85,-1.868,0.006,1.195,-1.981,0.975,0,4.091841432003982,-0.012067005076142133
82.91,-0.384,0.995,1.005,-0.618,0.974,0,4.4297447958819784,-0.6249085365853658
122.17,-0.387,-1.161,0.318,0.202,0.99,0,4.813565514953393,-0.234522
65.91,-0.857,-1.429,0.444,-0.198,0.789,0,4.2033484327947255,0.3541201501877347
26.67,0.919,0.861,0.663,-0.041,0.759,0,3.3203487937988347,-0.04590507152145643
212.96,-0.682,1.322,-0.323,0.271,0.738,0,5.365789081663049,0.47895989304812836
230.96,-0.851,-0.238,-2.666,-0.629,0.856,0,5.44656494300824,0.1728660508083141
26.8,-0.596,-0.302,2.13,-1.021,0.97,0,3.3250360206965914,0.314634693877551
119.2,-0.95,1.103,1.646,1.199,0.786,0,4.789157022101107,1.661428391959799
419.9,-0.954,-0.703,-2.027,-0.182,0.968,0,6.042395275776525,0.13082413087934558
54.3,1.763,-1.259,0.138,-0.226,0.923,0,4.012772908528289,0.3049667738478028
59.61,0.096,0.55,0.474,0.218,0.893,0,4.104459895963194,0.1327796234772979
53.05,-0.034,0.531,0.254,-2.112,0.911,0,3.9899095440852173,-1.2176677524429966
5.06,-1.042,0.114,-0.85,0.403,0.847,0,1.801709800081223,0.05360793465577597
13.36,-1.707,0.836,0.451,0.498,0.99,0,2.664446563620078,0.416328
30.31,-0.091,-0.697,1.578,1.666,0.713,0,3.443937535338314,-1.6060885200553248
54.73,-1.728,0.225,-0.668,-0.48,0.734,0,4.020518601581445,-0.14516129032258066
184.5,0.964,-0.962,1.919,-1.017,0.969,0,5.22305488204749,0.9993401430030642
163.25,-2.047,-0.658,0.357,0.137,0.727,0,5.10138965736472,-0.12231478968792404
129.21,-0.501,-1.24,0.129,1.057,0.72,0,4.869148531740637,-1.7954520547945203
65.3,0.146,1.464,-0.204,-1.237,0.968,0,4.194189897191817,-1.8517055214723928
96.25,0.867,0.697,0.166,-0.834,0.809,0,4.577284982498556,-0.7097655677655677
17.74,0.615,-0.651,-0.491,-0.885,0.783,0,2.930660276810276,0.7265258511979824
9.24,1.561,-0.222,0.672,1.58,0.907,0,2.3263016196113617,-0.3825081788440567
27.23,-0.093,1.406,-0.792,0.214,0.759,0,3.340385242265398,0.39126657997399217
131.17,-0.208,-0.141,1.094,2.218,0.876,0,4.884088972769716,-0.3529774266365688
86.87,-4.186,0.133,0.064,0.801,0.879,0,4.475858449507752,0.11983464566929136
31.4,-2.085,1.027,-1.648,1.225,0.908,0,3.4781584227982836,1.3704520697167757
6.75,1.175,-0.334,0.438,-0.003,0.719,0,2.0476928433652555,0.0013744855967078192
11.17,-1.479,0.563,1.187,-0.322,0.758,0,2.498973906999436,-0.23604947916666663
112.99,0.918,0.01,-0.015,0.469,0.87,0,4.736110725248687,0.005329545454545454
121.43,-1.082,-0.718,-0.072,0.496,0.7,0,4.807539438085824,-0.5015887323943662
159.57,-1.162,0.349,0.889,-0.5,0.828,0,5.078729984561593,-0.20823389021479713
95.3,0.202,-2.089,-0.317,-0.149,0.74,0,4.56746831880408,0.4150146666666666
34.19,-0.517,0.634,-1.918,-1.86,0.812,0,3.5607619513334936,-1.4345985401459853
8.9,-0.783,0.063,0.62,0.979,0.802,0,2.2925347571405443,0.07595689655172413
93.54,-0.771,-0.877,1.011,-0.633,0.761,0,4.5490230253650905,0.7200272373540856
75.32,-0.644,-0.897,0.683,-1.247,0.853,0,4.334935027140031,1.2961286210892238
113.6,-0.728,0.341,-0.814,-1.062,0.917,0,4.741447804280639,-0.3906601941747573
88.57,0.381,-1.229,-0.816,1.529,0.771,0,4.495020442487104,-2.406070422535211
101.58,-0.713,0.187,-0.144,2.089,0.918,0,4.630642981961122,0.42095150862068964
22.99,0.297,-1.66,-2.393,-0.385,0.916,0,3.177637076851603,0.6901727861771058
75.71,-0.783,0.475,-0.29,1.727,0.71,0,4.3400320779712045,1.1393402777777777
27.71,-0.04,-0.44,0.17,0.193,0.845,0,3.3572454941329726,-0.0993216374269006
144.87,0.43,-1.654,-1.155,-0.376,0.721,0,4.982715814098122,0.8507578659370726
74.44,0.284,-0.523,1.698,-0.207,0.783,0,4.323337638325202,0.13652080706179065
220.5,-0.093,0.546,0.138,-0.522,0.785,0,5.40042258948519,-0.35850566037735854
239.62,0.583,1.148,0.992,-1.062,0.784,0,5.483218925605378,-1.5354861460957179
8.26,-3.029,2.258,0.525,0.377,0.803,0,2.225704048658088,1.0470676506765066
55.73,-2.003,-0.337,0.153,1.685,0.965,0,4.038303171338476,-0.5824051282051282
94.31,-0.533,-0.458,-1.473,-1.228,0.818,0,4.557134736949535,0.6792560386473431
22.24,-1.664,-0.811,-0.039,-2.403,0.874,0,3.1458749319837103,2.2045622171945705
79.45,1.033,0.392,0.326,0.531,0.723,0,4.387635873438392,0.28397271487039566
281.4,0.086,0.182,-1.661,0.116,0.919,0,5.643324505619087,0.022725511302475777
183.72,1.148,1.469,-0.525,-1.134,0.91,0,5.21884116504624,-1.8107021739130433
6.45,1.256,0.665,-0.573,-0.223,0.938,0,2.0082140323914683,-0.15642932489451478
18.0,1.437,-0.896,0.293,0.256,0.854,0,2.9444389791664403,-0.2654814814814815
59.91,0.209,1.157,-1.618,1.927,0.808,0,4.109397364848393,2.7255977995110023
60.67,-1.422,-1.229,-0.773,-1.29,0.871,0,4.1217975890034015,1.79955732122588
210.62,0.511,0.43,-0.245,-1.559,0.812,0,5.354792213476015,-0.8155352798053527
45.89,-1.092,1.693,-1.496,1.478,0.79,0,3.847804433101495,3.1278175
42.02,0.422,1.267,-1.624,-0.09,0.895,0,3.761665123839584,-0.126
115.24,-1.545,-0.205,-1.609,0.374,0.973,0,4.755657019262028,-0.07799593082400814
89.26,-0.955,-0.699,0.988,1.031,0.873,0,4.502694394398855,-0.8161596828992072
85.98,-1.649,1.224,-0.034,0.727,0.706,0,4.465678207169493,1.242804469273743
41.4,-0.338,-0.915,-0.285,0.065,0.952,0,3.7471483622379123,-0.06182432432432433
85.1,-1.038,-1.125,-1.63,-0.222,0.701,0,4.455509411433685,0.35126582278481017
7.29,-0.875,-0.331,0.025,-1.783,0.752,0,2.1150499691472033,0.7745052493438319
9.07,-0.556,0.363,0.069,-0.374,0.704,0,2.309560706730471,-0.19014285714285714
53.72,-0.996,-1.165,2.687,0.629,0.893,0,4.002229273314295,-0.8115005537098561
140.76,1.393,0.573,-2.105,-0.838,0.939,0,4.954135486856771,-0.5059789251844046
175.41,0.131,-1.116,-0.561,0.248,0.97,0,5.172810831308315,-0.28241632653061227
67.41,-1.075,0.486,-0.573,-0.356,0.777,0,4.2255190127729065,-0.2198424396442185
62.63,0.127,1.258,-1.216,1.858,0.985,0,4.1530850572447005,2.3491095477386934
133.61,-0.648,0.589,-1.323,2.159,0.866,0,4.9023817086560015,1.4516563926940638
17.17,-0.536,-0.05,0.112,-0.326,0.976,0,2.89977188240808,0.01653144016227181
726.06,-4.52,4.115,-4.883,4.353,0.387,1,6.589009005077134,45.119886649874054
108.81,0.562,0.132,-0.257,-1.533,0.951,0,4.698751599609622,-0.2105681581685744
73.21,-0.767,-0.668,1.305,1.632,0.868,0,4.306898911982042,-1.2416583143507973
59.66,0.417,0.923,-0.352,0.258,0.714,0,4.105284502260435,0.328914364640884
7.46,0.426,-0.9,1.653,-0.039,0.756,0,2.135349173618132,0.04582245430809399
43.86,0.562,0.256,-0.976,0.14,0.762,0,3.803546529092062,0.046424870466321246
167.49,0.374,0.005,-0.22,-0.96,0.796,0,5.126876400850294,-0.005955334987593051
66.71,1.438,1.187,-1.025,-1.439,0.831,0,4.215233879497554,-2.031026159334126
165.86,0.06,0.024,-1.314,0.785,0.851,0,5.117155137473929,0.0218815331010453
318.49,-2.269,0.504,0.378,-0.094,0.908,0,5.76672597442323,-0.0516078431372549
103.78,0.336,-1.512,-1.265,-0.698,0.96,0,4.651862913980073,1.0880164948453608
46.07,0.329,-0.166,0.629,-0.775,0.889,0,3.851635855413051,0.14310344827586208
220.2,0.523,0.846,-0.048,-1.991,0.974,0,5.39906726964818,-1.7117743902439024
7.0,-0.659,0.782,-0.565,-0.664,0.717,0,2.0794415416798357,-0.7142338376891335
415.19,0.062,1.093,0.458,1.741,0.935,0,6.031141886760744,2.0136645502645503
163.34,-0.234,-1.551,0.147,0.042,0.898,0,5.101937452503042,-0.07174229074889868
198.73,0.269,1.136,-0.261,0.839,0.81,0,5.29696645447708,1.162321951219512
134.07,-0.408,-0.768,-1.357,1.844,0.973,0,4.905793162572673,-1.440683621566633
275.49,3.185,0.21,-0.331,1.738,0.755,0,5.62217465394309,0.4770980392156862
121.81,-0.878,0.819,0.383,1.122,0.769,0,4.810638445622293,1.179612323491656
94.73,-0.774,-0.878,0.217,-0.123,0.769,0,4.561531728958262,0.1386315789473684
15.6,0.674,-0.181,-0.681,-1.305,0.913,0,2.8094026953624978,0.25591007583965325
35.57,-0.668,1.814,0.63,-0.816,0.708,0,3.59922823216129,-2.0615933147632313
34.39,-0.613,-2.109,-0.44,1.949,0.872,0,3.566429294357372,-4.660363945578231
81.99,0.609,-0.178,0.098,0.545,0.721,0,4.418720118610357,-0.13270861833105335
62.42,-0.072,-1.353,0.595,-0.909,0.723,0,4.149779269110201,1.677867667121419
1428.84,-2.645,2.256,-5.0,4.285,0.424,1,7.265317828882123,22.274101382488478
46.83,0.448,-0.422,-0.59,-0.661,0.724,0,3.8676530576922055,0.38002997275204364
19.47,-0.805,2.097,-0.631,1.092,0.981,0,3.018960399673198,2.310720484359233
9.35,0.164,-0.355,0.194,0.255,0.842,0,2.336986519711378,-0.10625
31.71,0.006,-0.329,-2.123,-0.332,0.868,0,3.4876808415502927,0.12440546697038725
115.92,-1.053,0.893,-1.107,0.269,0.735,0,4.761489940243045,0.32243892617449665
135.99,1.042,0.754,-0.775,-0.29,0.783,0,4.919907930463299,-0.2757377049180328
22.02,0.65,-0.013,1.029,-1.581,0.959,0,3.1363634032937364,0.02121052631578947
89.53,0.101,-1.363,-1.05,0.909,0.749,0,4.505681287487349,-1.6323675889328062
32.24,-0.339,-0.253,1.186,-1.745,0.951,0,3.5037539699872475,0.4594016649323622
292.64,0.576,1.461,0.945,2.324,0.945,0,5.68235452724258,3.5553549738219896
38.11,-0.086,-0.519,-2.22,-0.465,0.801,0,3.666378188767423,0.29757706535141804
81.86,2.098,0.41,-1.105,0.229,0.775,0,4.417152436649256,0.11960509554140127
161.32,-0.624,1.974,-0.34,-0.144,0.84,0,5.089569695517559,-0.3344188235294117
151.61,0.765,-0.472,-0.698,0.381,0.887,0,5.027885647502783,-0.20048160535117054
18.98,-0.918,0.398,1.235,-1.993,0.715,0,2.9947317732204075,-1.0940882758620691
124.89,-4.117,0.673,-5.152,4.371,0.189,1,4.835408509778168,14.78232663316583
59.9,0.899,-1.46,0.836,-0.747,0.846,0,4.109233174715851,1.2740887850467288
90.62,-1.901,7.72,-5.292,2.077,0.13,1,4.517649588458596,114.53171428571427
78.23,0.744,0.444,1.355,1.054,0.876,0,4.372355014977151,0.5281896162528217
364.77,-0.887,-0.907,-0.041,-1.077,0.728,0,5.902004720565164,1.323630081300813
31.77,0.593,-0.022,0.995,-0.302,0.954,0,3.489513462710723,0.006892116182572614
1134.56,-5.254,5.188,-4.949,3.522,0.245,1,7.034881200308142,71.65543529411765
6.89,-0.27,0.517,0.74,-0.37,0.832,0,2.065596134857783,-0.2271852731591449
97.48,0.018,-1.622,-0.104,-0.204,0.959,0,4.589853481876198,0.3414736842105263
60.59,1.679,1.108,-0.103,0.197,0.81,0,4.120499519698952,0.26619024390243906
102.41,0.785,-0.888,1.143,-0.134,0.781,0,4.638701669196884,0.15043236409608093
24.37,-0.499,0.953,1.339,-0.402,0.884,0,3.2335673736111907,-0.42853020134228187
54.55,0.819,-0.775,0.36,-0.412,0.823,0,4.017283516085639,0.383313325330132
22.49,-1.371,-0.481,-0.387,-0.54,0.952,0,3.1565747986708215,0.27
14.52,0.911,0.404,-0.639,0.323,0.802,0,2.7421295147550726,0.16070443349753696
116.9,-1.314,-1.085,0.377,1.49,0.912,0,4.769836807543325,-1.7534164859002168
94.79,-2.199,-0.833,-1.118,0.559,0.83,0,4.5621582953948,-0.5543416666666667
63.33,0.76,1.168,2.009,0.165,0.707,0,4.1640260854229085,0.2687866108786611
132.41,0.619,-1.141,-1.642,1.244,0.928,0,4.893427093190715,-1.5132238805970148
88.62,-0.256,2.37,0.313,-0.754,0.772,0,4.495578509357997,-2.2851406649616366
55.84,-0.942,-0.387,1.55,-0.066,0.744,0,4.0402403032289,0.03387533156498674
17.06,1.084,-0.1,-1.026,0.546,0.795,0,2.8936995479888394,-0.06782608695652174
17.43,2.032,0.605,-0.82,0.732,0.797,0,2.9139797716817317,0.5487732342007434
50.18,1.092,0.295,-0.197,-1.665,0.918,0,3.935348830731643,-0.5292834051724138
12.77,-1.166,0.042,1.55,0.227,0.769,0,2.6224923127405635,0.012238767650834403
165.96,-1.051,-0.562,1.055,-0.097,0.72,0,5.117754262768945,0.07467671232876713
38.73,-1.271,1.367,-0.208,-0.532,0.938,0,3.6821065698265074,-0.7671350210970465
297.67,0.08,-0.53,0.313,-0.685,0.702,0,5.6993392849588265,0.5099016853932585
6.26,0.124,-0.053,1.855,1.91,0.831,0,1.9823798288367047,-0.12036860879904875
224.83,0.803,0.771,-0.47,-1.65,0.841,0,5.419782503829213,-1.494888366627497
35.19,-0.505,-0.544,-0.805,-0.848,0.832,0,3.588782837575651,0.5478764845605701
65.56,0.588,-0.276,1.441,0.266,0.968,0,4.198103796512953,-0.07506748466257669
20.14,-1.733,-1.872,-1.142,0.265,0.849,0,3.051166980442092,-0.5775087310826543
30.72,0.702,-0.528,-0.888,-2.151,0.944,0,3.456947396766647,1.1904905660377358
12.81,1.51,1.827,1.22,-0.277,0.973,0,2.6253929674212007,-0.5148311291963378
58.22,0.147,-3.116,0.918,1.219,0.765,0,4.0812593226734455,-4.901166451612903
10.61,1.072,0.452,0.958,-1.413,0.731,0,2.4518667957098,-0.8619109311740891
302.86,-0.094,-0.669,1.451,0.184,0.735,0,5.71656706901562,-0.1652295302013423
54.41,-1.059,-1.129,0.745,0.598,0.961,0,4.014760082879258,-0.6953058702368693
88.8,-0.806,-1.844,0.683,-0.056,0.939,0,4.497584975308154,0.10881348788198104
201.65,0.833,0.426,-0.074,0.206,0.828,0,5.311480353074318,0.10472076372315034
138.43,0.737,0.309,-1.675,-1.314,0.709,0,4.93756268320693,-0.5647093184979138
57.81,-0.95,1.071,-1.495,-0.199,0.924,0,4.074311908471865,-0.22818950749464667
10.31,-0.874,1.483,2.518,-0.311,0.912,0,2.425687290128029,-0.5002310195227766
95.48,0.899,0.791,-1.773,1.176,0.771,0,4.5693357329788755,1.1910576184379
203.22,-0.078,0.258,-0.254,-0.355,0.894,0,5.319197844127392,-0.10131637168141593
21.14,-0.162,-0.793,0.098,0.043,0.748,0,3.0973859272804907,-0.04498548812664907
16.62,0.506,-0.03,0.617,-0.273,0.913,0,2.8690346205080335,0.00887323943661972
309.89,-0.201,0.278,0.387,1.212,0.977,0,5.739439151864236,0.3413738601823708
278.67,1.048,-0.044,-1.41,0.684,0.707,0,5.633610336679198,-0.041974895397489546
26.44,0.528,0.217,0.773,-0.369,0.815,0,3.3120018028576843,-0.09705818181818181
36.33,-2.897,0.444,-0.066,0.861,0.78,0,3.6197972929264925,0.48390379746835444
162.14,-0.825,-0.788,1.915,-0.151,0.947,0,5.094608727872434,0.12433437826541274
20.97,-1.586,-0.397,-0.857,-1.066,0.87,0,3.089677886396519,0.48091136363636366
6.42,-1.255,-0.366,0.08,0.452,0.952,0,2.004179057179289,-0.17196673596673598
23.51,-0.352,1.281,0.544,-0.671,0.921,0,3.1990811975400213,-0.9232556390977442
471.97,-0.495,0.392,-0.525,-1.93,0.737,0,6.15903196153334,-1.0127978580990629
136.86,0.68,0.041,0.646,2.519,0.721,0,4.926238677457506,0.14128454172366622
18.75,1.282,-0.351,0.423,0.118,0.769,0,2.9831534913471307,-0.05316816431322207
71.9,1.054,-2.305,-0.017,-1.757,0.881,0,4.289088639014612,4.545325476992144
12.2,0.869,1.022,-0.193,0.991,0.718,0,2.580216829592325,1.3912115384615384
57.61,0.373,-0.917,-0.133,-0.479,0.724,0,4.070905330488338,0.5984237057220708
5.29,-1.55,0.33,0.144,1.151,0.722,0,1.8389610707123492,0.5188934426229508
12.87,-1.868,-0.713,1.128,0.53,0.912,0,2.6297282343267403,-0.4098590021691974
86.27,-0.764,-0.864,0.856,0.634,0.734,0,4.46900676117522,-0.7362580645161291
22.63,-0.971,1.578,2.026,1.117,0.925,0,3.1625170911988163,1.8851614973262032
144.27,0.331,-1.763,-0.476,0.82,0.747,0,4.978594079884792,-1.9097225891677672
11.18,-0.847,0.155,1.157,1.173,0.878,0,2.4997952622817508,0.20474662162162163
182.82,0.798,-0.241,1.703,-1.591,0.709,0,5.213957017929963,0.5332837273991655
76.23,0.682,-0.339,2.418,0.916,0.974,0,4.346787982581173,-0.3155731707317073
127.8,-0.999,-2.666,-1.138,0.561,0.726,0,4.858260813670253,-2.032100543478261
36.69,-0.723,0.83,-0.331,-0.435,0.897,0,3.629394807279044,-0.3980705622932745
85.9,-1.114,1.178,-0.11,0.918,0.849,0,4.464758032271346,1.2589103608847498
257.63,0.062,0.668,-1.096,-1.143,0.862,0,5.555398468889943,-0.8756009174311927
83.96,0.992,-0.156,-1.639,-0.53,0.702,0,4.442180557493629,0.11612359550561799
304.69,0.41,1.151,0.428,0.456,0.97,0,5.722571516552783,0.5355673469387755
46.47,-0.909,0.124,-0.229,1.445,0.844,0,3.8600979325632268,0.20981264637002342
53.58,0.249,-1.854,0.741,-0.132,0.91,0,3.9996675152801924,0.26600869565217394
34.1,-0.744,0.809,0.187,-0.41,0.788,0,3.55820113047182,-0.41565162907268166
26.26,0.88,1.153,0.695,-0.029,0.897,0,3.3054204262683866,-0.03686549062844542
195.3,-0.602,-0.916,-0.314,-0.635,0.982,0,5.279644101282416,0.586350806451613
284.9,0.13,1.606,0.28,1.469,0.701,0,5.655642099328266,3.3181631504922646
64.18,-1.515,0.64,-0.656,-0.861,0.881,0,4.177152673409416,-0.6184511784511784
18.42,-0.578,1.647,1.119,-0.534,0.847,0,2.966303462863179,-1.0262520420070014
45.41,-0.31,0.89,0.013,1.151,0.76,0,3.8375149532530846,1.3303766233766234
85.65,-0.747,-0.454,-0.168,-0.27,0.914,0,4.4618770161616155,0.13266233766233768
159.71,-0.421,0.663,-1.171,0.699,0.881,0,5.0796014985609785,0.5201313131313131
190.49,0.526,0.657,1.048,0.742,0.988,0,5.254835587936076,0.48847094188376755
129.99,1.208,-1.573,0.132,-0.046,0.961,0,4.875120984409557,0.07451905252317198
76.27,0.129,0.089,0.467,-1.507,0.84,0,4.347305781945493,-0.15779176470588235
130.51,1.477,-0.855,-0.912,-0.228,0.731,0,4.879082894353873,0.2630769230769231
15.77,0.036,-0.508,-0.805,0.371,0.877,0,2.8195915758351173,-0.21247801578354
82.41,-0.293,-1.079,-0.263,1.711,0.883,0,4.42376820625352,-2.0673784994400894
164.14,-0.467,0.912,2.263,-0.143,0.721,0,5.106793598989283,-0.1784076607387141
252.78,-1.97,-1.026,0.063,-0.156,0.812,0,5.536467749968769,0.19471532846715328
127.91,-0.174,-0.647,0.779,-0.86,0.766,0,4.859114486455013,0.7170360824742268
57.05,-0.529,1.663,1.776,0.674,0.954,0,4.061304708143901,1.1627199170124483
191.52,0.441,-0.629,0.199,0.166,0.968,0,5.260200044434908,-0.10676278118609407
65.49,-0.943,2.562,1.625,-0.812,0.709,0,4.197051560414364,-2.8933852573018086
27.86,0.108,-0.599,0.636,-0.089,0.824,0,3.3624565533457247,0.06392206235011991
41.63,1.326,-0.219,-0.228,0.669,0.834,0,3.752558230777119,-0.17359123222748815
199.31,-2.166,-0.803,-2.144,-1.4,0.919,0,5.299866166537887,1.2101184068891282
228.58,1.275,-0.033,-0.878,1.203,0.87,0,5.4362515526373505,-0.04511250000000001
98.42,-0.067,-0.308,-1.192,-0.79,0.761,0,4.599353300666526,0.31559014267185476
48.65,-0.335,-0.282,1.274,-1.619,0.742,0,3.9049983904911816,0.6071249999999999
8.86,0.172,-1.361,-1.956,-0.494,0.942,0,2.288486168614544,0.7062331932773109
64.76,-0.269,-0.538,-0.702,-0.518,0.844,0,4.186011750747925,0.32632786885245907
60.82,0.802,-2.454,-0.415,-0.289,0.865,0,4.124226936703971,0.8105211428571428
234.25,0.422,-0.746,-1.758,-0.53,0.947,0,5.460648778465489,0.4131452455590387
56.83,-1.428,2.089,0.173,-0.761,0.821,0,4.057507672170127,-1.9130312876052948
12.71,-0.068,0.013,0.638,-0.661,0.711,0,2.6181254935742233,-0.011918169209431347
93.43,1.647,-1.808,2.145,-0.884,0.817,0,4.547858819274978,1.9326142684401453
18.66,0.216,-0.363,0.597,-0.449,0.915,0,2.9785861147190205,0.17620216216216214
9.31,-0.644,-0.925,1.26,0.384,0.717,0,2.333114298028869,-0.48858321870701515
29.41,-1.157,-0.452,-1.324,2.726,0.792,0,3.4147715016892732,-1.5363491271820449
66.84,-1.36,-1.25,0.293,-1.698,0.829,0,4.2171519914836475,2.529797377830751
23.58,-0.083,-0.554,-0.415,-1.435,0.796,0,3.201933104137889,0.9863399503722085
70.64,-0.165,1.78,-0.366,-1.399,0.713,0,4.271653577192511,-3.4442876901798063
38.75,0.184,0.168,0.962,-0.502,0.773,0,3.6826098411003407,-0.1077088122605364
28.8,-0.657,0.287,-1.384,-0.945,0.946,0,3.3945083935113587,-0.28369769874476986
66.42,-0.884,0.349,-0.208,0.504,0.905,0,4.2109417098059145,0.1922360655737705
267.89,2.553,2.93,-0.263,-0.917,0.947,0,5.59430237403738,-2.8075339602925813
17.34,0.242,0.604,1.321,-2.245,0.744,0,2.9090844668283187,-1.7983819628647215
25.85,-0.807,-1.497,-0.225,0.705,0.852,0,3.2902658209548736,-1.224344547563805
20.03,0.42,1.643,0.635,-0.085,0.958,0,3.0459499897146083,-0.14427169421487604
96.58,0.121,0.787,-0.332,1.2,0.725,0,4.580672554387691,1.2848979591836736
441.99,-0.51,-0.686,-0.468,-0.97,0.784,0,6.093547196426922,0.8380604534005037
83.12,-0.433,0.324,0.012,-0.042,0.953,0,4.432244350834499,-0.01413084112149533
21.49,-1.003,-0.479,-0.258,0.456,0.829,0,3.1130707659712242,-0.2603384982121573
196.36,0.734,0.09,-0.071,0.784,0.869,0,5.285029472221101,0.08027303754266212
27.25,-0.686,1.039,-0.658,-0.31,0.862,0,3.34109345759245,-0.36936926605504583
28.87,-0.418,-0.537,0.027,-1.67,0.812,0,3.3968546322280186,1.090985401459854
11.67,1.465,0.183,0.396,0.062,0.729,0,2.5392369943330477,0.015353179972936401
151.3,3.41,0.899,-2.033,0.222,0.794,0,5.025852259901116,0.24823134328358207
89.94,0.105,-0.538,-0.855,1.336,0.763,0,4.510199948396864,-0.9298421733505822
25.4,-0.901,-1.088,-0.546,-0.596,0.843,0,3.2733640101522705,0.7601969519343494
18.69,-2.53,0.102,0.976,-0.531,0.94,0,2.9801108926510342,-0.05701263157894737
380.16,0.354,-0.253,2.352,0.973,0.96,0,5.9432192344799875,-0.2537824742268041
247.95,-0.866,1.292,2.411,-0.217,0.94,0,5.5172520730881915,-0.29512
96.19,-1.119,-1.834,0.16,-0.822,0.953,0,4.576667825515379,1.5654704049844237
51.43,0.565,0.558,-0.129,-0.644,0.9,0,3.9594789465844413,-0.39489230769230776
51.65,2.256,1.079,-0.281,-1.113,0.708,0,3.9636662385799846,-1.672600278551532
18.78,2.721,0.453,0.432,-0.598,0.808,0,2.984671326194566,-0.3311662591687042
220.38,-1.055,-0.339,0.403,1.533,0.812,0,5.399880681957478,-0.6322226277372263
42.4,-0.427,-0.936,0.003,-0.492,0.96,0,3.770459441106359,0.4747546391752578
139.84,-1.354,-0.209,-0.799,1.138,0.773,0,4.947624494286852,-0.3037573435504469
19.95,-0.908,-0.03,-0.152,1.482,0.83,0,3.0421386463681466,-0.05292857142857143
5.16,-0.03,1.345,1.538,-0.354,0.718,0,1.8180767775454285,-0.6540247252747252
43.83,-1.228,2.359,-0.569,-0.902,0.787,0,3.802877558167348,-2.669784190715182
415.1,-1.061,-0.625,-0.304,1.243,0.829,0,6.030925615988895,-0.9259535160905842
72.66,1.588,1.678,-0.62,-0.911,0.75,0,4.299459911016919,-2.011392105263158
128.85,1.498,0.491,-0.754,0.292,0.787,0,4.866379938108757,0.17988958594730237
65.16,-0.987,-0.658,0.379,0.566,0.8,0,4.1920760507154355,-0.4597876543209876
128.1,-1.482,-0.847,-0.706,-0.802,0.973,0,4.860587297852597,0.6910417090539167
61.62,-0.412,0.501,0.97,-0.011,0.718,0,4.1370847158982595,-0.0075700549450549446
215.98,-1.137,-0.279,1.02,0.63,0.714,0,5.379805183394304,-0.24277624309392268
375.43,-1.067,1.177,-0.331,-1.073,0.764,0,5.930732106979362,-1.6316808785529715
62.93,0.65,1.145,-1.001,-0.168,0.978,0,4.157788734778635,-0.19469635627530366
31.79,0.872,-1.331,-1.221,-0.237,0.869,0,3.4901235908565567,0.35887030716723545
6.48,-0.105,-1.33,-1.615,-1.318,0.941,0,2.012232791986386,1.8432597266035755
100.53,-0.089,0.711,-0.608,-0.367,0.895,0,4.6203543213131315,-0.2883281767955801
161.7,0.177,-0.147,-1.158,0.086,0.886,0,5.091908014224992,-0.014109374999999999
67.4,-0.079,-0.37,0.282,1.448,0.782,0,4.225372824628505,-0.6764646464646464
229.4,-0.785,-0.833,0.781,-0.288,0.847,0,5.439816928821736,0.27993465577596266
102.43,0.488,-0.554,-0.822,0.764,0.794,0,4.638895055389712,-0.5264378109452736
110.26,-0.735,-0.659,0.677,0.362,0.722,0,4.711869804647147,-0.32589890710382513
55.19,1.608,0.978,-1.995,0.857,0.728,0,4.028738805124107,1.1356991869918698
36.1,0.766,0.351,0.089,-0.899,0.786,0,3.6136169696133895,-0.3964183417085427
98.55,0.774,0.09,-0.036,-0.551,0.756,0,4.6006600305102054,-0.06473890339425588
70.41,1.235,-0.403,-0.69,-0.197,0.936,0,4.268437915561019,0.08392283298097251
49.22,-1.733,-0.074,1.583,0.068,0.963,0,3.916413353729439,-0.005171634121274409
304.57,0.188,-0.028,-0.649,0.54,0.715,0,5.72217888493435,-0.020855172413793106
224.06,-0.192,0.141,0.549,0.442,0.963,0,5.416367033321851,0.0640513874614594
71.69,1.012,0.785,1.055,1.356,0.859,0,4.286203823496544,1.2249252013808978
60.45,0.156,-0.243,0.169,-1.476,0.728,0,4.118223836012044,0.486
87.08,0.073,0.145,-0.593,-1.804,0.844,0,4.478245492414424,-0.30629976580796253
402.78,0.192,-0.422,-0.657,-0.215,0.971,0,6.000870175182078,0.09248725790010193
80.76,-0.81,0.791,0.654,0.521,0.825,0,4.403788126455394,0.49354610778443125
77.13,1.951,-0.654,0.242,0.044,0.975,0,4.358374106008653,-0.029214213197969543
156.85,-1.338,0.529,0.864,0.422,0.733,0,5.061645215004001,0.30045491251682366
215.98,-1.477,-1.24,-0.697,1.273,0.977,0,5.379805183394304,-1.5993110435663627
455.23,0.096,-2.001,2.064,1.5,0.809,0,6.122997068319454,-3.6648351648351647
20.43,-0.286,0.523,0.199,-0.681,0.722,0,3.064791809485486,-0.4865614754098362
11.17,1.311,1.744,-0.049,-0.574,0.826,0,2.498973906999436,-1.1974354066985646
72.25,-0.894,0.979,1.392,-0.32,0.968,0,4.293878247897177,-0.3203271983640082
193.65,2.28,-2.445,1.095,0.086,0.944,0,5.271203074056465,-0.2204088050314465
36.73,-0.39,-1.087,0.115,-0.054,0.777,0,3.6304555339762192,0.07458449809402795
21.99,-0.413,-1.626,-1.691,0.933,0.844,0,3.1350593387750902,-1.7764145199063233
23.84,-1.869,1.506,-0.27,1.118,0.829,0,3.212455257065278,2.006803337306317
81.24,-0.681,0.872,-0.633,0.29,0.938,0,4.409641801706855,0.2667510548523207
382.57,0.103,-2.343,0.944,-0.137,0.703,0,5.949522133485931,0.45019775596072936
95.08,-1.194,1.547,-0.703,-0.758,0.932,0,4.565181177771728,-1.2448259023354564
10.81,-1.801,0.595,0.042,-1.738,0.96,0,2.468946630209271,-1.0660927835051546
86.82,0.462,1.325,-0.604,1.768,0.969,0,4.475289265133571,2.3928498467824313
64.25,1.278,2.65,-1.081,-0.739,0.721,0,4.178226046202803,-2.679001367989056
112.65,-0.802,-1.525,0.126,0.795,0.728,0,4.7331235502985525,-1.6427845528455285
141.64,0.352,-1.63,-1.606,0.061,0.734,0,4.9603239735548845,-0.13364247311827956
25.17,-0.278,-0.498,0.149,1.101,0.893,0,3.2646137165420543,-0.6071960132890365
19.45,0.083,-1.783,-0.656,0.01,0.832,0,3.017982882488811,-0.021175771971496435
89.25,-0.61,0.413,-0.113,-1.262,0.989,0,4.502583597212991,-0.5217277277277277
42.41,-1.735,-1.861,0.85,-1.03,0.838,0,3.770689829311502,2.260412735849057
85.43,0.771,-1.162,0.19,1.413,0.798,0,4.459334837764547,-2.0320618811881186
329.05,-0.35,-1.086,-0.372,-0.216,0.986,0,5.79924415813478,0.23551807228915664
126.89,-0.986,1.653,0.019,1.28,0.89,0,4.851170519445229,2.3509333333333333
82.26,-1.259,0.645,-0.504,-0.142,0.87,0,4.421968241766829,-0.10407954545454544
57.26,-0.735,0.653,-1.286,-0.254,0.878,0,4.064915751531289,-0.18678153153153154
165.15,-0.942,-0.715,0.163,-0.017,0.82,0,5.112890994800603,0.014644578313253014
23.87,-0.146,0.568,1.013,0.671,0.945,0,3.2136622578153133,0.3990869109947644
151.36,0.477,0.957,1.692,-0.973,0.943,0,5.026246141610403,-0.9770839454354668
41.7,-0.995,-1.296,-0.642,0.074,0.926,0,3.754198920234579,-0.10246153846153847
17.71,-0.284,-0.345,-1.669,0.599,0.807,0,2.9290581402859983,-0.25294369645042836
233.06,0.149,0.147,1.051,0.223,0.926,0,5.45557749274662,0.035022435897435894
265.33,-1.335,1.908,1.289,0.05,0.969,0,5.584736141375288,0.09744637385086824
116.2,-0.771,1.115,1.011,-0.086,0.928,0,4.763881877142913,-0.102228144989339
102.99,0.227,-1.031,0.686,0.056,0.901,0,4.644294740672142,-0.06337650933040614
34.59,0.237,-0.23,2.072,-0.545,0.864,0,3.5720646995221013,0.14342105263157898
14.66,-0.155,-0.559,1.409,-1.122,0.883,0,2.751109690562657,0.7023493840985444
300.11,-0.011,1.155,2.054,0.0,0.733,0,5.707475646493819,0.0
780.21,0.888,0.041,0.079,0.451,0.73,0,6.660843999739846,0.02498783783783784
77.4,1.331,0.449,-0.047,-0.626,0.968,0,4.361823927356363,-0.2873967280163599
408.27,0.292,-0.243,0.182,-0.189,0.78,0,6.014375084941085,0.05813544303797468
277.81,-0.831,1.61,-0.944,-0.781,0.897,0,5.630530546248866,-1.3863395810363839
197.22,0.661,0.503,-0.753,0.67,0.93,0,5.289377524978562,0.3585212765957447
38.04,-0.998,-0.793,-0.765,0.31,0.977,0,3.664586761544892,-0.24906788247213782
34.63,-0.118,-0.053,-0.482,-1.511,0.807,0,3.5731879796177446,0.09802080783353731
32.1,-0.322,1.465,-1.019,-1.092,0.861,0,3.4995332823830174,-1.836716417910448
35.6,-0.213,-1.294,-0.029,-0.583,0.969,0,3.6000482404073204,0.7705842696629214
5.99,1.295,-0.671,1.698,0.172,0.77,0,1.944480556245719,-0.14796410256410256
14.29,0.293,-0.268,-0.926,0.631,0.908,0,2.727199019940971,-0.18421350762527233
109.82,-0.16,1.092,0.315,-0.293,0.938,0,4.707907263439203,-0.3375063291139241
35.98,-1.683,1.389,0.126,-0.597,0.781,0,3.610377225958979,-1.0483350189633376
18.21,0.706,0.312,-0.459,-0.541,0.866,0,2.955430976780465,-0.19268493150684932
65.37,2.733,1.051,-0.774,0.754,0.808,0,4.195245147157833,0.9687701711491442
12.95,1.366,-0.244,-0.283,-0.506,0.808,0,2.6354795082673745,0.15093398533007335
14.32,0.74,0.677,0.294,1.176,0.847,0,2.729159164312445,0.9289988331388565
30.89,-0.709,1.984,-0.256,0.742,0.807,0,3.4622924810219664,1.8018702570379435
167.78,0.93,1.042,0.79,-0.522,0.868,0,5.12859609172982,-0.6195034168564921
55.33,-0.291,1.004,-0.465,2.098,0.872,0,4.031227252906622,2.388199546485261
8.52,2.322,-1.598,1.206,-0.025,0.79,0,2.253394848803274,0.0499375
188.16,1.636,-0.812,0.037,0.935,0.864,0,5.242593217775675,-0.8686727688787187
12.47,-1.025,-0.402,2.625,1.342,0.906,0,2.6004649904222727,-0.5889563318777293
184.01,-1.566,-0.187,0.922,-0.442,0.742,0,5.220409877671511,0.1099122340425532
88.88,-1.088,2.281,2.129,-0.086,0.768,0,4.498475447317128,-0.2521413881748072
33.02,0.402,1.935,-0.699,0.199,0.917,0,3.5269485869677157,0.41538834951456316
67.76,0.281,-1.396,0.753,0.171,0.915,0,4.230622180514649,-0.25807135135135134
35.55,-0.313,0.333,0.144,-0.299,0.91,0,3.5986811861957873,-0.108225
21.57,-1.22,0.928,-0.854,-1.165,0.851,0,3.1166215908294443,-1.2556562137049943
143.72,-1.904,-0.013,0.611,0.639,0.774,0,4.97480084108704,-0.010595663265306123
23.79,0.163,1.039,-1.315,-1.258,0.887,0,3.210440346047099,-1.4571482720178373
97.03,-0.942,-0.387,2.108,0.88,0.949,0,4.585273554273635,-0.35511991657977066
61.31,-0.482,0.158,-0.31,0.708,0.883,0,4.132121926556131,0.1252676371780515
215.59,0.504,1.137,0.466,0.226,0.936,0,5.3780061654494045,0.2716300211416491
85.01,-0.924,0.416,-1.887,-0.283,0.825,0,4.454463568563388,-0.14099161676646704
97.26,-1.631,-0.946,0.713,-0.131,0.905,0,4.587617026740502,0.1354382513661202
38.72,0.427,-1.157,-0.222,2.133,0.762,0,3.681854839176972,-3.1967370466321245
7.46,-0.31,-1.694,0.47,0.383,0.82,0,2.135349173618132,-0.7816891566265061
140.17,0.442,0.247,-0.006,0.324,0.928,0,4.9499648378961085,0.08531769722814499
147.28,0.918,-2.28,-1.496,0.213,0.734,0,4.999102378282531,-0.6527419354838709
71.67,-0.335,-0.826,0.588,-0.892,0.953,0,4.2859286446285445,0.7651007268951194
78.32,-0.871,-1.341,-0.761,-0.87,0.775,0,4.373490303651595,1.4862038216560507
64.9,1.606,-1.256,-1.349,0.061,0.935,0,4.188138441508461,-0.08107513227513227
59.32,-0.274,-0.285,0.648,0.947,0.847,0,4.099663723699701,-0.3149299883313885
36.06,2.155,-0.623,0.15,1.02,0.78,0,3.6125382208572137,-0.804379746835443
8.71,0.486,-1.051,-0.067,-1.24,0.903,0,2.2731562823032334,1.4274260679079955
36.32,0.856,1.786,0.924,-0.142,0.901,0,3.619529375979143,-0.27838858397365535
43.01,0.626,0.8,0.573,1.186,0.81,0,3.784416880823,1.1570731707317072
41.43,-0.872,0.364,-0.457,1.128,0.883,0,3.7478556592142334,0.45978947368421047
63.76,1.714,0.139,-1.358,0.689,0.722,0,4.170688128809434,0.13083469945355192
160.89,-1.113,-0.975,-0.394,-0.413,0.912,0,5.086917092253414,0.43674078091106283
191.1,-1.009,-0.296,-1.36,0.402,0.719,0,5.258016069774511,-0.1632263374485597
189.76,-1.86,-0.235,-0.646,0.545,0.771,0,5.251016093430024,-0.16398847631241997
30.1,0.396,0.45,-1.046,0.589,0.839,0,3.4372078191851885,0.3121908127208481
83.47,-1.228,0.055,-1.382,-0.259,0.942,0,4.436396441739405,-0.014963235294117649
29.99,-1.756,-1.579,0.382,0.542,0.717,0,3.433664571799657,-1.1771911966987623
10.9,-2.147,1.521,0.876,-0.672,0.737,0,2.4765384001174837,-1.3682891566265059
315.41,0.096,-1.971,0.704,-0.846,0.804,0,5.757038840956633,2.0484840294840296
8.34,1.208,0.467,-0.36,-0.589,0.794,0,2.234306252240751,-0.3421181592039801
280.22,-0.242,0.006,-0.27,-1.565,0.794,0,5.63913728116267,-0.011679104477611939
7.83,0.133,-1.003,-0.8,1.639,0.912,0,2.178155014615869,-1.7829902386117134
20.16,-0.797,-1.891,-0.104,0.613,0.701,0,3.052112606990099,-1.630355836849508
241.31,-0.334,-1.996,-2.233,1.154,0.925,0,5.490217898122315,-2.4635122994652403
231.9,-0.014,0.607,0.232,-1.15,0.776,0,5.450609176890295,-0.8881043256997454
58.06,0.946,0.319,0.741,1.291,0.946,0,4.078553876315777,0.4307834728033473
10.12,-0.356,-0.741,-0.106,1.268,0.846,0,2.4087452888224363,-1.0976495327102804
27.13,0.805,0.308,1.073,-1.535,0.796,0,3.3368366225017656,-0.586575682382134
138.76,-2.095,-0.327,-0.839,-0.164,0.951,0,4.939926665825801,0.055804370447450576
274.6,-1.52,-0.123,-0.575,1.988,0.773,0,5.618950539139504,-0.31229118773946357
8.33,0.174,0.228,-0.228,1.248,0.918,0,2.2332350148592526,0.3066206896551724
78.99,1.054,-0.385,0.73,0.814,0.889,0,4.3819016268607305,-0.3485984427141268
168.33,-1.344,-0.029,0.111,0.071,0.799,0,5.131849473677249,-0.002545117428924598
134.86,0.136,-0.07,0.684,1.81,0.926,0,4.911624943763156,-0.13536324786324785
147.62,-1.02,-1.544,0.256,-0.187,0.745,0,5.001392712729324,0.3824211920529801
126.04,1.403,-1.196,-0.196,-0.391,0.823,0,4.844501997498826,0.5613877551020409
170.44,-0.578,0.081,-0.789,-0.022,0.863,0,5.1442333511653215,-0.0020412371134020616
63.45,-0.462,-0.089,0.218,0.273,0.884,0,4.165889729385197,-0.027177852348993288
77.18,-0.801,0.439,-0.164,0.33,0.89,0,4.359013860364809,0.16096666666666667
84.33,0.875,0.315,1.026,-0.841,0.874,0,4.446526092548494,-0.2996776018099548
11.72,1.164,-0.296,-0.19,-1.982,0.842,0,2.543175557911976,0.6885821596244132
86.8,-2.741,0.167,0.473,-0.23,0.702,0,4.475061500641071,-0.05394662921348316
16.07,-0.91,0.898,0.783,0.526,0.774,0,2.837322536806349,0.6024846938775511
23.12,-0.35,-0.414,0.625,-0.395,0.923,0,3.1830413718589847,0.1752733118971061
5.16,-0.95,0.423,2.377,-0.787,0.823,0,1.8180767775454285,-0.39964105642256903
10.91,0.756,0.566,-0.118,-0.436,0.862,0,2.477378383367209,-0.283
83.99,1.735,0.703,-0.093,0.399,0.861,0,4.442533602510535,0.32204018369690013
107.08,-1.718,1.402,1.497,1.237,0.87,0,4.6828716936519434,1.970765909090909
24.51,1.025,0.016,0.381,0.56,0.902,0,3.23907053215372,0.009824561403508772
19.14,-0.986,-0.103,-0.577,0.875,0.922,0,3.0027078872904163,-0.09670064377682402
148.24,0.282,0.436,2.009,1.324,0.793,0,5.005555748352958,0.7188841843088418
21.56,-0.209,-0.242,-0.827,0.587,0.983,0,3.1161784266298582,-0.14305538771399798
43.81,-1.709,-1.573,-0.541,0.608,0.941,0,3.802431328798052,-1.0056614090431124
95.97,-0.701,0.686,1.53,0.927,0.891,0,4.574401652316455,0.705795782463929
37.29,0.326,0.454,2.496,0.247,0.864,0,3.6451887654892032,0.12830434782608696
254.2,-0.243,0.365,-0.437,0.146,0.797,0,5.542047551470635,0.0660346964064436
59.96,-0.492,0.956,0.52,-0.234,0.723,0,4.110217911378391,-0.30518963165075036
73.16,-0.698,0.007,-0.216,-0.754,0.739,0,4.306224921257599,-0.007046728971962617
60.27,1.574,0.896,-2.172,0.839,0.738,0,4.115290326737563,1.005005347593583
29.17,0.753,-0.143,-0.387,-1.329,0.912,0,3.40684805317097,0.20612472885032534
108.82,0.161,-1.166,0.303,0.641,0.739,0,4.698842661850726,-0.997871829105474
15.49,-0.027,0.882,0.17,0.304,0.988,0,2.8027541365715076,0.26866533066132264
179.23,1.48,-0.492,-1.568,-0.169,0.77,0,5.194233813004714,0.1066
48.04,0.622,0.001,-1.821,1.546,0.77,0,3.892636291627956,0.001982051282051282
23.53,0.942,0.428,1.092,-2.18,0.905,0,3.199896858270398,-1.0197158469945355
10.11,1.302,-0.845,-0.341,0.141,0.769,0,2.4078456036515385,-0.15294608472400512
101.84,0.812,-0.59,0.375,-0.193,0.931,0,4.633174382397689,0.12100956429330499
188.21,1.277,-0.236,-0.302,1.068,0.988,0,5.242857509343669,-0.2525531062124248
166.96,1.4,-0.396,0.692,-0.854,0.928,0,5.123725855815993,0.3605373134328358
112.15,-0.275,1.111,-0.263,0.024,0.742,0,4.728714372079547,0.03545744680851064
92.84,-1.359,0.28,-0.742,-1.221,0.908,0,4.54159120434522,-0.3724183006535948
84.97,0.857,-1.185,0.178,-0.309,0.857,0,4.453998398186353,0.42233564013840835
12.64,-0.068,-0.233,0.988,1.3,0.777,0,2.613006652415316,-0.3848792884371029
11.86,-0.248,0.515,0.331,-0.71,0.763,0,2.554121718809473,-0.4730271668822768
59.87,-1.571,-1.181,-0.251,0.611,0.825,0,4.108740442505833,-0.8641808383233534
11.91,0.219,1.536,0.056,0.1,0.899,0,2.558002204858551,0.16897689768976898
54.07,0.765,-1.111,1.498,0.717,0.806,0,4.00860510327439,-0.9762095588235292
373.64,0.234,0.66,1.136,-0.753,0.831,0,5.925965564875287,-0.5909393579072534
6.81,-1.24,0.729,-0.275,-0.386,0.838,0,2.0554049638515948,-0.3318325471698113
9.35,0.156,0.996,1.024,-1.134,0.933,0,2.336986519711378,-1.197734888653234
85.9,-0.223,-0.17,-0.397,0.538,0.706,0,4.464758032271346,-0.12773743016759778
92.53,0.287,0.98,-0.111,1.26,0.929,0,4.53828224044646,1.3150159744408945
93.4,-0.596,1.568,-0.555,-0.509,0.742,0,4.547541073151455,-1.0613191489361702
26.19,1.894,0.522,0.496,-1.892,0.799,0,3.3028492586443794,-1.2207960444993817
106.35,-0.036,-0.704,0.24,1.534,0.976,0,4.67609452432479,-1.0952697768762678
9.79,-0.961,-0.719,0.14,1.57,0.74,0,2.378619779270043,-1.5051066666666666
33.59,0.164,0.007,-1.025,-0.405,0.844,0,3.5435646229490776,-0.0033196721311475413
36.56,-1.246,2.469,0.555,0.254,0.758,0,3.6259396543400624,0.8165703124999999
151.32,-0.142,0.505,-0.976,0.683,0.829,0,5.025983571043055,0.4111025029797378
78.33,0.533,-0.818,0.691,0.339,0.865,0,4.373616367313912,-0.31691657142857144
77.59,-1.448,0.764,0.747,1.189,0.943,0,4.364244464878084,0.9531962224554041
129.4,-1.033,0.422,-0.217,0.684,0.98,0,4.870606649492553,0.29156363636363636
48.69,0.616,0.635,-0.744,2.419,0.965,0,3.905803705614229,1.575451282051282
98.22,0.059,-1.108,0.783,0.268,0.781,0,4.597339606872903,-0.3754032869785083
139.39,-0.332,0.268,0.048,-0.286,0.929,0,4.944424263983859,-0.08162726304579339
73.71,0.458,1.173,-0.168,0.055,0.726,0,4.31361395198771,0.08765625
114.74,0.252,1.568,1.744,1.375,0.73,0,4.751346296145693,2.913513513513514
98.7,2.447,-0.514,1.524,0.366,0.792,0,4.602165676967792,-0.23456857855361596
44.75,1.39,-0.574,-1.26,-0.269,0.985,0,3.82319179172153,0.1551819095477387
62.8,0.319,-0.732,0.002,1.718,0.887,0,4.155753190350744,-1.401979933110368
21.11,-1.054,-0.412,1.132,-2.033,0.828,0,3.096029994869355,0.9995178997613364
81.45,-2.009,0.019,-0.429,-0.619,0.758,0,4.412192049005608,-0.015313802083333331
109.47,0.57,0.827,-1.372,1.026,0.906,0,4.704743990884184,0.9263122270742358
83.97,0.005,-0.835,1.254,0.049,0.965,0,4.44229825301545,-0.041964102564102566
243.68,1.823,0.709,-0.026,-0.881,0.96,0,5.499951234374364,-0.6439474226804124
56.7,-1.508,-0.405,-1.614,-1.041,0.792,0,4.055257173514054,0.5256920199501247
13.13,0.353,0.702,1.383,1.603,0.815,0,2.6483001966964363,1.3640072727272727
152.34,0.234,-0.562,0.251,-0.161,0.894,0,5.032657678130748,0.10009070796460177
44.04,1.708,-0.758,0.521,-0.715,0.712,0,3.807550983831435,0.7506509695290858
52.99,-0.627,0.19,-1.815,-0.523,0.844,0,3.9887988442301956,-0.11635831381733021
64.7,-0.38,0.288,-0.18,-0.764,0.957,0,4.185098925490565,-0.22754084798345398
169.29,0.968,0.149,-0.623,0.857,0.749,0,5.137502866038513,0.1682384716732543
35.46,0.588,-1.307,1.758,1.516,0.755,0,3.596215769250517,-2.5900810457516337
138.41,-1.068,-2.573,1.616,-0.969,0.955,0,4.937419231764997,2.583665284974093
16.52,0.354,0.199,-1.673,-0.604,0.897,0,2.8633430855082453,-0.13252039691289966
29.01,0.837,-0.244,-0.843,0.188,0.796,0,3.4015306594522756,-0.05691315136476426
88.89,2.113,-0.244,-0.119,1.603,0.986,0,4.4985867005853075,-0.3927028112449799
214.21,-0.056,-0.105,-0.913,-0.577,0.79,0,5.371614295609493,0.07573124999999999
52.01,-2.08,-0.232,-1.381,0.653,0.94,0,3.9704805749997147,-0.15946947368421055
10.39,-0.221,-1.596,1.525,-0.426,0.911,0,2.432735777459091,0.738214983713355
76.97,-0.034,0.014,1.438,-0.294,0.838,0,4.356324137321509,-0.00485377358490566
180.74,0.17,0.156,-0.37,-0.535,0.709,0,5.202577094267201,-0.11607788595271211
350.35,-0.653,-1.296,-0.447,-0.265,0.814,0,5.861782877638206,0.41679611650485443
294.5,1.077,1.032,1.345,-0.202,0.963,0,5.688668836846153,-0.21424871531346354
281.96,-0.511,-1.367,1.308,-1.154,0.873,0,5.645305544897225,1.7865436013590033
14.82,-0.309,1.447,-0.768,0.029,0.744,0,2.761274962339508,0.055653846153846165
434.01,-1.853,1.232,-1.676,2.488,0.714,0,6.0753690193302,4.233723756906078
37.21,-0.032,-1.074,0.658,-0.409,0.936,0,3.6430972614588084,0.46434038054968285
51.84,-1.72,-0.196,-0.109,0.138,0.78,0,3.9672684796541247,-0.03423797468354431
14.78,1.849,0.499,-0.779,0.652,0.971,0,2.7587433154177283,0.3316493374108053
68.59,-0.204,-0.808,-1.669,1.152,0.903,0,4.2426208788567585,-1.0195136911281488
186.69,0.649,1.237,-1.683,0.083,0.832,0,5.234791665668158,0.121937054631829
34.47,0.33,-0.352,1.762,-0.291,0.85,0,3.5686872687855304,0.11910697674418602
11.11,-1.036,-0.876,0.936,0.99,0.982,0,2.494031557565001,-0.874233870967742
36.59,0.157,0.61,2.088,-0.058,0.904,0,3.6267380575760866,-0.038708971553610506
21.04,0.835,0.934,1.144,0.995,0.974,0,3.092858984284714,0.9444410569105692
295.42,0.52,0.636,0.411,-1.589,0.818,0,5.691777367528769,-1.220536231884058
41.04,0.82,-0.438,0.136,1.563,0.893,0,3.7386215460087504,-0.7581328903654484
359.34,1.084,-2.173,0.73,0.056,0.802,0,5.887048030187554,-0.14986206896551724
369.4,-0.656,-0.328,-0.314,-1.312,0.888,0,5.914583502772024,0.4792160356347439
66.83,1.016,-2.026,0.291,0.291,0.911,0,4.217004574957988,-0.6401368078175894
263.9,-0.995,-1.211,0.898,0.105,0.943,0,5.579352396278024,-0.13342602308499474
27.46,2.117,0.258,0.291,-0.022,0.983,0,3.3484995926617063,-0.005716012084592144
39.13,-0.392,0.819,-0.193,0.5,0.877,0,3.6921241842788253,0.4616685456595265
113.83,-1.274,-1.332,1.253,-0.112,0.729,0,4.743452773788098,0.201872801082544
89.85,0.616,1.888,0.152,0.648,0.884,0,4.50920979484218,1.3684832214765101
82.83,-0.679,0.414,1.275,1.554,0.76,0,4.428790938649766,0.8355272727272728
8.53,-0.424,-0.67,-0.155,-0.321,0.958,0,2.254444717666111,0.22217975206611573
27.95,-0.541,1.559,-0.405,-0.601,0.896,0,3.3655702040190043,-1.034171081677704
39.94,-1.293,0.457,0.695,-2.916,0.82,0,3.7121075802331434,-1.6055566265060242
23.75,1.895,-0.378,-0.503,-0.75,0.723,0,3.2088254890146994,0.38676671214188263
17.39,-0.765,-0.635,-0.672,-0.715,0.787,0,2.91180703861623,0.5696675031367628
16.41,0.951,-1.121,-0.647,-0.52,0.72,0,2.8570447537800976,0.7985205479452054
63.91,2.075,0.583,0.974,0.239,0.951,0,4.173001695045377,0.14499167533818938
10.02,1.404,-1.143,-0.557,-0.817,0.921,0,2.3997118037247684,1.0030408163265305
59.2,2.199,0.955,-0.098,1.12,0.882,0,4.097672352314776,1.199103139013453
96.67,-0.134,-0.107,-0.658,-0.245,0.835,0,4.581594449459386,0.031023668639053256
11.68,-0.023,-0.864,2.685,0.296,0.89,0,2.5400259490090797,-0.28415999999999997
98.79,1.943,-0.907,-0.545,-1.814,0.814,0,4.603067977896221,1.9967208737864082
38.93,-0.152,-0.094,3.175,0.503,0.797,0,3.6871279210751298,-0.0585898389095415
321.47,0.97,0.142,-1.313,0.297,0.983,0,5.7760101086530815,0.04247129909365559
189.09,-1.614,-0.18,0.648,-0.587,0.72,0,5.247497644218062,0.14473972602739724
91.38,-1.105,0.488,1.045,1.042,0.802,0,4.525910505002459,0.6262266009852218
61.14,0.088,1.269,-1.315,1.781,0.743,0,4.129389903964901,3.001446215139442
536.12,-2.059,0.397,0.83,1.468,0.768,0,6.286221533231725,0.7490951156812339
183.07,0.168,-0.682,-1.99,-0.242,0.94,0,5.215316120044631,0.17373052631578947
95.77,-0.486,1.477,-0.168,0.479,0.854,0,4.572337028892851,0.8188460648148148
235.59,-0.091,1.557,-1.699,0.042,0.825,0,5.466328685224197,0.07831616766467067
52.98,-0.053,-0.526,2.079,-0.253,0.85,0,3.9886136075898584,0.1547418604651163
173.15,-1.202,-1.763,-1.364,0.328,0.814,0,5.159916996812011,-0.7017766990291262
103.51,0.838,-0.182,-1.065,0.355,0.841,0,4.649282760606412,-0.07592244418331374
128.01,0.83,0.309,0.31,-0.803,0.769,0,4.859889920737045,-0.3185198973042362
80.34,0.361,1.373,1.804,-1.042,0.742,0,4.398637900479079,-1.9024813829787235
114.18,0.141,1.922,0.878,-0.652,0.848,0,4.7464961220785264,-1.4605407925407925
10.19,0.085,0.133,-1.489,1.999,0.978,0,2.4150205223238337,0.2690961538461539
131.8,2.098,0.479,-0.87,-0.627,0.779,0,4.888844237042334,-0.3806501901140684
34.49,-0.634,0.422,0.128,1.524,0.812,0,3.569250966658405,0.7823941605839416
35.37,-2.0,0.145,1.601,-0.472,0.882,0,3.5937442589988975,-0.07672645739910312
122.15,0.867,0.586,1.803,-0.2,0.897,0,4.813403124566547,-0.12921719955898567
75.98,-1.023,-0.215,0.575,-0.859,0.701,0,4.3435456478556,0.25975386779184245
192.48,-0.901,2.03,-0.812,-0.366,0.967,0,5.265174147954783,-0.7604708290685771
110.9,-0.545,-0.208,-1.002,-0.554,0.928,0,4.71760561531788,0.12284861407249466
113.08,1.018,-0.005,-0.197,-1.308,0.906,0,4.736899956665986,0.007139737991266376
10.97,1.088,-1.933,-0.337,-2.266,0.876,0,2.482403519569882,4.943767494356659
44.06,-1.302,0.108,1.026,-0.468,0.855,0,3.8079949350040985,-0.05843236994219654
19.72,1.56,0.993,-0.248,-0.557,0.702,0,3.031099417391282,-0.7768272471910114
37.34,1.156,-1.461,0.937,-0.531,0.816,0,3.6464937376174986,0.9392142857142859
50.59,1.635,-0.201,-0.894,-0.044,0.76,0,3.9433278552565585,0.011485714285714285
22.69,-0.496,0.008,0.757,-1.529,0.803,0,3.165053018170694,-0.01504551045510455
109.55,0.256,-0.058,-0.807,1.135,0.91,0,4.705467907303455,-0.07155434782608695
44.8,0.668,-0.75,-1.198,1.065,0.833,0,3.824284091120139,-0.947508896797153
18.11,0.697,0.464,-0.203,-0.73,0.796,0,2.950211758252182,-0.4202481389578164
75.75,0.26,-1.297,-0.877,0.368,0.738,0,4.340553386467307,-0.6380962566844919
8.07,-0.75,1.157,0.706,-0.698,0.742,0,2.2049722641270453,-1.0739175531914893
52.36,0.473,1.568,-1.195,0.188,0.752,0,3.977061401607368,0.3868556430446194
79.26,-1.008,-1.808,0.561,-0.36,0.886,0,4.385271364838771,0.7264285714285714
55.8,-1.802,1.285,-2.154,-0.521,0.819,0,4.039536325727106,-0.8075814234016888
37.16,-0.541,-0.71,0.25,0.878,0.978,0,3.6417878465800855,-0.6309514170040486
40.27,1.561,-0.698,0.904,2.526,0.867,0,3.7201358437644907,-2.010431014823261
79.58,0.728,1.151,-0.484,-0.081,0.703,0,4.389250479763201,-0.13075876577840115
16.17,-0.198,-0.663,0.147,-0.525,0.755,0,2.843163674909384,0.455
66.33,-0.533,1.316,0.195,1.335,0.796,0,4.20960590255719,2.179727047146402
12.49,0.215,-0.195,-1.394,0.567,0.844,0,2.6019486702196644,-0.1294672131147541
14.7,-2.13,-0.649,-0.126,0.561,0.798,0,2.7536607123542622,-0.45060519801980203
32.1,1.764,1.965,0.515,1.28,0.952,0,3.4995332823830174,2.6145530145530147
32.5,0.603,-0.942,0.197,-0.295,0.708,0,3.5115454388310208,0.387033426183844
34.05,0.368,-0.535,-1.455,0.017,0.918,0,3.5567756134805992,-0.009800646551724138
122.96,-1.776,0.182,0.689,0.137,0.715,0,4.819958932919548,0.03439172413793104
31.4,0.865,-1.411,-1.145,0.589,0.763,0,3.4781584227982836,-1.0751345407503234
228.89,-0.348,1.173,0.307,-0.895,0.802,0,5.4376009336504225,-1.2929002463054187
52.1,0.687,-0.117,0.916,0.258,0.966,0,3.9721769282478934,-0.03092827868852459
74.53,-0.098,-0.332,-0.0,0.842,0.911,0,4.324529928325356,-0.30352225841476654
31.66,0.063,-0.384,0.183,1.176,0.877,0,3.4861510875423187,-0.5091138669673055
152.75,0.626,0.043,-0.585,0.445,0.748,0,5.035327906686628,0.025244063324538258
42.09,-0.422,-1.642,-1.239,2.029,0.716,0,3.763290951627747,-4.589005509641873
320.73,1.126,-0.24,0.522,-0.951,0.892,0,5.773712684482059,0.2530376940133037
209.49,-0.705,-0.323,-0.393,0.85,0.767,0,5.349438146055751,-0.35334620334620337
61.6,-0.449,-0.782,-1.478,-0.761,0.831,0,4.136765278106052,0.7076123662306778
46.27,0.196,0.454,0.503,0.957,0.794,0,3.855875844805145,0.5403955223880597
108.67,-1.377,0.043,0.547,-0.835,0.906,0,4.697475856772117,-0.0391975982532751
69.32,-1.336,0.006,1.039,-0.198,0.948,0,4.253056253376921,-0.0012400835073068895
96.93,-0.302,-1.061,-0.101,-1.095,0.925,0,4.584252937732703,1.2425614973262031
19.39,0.181,0.998,0.232,-0.78,0.943,0,3.015044584586364,-0.8168310598111228
180.98,-0.997,0.628,0.24,-0.192,0.733,0,5.203896790928544,-0.16228263795423958
103.48,-2.446,1.043,0.649,-0.087,0.95,0,4.648995665528121,-0.09452187499999999
175.2,-0.899,-0.214,-1.73,0.115,0.848,0,5.171619713502079,-0.028682983682983682
35.92,-0.705,-0.148,-1.139,1.508,0.986,0,3.6087534096346516,-0.22408032128514055
12.96,0.36,-0.689,-0.179,1.606,0.78,0,2.6361960973342264,-1.4006759493670884
36.52,-1.155,-0.681,1.495,-0.56,0.701,0,3.624874124138024,0.5363713080168778
183.84,-0.417,0.202,-0.031,0.969,0.889,0,5.219490586002066,0.2177285873192436
186.68,-0.23,0.96,-0.787,-0.851,0.922,0,5.234738384905166,-0.8765665236051501
230.35,-0.408,1.162,-0.837,-0.6,0.8,0,5.443931715353009,-0.8607407407407406
307.32,-0.379,0.467,-0.473,1.056,0.757,0,5.731138204666056,0.6429621903520208
237.05,0.237,1.016,-0.791,-0.148,0.867,0,5.472480735640528,-0.17145724059293044
47.54,2.294,-0.288,0.373,0.113,0.89,0,3.8823882002984553,-0.03616
40.24,-0.275,-2.048,-0.716,-1.394,0.944,0,3.719408659148759,2.9925702306079662
171.97,1.186,1.83,1.911,-1.025,0.934,0,5.153118169055832,-1.9870233050847455
118.8,-0.523,0.287,0.399,-0.485,0.862,0,4.785823685681349,-0.15962729357798164
151.53,-0.172,-1.224,1.151,0.075,0.908,0,5.027361298011842,-0.09999999999999999
399.83,0.078,-0.846,0.894,-1.135,0.738,0,5.993537397268912,1.2837032085561497
14.26,-2.208,-0.709,0.347,0.338,0.734,0,2.725235025856311,-0.3220994623655914
147.21,0.159,2.86,0.25,-0.422,0.717,0,4.998630186968824,-1.6601375515818433
32.65,0.069,-0.911,0.799,0.297,0.913,0,3.5160130560907366,-0.29313867822318523
280.98,-0.789,1.02,-1.903,2.153,0.864,0,5.641836146437215,2.5126544622425633
77.15,-0.497,0.241,-0.622,0.431,0.708,0,4.358630056867486,0.14466713091922004
67.19,-0.471,0.082,2.936,1.306,0.715,0,4.222297926532561,0.14771310344827587
110.69,0.623,-0.613,-0.228,-1.952,0.959,0,4.715727176552735,1.2348565531475748
144.47,-0.544,0.451,0.124,-0.532,0.819,0,4.97996987978537,-0.28942340168878167
208.81,-1.047,-1.761,1.435,0.126,0.778,0,5.346202359268609,-0.28158121827411164
246.76,1.218,0.143,1.548,0.146,0.715,0,5.512460535664947,0.02879724137931034
141.47,-2.675,1.267,0.315,-0.507,0.738,0,4.9591314512291405,-0.8587820855614973
23.15,-1.242,0.877,-0.446,-0.868,0.845,0,3.184284380098582,-0.8903345029239766
64.5,-0.088,-2.301,1.254,-0.282,0.709,0,4.182050142641207,0.9024784422809458
177.14,0.817,-0.943,-1.616,-0.746,0.878,0,5.182569758003724,0.7922049549549549
129.51,-1.616,-2.42,-0.321,1.092,0.922,0,4.8714498521794365,-2.835450643776824
36.95,0.127,1.753,-0.679,-0.06,0.98,0,3.636269503841639,-0.10624242424242424
159.4,-0.655,0.985,0.591,-1.698,0.945,0,5.077670695432414,-1.7513403141361257
236.85,0.692,-1.489,-0.911,0.746,0.818,0,5.471640222878291,-1.3415386473429953
22.65,0.759,0.415,0.357,0.792,0.801,0,3.1633631149379418,0.40527743526510474
96.96,0.333,0.965,0.768,-0.159,0.942,0,4.584559232083967,-0.16117121848739496
186.97,-0.217,0.824,0.214,1.094,0.711,0,5.236282375628504,1.2502857142857144
90.86,-1.763,-0.23,-1.231,-1.83,0.912,0,4.520265678897648,0.45650759219088943
25.64,-0.242,0.178,0.674,-0.036,0.778,0,3.2824138456721883,-0.008131979695431472
18.35,0.772,-0.026,-2.544,-0.353,0.889,0,2.962692419475791,0.010209121245828697
1293.25,-5.031,2.857,-7.138,4.669,0.212,1,7.165686655782011,60.087085585585584
246.82,-0.35,-1.081,0.332,-1.642,0.914,0,5.512702676188347,1.9209978354978352
149.35,1.168,0.05,-0.52,0.432,0.771,0,5.012965909434538,0.02765685019206146
99.68,-0.069,0.265,0.481,-0.352,0.758,0,4.611947170267115,-0.12145833333333333
106.61,2.018,-0.624,0.408,-0.553,0.737,0,4.678513580212301,0.4619437751004017
69.85,1.076,-0.817,0.082,-0.064,0.821,0,4.260564966136689,0.06292178098676295
60.05,1.059,0.144,-1.74,-1.913,0.81,0,4.111693200556713,-0.3359414634146341
7.49,-0.215,1.444,-1.67,0.212,0.927,0,2.138889000323256,0.3267107790821771
139.19,0.894,0.117,0.246,-0.33,0.862,0,4.942998645380444,-0.04427752293577982
27.33,-0.403,-0.744,0.372,0.461,0.887,0,3.3439213138424253,-0.38236789297658863
13.05,-0.081,0.19,1.254,0.443,0.739,0,2.642622395779755,0.11237650200267024
94.77,-0.744,0.482,-1.588,-0.356,0.822,0,4.561949483533528,-0.20624038461538463
11.83,-0.216,0.131,0.465,0.967,0.821,0,2.551786178627545,0.152439229843562
176.15,-0.591,-0.788,-0.322,-0.988,0.986,0,5.176996831311481,0.7816706827309237
19.92,0.47,1.023,-1.525,0.009,0.813,0,3.040705639196722,0.011187120291616037
85.96,1.477,-0.86,-0.607,0.618,0.817,0,4.465448242812954,-0.6426602176541717
273.94,-0.763,-1.244,-0.077,-0.212,0.808,0,5.616552892043274,0.3224058679706601
13.94,0.251,1.07,0.195,-0.176,0.774,0,2.7040421797046714,-0.24020408163265303
26.93,0.216,0.271,-0.222,0.905,0.709,0,3.3297013799570854,0.341105702364395
74.12,-0.655,-0.722,0.48,-0.621,0.7,0,4.319086834900007,0.6314957746478873
54.13,0.108,-0.848,-0.167,-0.055,0.834,0,4.009694032601592,0.05526066350710901
76.85,0.809,-0.769,1.35,-0.698,0.868,0,4.354783898280007,0.6113462414578588
177.93,-1.331,0.199,0.516,0.588,0.982,0,5.186994667903771,0.11795564516129033
13.35,-0.237,2.595,1.946,0.338,0.801,0,2.66374994220563,1.0815166461159065
35.19,-0.269,-0.096,-0.826,-0.544,0.833,0,3.588782837575651,0.06195017793594307
57.51,0.014,1.592,-1.551,-0.213,0.947,0,4.069197679800145,-0.3543322884012539
13.11,-0.018,0.373,-0.51,-1.1,0.704,0,2.6468837658647226,-0.5746498599439777
20.48,0.646,-1.954,0.382,-0.804,0.945,0,3.067122269640664,1.6450429319371729
77.2,-0.686,-0.368,-0.421,2.278,0.73,0,4.359269647551265,-1.1328432432432434
24.72,-0.086,1.353,-0.638,0.793,0.767,0,3.2472688993694185,1.3808610038610039
29.87,0.371,1.214,-0.383,-0.39,0.843,0,3.429784838514068,-0.555052754982415
263.01,0.68,-1.625,-1.039,-0.062,0.807,0,5.575986981216812,0.12331701346389229
268.06,0.08,0.607,-1.247,0.606,0.915,0,5.594934403057397,0.397667027027027
9.58,1.051,-0.343,-0.861,0.889,0.851,0,2.3589654264301534,-0.35415447154471547
118.39,-0.883,-0.006,-0.834,0.716,0.728,0,4.782395445357297,-0.005821138211382114
60.27,0.199,-0.655,-1.315,0.759,0.98,0,4.115290326737563,-0.5021666666666667
152.89,0.299,-0.469,1.272,-0.747,0.932,0,5.0362380614757605,0.37191401273885344
18.95,0.876,0.391,-0.564,-0.237,0.708,0,2.9932291433358724,-0.12906267409470754
14.91,-0.645,-0.332,-0.257,0.416,0.923,0,2.7669478423496954,-0.1480300107181136
239.81,-0.69,0.955,-0.025,-0.854,0.716,0,5.484008240811595,-1.123374655647383
556.22,0.389,-0.12,-0.46,1.417,0.734,0,6.322960135015972,-0.2285483870967742
28.01,0.961,0.504,0.754,-0.563,0.757,0,3.367640598133313,-0.3699504563233376
72.47,-1.92,-0.591,0.047,2.4,0.797,0,4.296877159632186,-1.757620817843866
575.37,-2.187,1.778,-2.96,3.193,0.374,1,6.356749815581414,14.784255208333333
38.51,-0.559,1.748,-0.57,0.887,0.972,0,3.6765538044232993,1.578896130346232
77.69,-1.008,-1.833,-0.939,-0.404,0.72,0,4.365516082546892,1.0144273972602742
38.0,-2.137,-0.639,0.04,-0.243,0.742,0,3.6635616461296463,0.20648537234042552
25.14,0.056,-1.047,-0.245,-0.408,0.831,0,3.2634667081960758,0.5079381688466111
20.6,-1.986,-0.679,0.337,0.412,0.988,0,3.0726933146901194,-0.2803086172344689
68.98,0.62,0.105,1.177,-2.122,0.81,0,4.248209486939542,-0.2717195121951219
72.09,-0.627,0.73,0.62,-0.97,0.713,0,4.2916915584923006,-0.9793914246196403
57.89,0.847,-0.077,-0.648,0.382,0.803,0,4.07567129695648,-0.036179581795817956
232.98,0.653,1.562,-2.08,1.206,0.87,0,5.455235641619455,2.14065
130.54,-0.313,-1.559,0.042,-0.403,0.811,0,4.879310987873205,0.7652582216808769
29.43,-0.04,0.269,-1.025,-2.38,0.734,0,3.4154289639088797,-0.860510752688172
47.45,-0.436,-2.047,-0.321,0.372,0.876,0,3.880532338336775,-0.8594627539503387
8.26,-0.294,-1.971,0.081,-0.785,0.79,0,2.225704048658088,1.93404375
424.48,-1.325,0.678,0.269,-0.612,0.948,0,6.053217943383464,-0.4331273486430063
19.49,-1.699,-1.14,-1.093,0.498,0.976,0,3.0199369622508083,-0.5757809330628804
115.84,1.565,0.591,0.118,-1.027,0.791,0,4.76080547751954,-0.757749063670412
184.44,-1.011,0.723,1.33,0.739,0.836,0,5.222731379591441,0.6315567375886525
82.95,-0.469,-0.881,-0.887,1.397,0.801,0,4.43022138352355,-1.5175795314426634
23.33,1.261,0.386,-1.016,-0.081,0.943,0,3.1917101567954314,-0.032807974816369365
11.3,-1.699,-0.201,0.077,0.141,0.864,0,2.509599262378372,-0.032426773455377575
98.66,-1.171,0.109,-0.065,1.866,0.884,0,4.601764392853259,0.22751006711409397
8.93,0.267,-1.07,-1.524,-0.226,0.77,0,2.295560478057081,0.310025641025641
89.89,-0.1,-0.669,-1.936,0.233,0.938,0,4.509649984130679,-0.16442721518987344
9.97,0.409,0.67,0.783,-0.099,0.904,0,2.395164274287139,-0.0725711159737418
232.32,-2.573,-1.5,-0.74,0.052,0.963,0,5.452410901885437,-0.08016443987667009
98.65,0.675,0.186,0.492,1.533,0.834,0,4.6016640466588035,0.3378412322274882
327.94,0.458,0.816,1.549,-1.095,0.854,0,5.795875363313123,-1.0341666666666665
179.08,-5.668,3.751,-2.627,3.905,0.065,1,5.193401196598477,195.30206666666666
128.23,0.014,-0.401,1.505,0.423,0.921,0,4.8615937625371,-0.18219441460794844
50.93,0.185,-0.415,-2.088,0.137,0.768,0,3.9498966578562276,-0.07307840616966581
15.84,-0.371,-1.831,2.564,-0.694,0.805,0,2.8237570088141806,1.5591582822085888
219.58,-2.737,-0.148,0.119,-0.545,0.875,0,5.396260440878001,0.0911412429378531
79.41,0.287,0.423,-1.153,-1.156,0.891,0,4.387138546560058,-0.5427169811320753
55.6,-0.549,1.317,-0.723,-0.962,0.753,0,4.036008985209137,-1.6604901703800785
23.74,-0.726,1.562,-0.054,-0.199,0.963,0,3.208421366964342,-0.31946351490236385
65.85,0.025,0.306,1.018,-1.069,0.986,0,4.202451303547952,-0.32842771084337347
153.3,-0.838,0.108,-0.708,-0.232,0.79,0,5.038898759369115,-0.03132
30.46,1.11,-0.367,-0.459,-0.827,0.776,0,3.4487168976301317,0.38614376590330785
34.85,-1.291,-0.704,-0.116,0.641,0.733,0,3.5793435670456293,-0.6073539703903096
58.59,-0.541,-0.602,-0.661,-0.379,0.909,0,4.087487774758888,0.2482676822633297
138.45,1.597,-0.893,-1.117,-0.369,0.815,0,4.937706114073498,0.39941454545454547
416.37,-3.329,3.591,-4.052,4.488,0.091,1,6.033973118557441,159.568396039604
5.01,0.619,0.49,2.802,1.784,0.787,0,1.7934247485471162,1.0968130489335006
162.24,-0.376,1.149,1.188,-0.851,0.708,0,5.095221510537605,-1.3618370473537604
172.09,-1.999,-1.832,1.173,1.36,0.777,0,5.153811690438308,-3.16584498094028
248.92,0.017,0.324,1.782,2.014,0.841,0,5.521140866651321,0.7667873090481786
251.83,-0.432,-0.281,-0.775,0.652,0.978,0,5.532717326117946,-0.18543724696356276
138.11,-0.131,-0.82,1.129,0.553,0.77,0,4.935264987071479,-0.5813589743589743
214.14,0.457,-0.348,2.769,2.283,0.808,0,5.371288979003859,-0.9712518337408312
14.29,-0.899,-1.876,1.707,-0.15,0.802,0,2.727199019940971,0.346551724137931
49.36,0.223,0.358,0.412,1.07,0.781,0,3.9191972091761462,0.48427307206068265
95.32,-1.089,0.975,-0.618,-1.466,0.886,0,4.567675981560511,-1.5952566964285713
34.48,0.919,0.128,-0.943,-0.063,0.716,0,3.5689691574413787,-0.011107438016528927
40.15,0.684,-0.48,0.54,0.334,0.871,0,3.717223927123079,-0.18197502837684448
53.6,0.577,-1.593,-1.437,1.584,0.972,0,4.000033882750859,-2.569564154786151
91.83,0.388,1.087,1.132,-0.878,0.767,0,4.530769863411841,-1.22829601029601
82.17,-1.088,-0.303,-1.701,-0.778,0.733,0,4.420886705880596,0.31727321668909825
152.59,-2.172,-0.02,1.643,0.032,0.705,0,5.0342867144275365,-0.0008951048951048952
72.26,0.977,-0.052,-1.099,0.17,0.813,0,4.294014757350668,-0.010741190765492103
87.48,-0.941,-0.104,-0.35,0.42,0.795,0,4.482776537774025,-0.05426086956521738
21.63,0.052,0.087,2.603,0.783,0.811,0,3.119276459645446,0.08297320341047502
38.0,-1.362,1.614,-1.069,0.587,0.769,0,3.6635616461296463,1.2161976893453144
80.14,-0.419,-0.264,-1.581,1.785,0.921,0,4.396176057778301,-0.5061654135338346
68.81,2.208,0.16,0.374,-0.788,0.842,0,4.24577726598231,-0.147981220657277
150.83,-0.423,-0.768,0.073,0.622,0.969,0,5.022761473894096,-0.48794279877425945
104.29,-0.216,0.505,0.474,1.215,0.868,0,4.656718447868668,0.6988325740318908
214.44,0.415,-1.151,1.278,-0.25,0.913,0,5.372682448503343,0.31175514626218853
315.43,-0.125,-0.478,-0.887,-0.818,0.822,0,5.757102048086418,0.4699567307692307
17.83,0.833,-0.023,0.663,0.481,0.933,0,2.935451342669061,-0.01173170731707317
46.96,0.999,0.821,0.416,-0.34,0.833,0,3.8703673301593136,-0.3311269276393832
6.4,1.378,1.118,-1.443,0.26,0.84,0,2.0014800002101243,0.3419764705882354
48.44,-0.677,0.556,-1.088,-1.528,0.843,0,3.900759813149435,-0.995976553341149
7.61,-1.739,1.138,-0.201,0.025,0.793,0,2.152924318439639,0.03542963885429638
129.43,1.481,0.006,0.792,0.444,0.702,0,4.8708366843821915,0.0037415730337078657
30.75,0.687,0.076,-0.468,1.939,0.738,0,3.457892725338701,0.19701069518716577
62.77,1.469,-0.311,-1.723,-0.824,0.726,0,4.155282860327181,0.3481847826086956
9.05,-1.958,-0.778,1.758,0.459,0.712,0,2.307572634505085,-0.49460110803324103
63.28,-0.138,1.115,-1.828,2.939,0.813,0,4.163248540869312,3.9817557715674368
14.92,-0.16,-0.186,-0.672,0.875,0.975,0,2.767576180416237,-0.1652284263959391
146.24,1.141,0.955,0.089,-0.589,0.973,0,4.99206390851082,-0.5722227873855544
8.39,-0.186,-0.086,-0.98,0.178,0.839,0,2.2396452932201716,-0.01803062426383981
113.19,0.5,-0.657,0.886,-0.658,0.947,0,4.737863727713557,0.451730407523511
26.16,-0.991,0.433,1.051,0.163,0.72,0,3.3017453026904953,0.09668356164383562
12.43,0.869,-1.292,0.448,-0.456,0.918,0,2.5974910105351463,0.6348620689655172
74.98,-2.985,-0.621,-2.291,-1.231,0.728,0,4.330470147759479,1.0358414634146342
226.9,-0.475,0.86,0.808,0.779,0.766,0,5.4289069362516384,0.8633247422680412
85.84,0.802,-0.678,0.448,-0.918,0.795,0,4.464067345010091,0.7731726708074534
8.13,0.346,-0.839,0.662,-1.313,0.82,0,2.211565694606877,1.3272373493975904
105.3,-1.958,-0.072,-0.412,-0.918,0.884,0,4.666265285347902,0.07393288590604027
119.66,0.462,-0.955,-0.53,-0.611,0.854,0,4.792976673012616,0.6753530092592592
34.02,0.345,0.122,0.227,-1.133,0.968,0,3.555919326857706,-0.14133537832310838
21.51,-0.894,-0.316,1.384,1.163,0.893,0,3.113959654918641,-0.4069856035437431
71.4,0.51,0.636,1.48,0.696,0.984,0,4.282206299391671,0.44532796780684103
23.38,1.649,0.029,-0.64,-0.095,0.732,0,3.1937631240531252,-0.0037129380053908356
83.33,-0.712,-0.423,-1.098,-0.588,0.707,0,4.43473767358655,0.34689539748953974
19.0,0.735,0.794,-1.403,0.309,0.955,0,2.995732273553991,0.25424455958549225
59.78,-0.269,-1.24,-0.487,-1.197,0.844,0,4.107260787488647,1.738032786885246
42.92,0.519,0.187,-1.285,-1.353,0.914,0,3.7823697972012753,-0.27382142857142855
69.28,1.295,-0.294,0.212,0.913,0.754,0,4.252487263318897,-0.3513376963350785
58.37,-2.82,0.182,-0.199,-1.706,0.829,0,4.083789048282584,-0.37007389749702024
24.98,-0.546,1.432,1.419,-0.85,0.876,0,3.2573270112424533,-1.3738148984198644
83.01,0.293,-0.931,0.119,-2.125,0.899,0,4.4309358393767555,2.1764301430143016
12.98,0.386,-0.445,0.07,-1.019,0.722,0,2.637627736805664,0.6194740437158469
19.46,1.408,1.448,0.71,-0.268,0.975,0,3.0184717605234805,-0.39397360406091375
257.94,-0.824,0.846,0.185,-1.002,0.804,0,5.556596374630502,-1.0413906633906633
156.14,-0.864,0.947,-0.789,0.126,0.891,0,5.0571371277476755,0.1324328523862375
99.67,0.342,-1.173,-0.497,2.416,0.976,0,4.611847840741332,-2.874206896551724
14.73,0.948,-0.231,-1.259,-1.9,0.894,0,2.7555697170701863,0.4855088495575221
98.1,-0.038,-0.411,1.134,-1.479,0.861,0,4.596129441335942,0.6978978185993111
94.44,-1.253,0.786,-0.683,-1.336,0.77,0,4.55849777778966,-1.3462769230769231
102.6,-1.336,0.485,-0.104,1.012,0.737,0,4.640537329825382,0.6570548862115126
25.36,-2.037,0.502,-0.018,1.188,0.965,0,3.2718477096343066,0.6116676923076924
14.13,0.76,0.332,-0.731,-0.415,0.832,0,2.7166795278002644,-0.16363420427553446
281.49,1.418,1.315,-0.25,0.093,0.829,0,5.643643151729875,0.14576281287246723
11.86,0.95,-0.544,-0.367,-1.169,0.935,0,2.554121718809473,0.6729481481481482
25.65,-0.241,-1.152,0.212,-0.051,0.832,0,3.2827891506118534,0.06977672209026127
172.7,-0.995,0.963,-0.97,-1.301,0.794,0,5.157329673247059,-1.5582873134328354
24.0,-1.89,-1.727,0.781,-0.171,0.799,0,3.2188758248682006,0.3650395550061805
7.62,0.564,-0.819,0.56,0.113,0.901,0,2.154085084675602,-0.10158836443468715
23.36,0.057,-1.047,-0.971,0.48,0.874,0,3.192942442841696,-0.5685067873303166
175.23,0.889,1.233,-0.225,0.165,0.759,0,5.171789960076278,0.2645578673602081
8.3,0.669,-1.147,1.034,1.363,0.861,0,2.2300144001592104,-1.7949035591274398
61.59,0.795,-0.153,-2.077,-0.092,0.818,0,4.13660552093661,0.017
527.04,0.422,0.308,-1.311,-0.661,0.923,0,6.269172038412559,-0.21820793140407288
145.08,0.942,0.119,-0.032,0.512,0.765,0,4.984154416846659,0.07861677419354839
66.88,1.52,0.922,0.423,-1.368,0.791,0,4.217741440366026,-1.5746516853932586
168.67,0.83,0.546,-0.34,1.052,0.752,0,5.133855374054848,0.7537952755905512
13.19,-1.192,0.056,1.659,0.487,0.855,0,2.6525374911719513,0.03152832369942197
203.92,-0.021,-1.221,-0.156,0.674,0.789,0,5.322619659071002,-1.0299799749687109
32.84,0.419,0.827,2.015,-0.274,0.96,0,3.521643534738023,-0.23360618556701032
45.91,0.571,-0.258,-0.028,-0.628,0.833,0,3.8482308723403666,0.19219928825622776
18.42,1.523,-0.719,-1.435,-1.004,0.927,0,2.966303462863179,0.7704119530416221
386.17,0.532,0.429,1.271,1.062,0.961,0,5.9588638730619,0.46920494335736357
102.65,-0.749,0.689,-0.109,0.851,0.747,0,4.641019838881789,0.7745561426684279
141.71,-1.1,-0.5,0.185,-0.816,0.951,0,4.9608145991123,0.4245577523413111
55.59,1.175,0.478,1.363,-1.265,0.802,0,4.035832291154432,-0.7446674876847289
92.48,0.01,-0.813,0.739,-1.566,0.824,0,4.537747509670657,1.526568345323741
36.13,-0.725,-0.571,-0.675,0.687,0.924,0,3.6144252681889886,-0.41999678800856527
61.41,0.231,0.882,0.58,-0.898,0.939,0,4.133725518945951,-0.834600632244468
39.12,-1.776,0.487,-0.178,-0.745,0.918,0,3.691874963093735,-0.3909644396551724
57.17,-1.724,-1.219,-1.938,-0.438,0.878,0,4.06336975792267,0.6012635135135135
10.58,-0.479,0.451,-0.788,2.097,0.924,0,2.449279472144849,1.0125770877944325
153.71,0.627,-1.046,-0.247,-0.203,0.97,0,5.041552396730977,0.2166714285714286
20.27,-0.472,-0.347,0.829,-0.059,0.777,0,3.0572976292121457,0.026013977128335447
71.35,-1.748,-0.944,1.639,2.009,0.804,0,4.281515453077493,-2.3298476658476654
166.58,0.427,1.262,1.854,-1.15,0.727,0,5.121460849185141,-1.9691994572591585
125.52,0.586,0.052,-1.0,0.395,0.838,0,4.840400398437448,0.024221698113207547
10.06,0.013,1.687,0.321,-0.089,0.973,0,2.403334996094189,-0.15273957273652086
264.59,0.724,-0.884,0.101,0.634,0.762,0,5.581953766291067,-0.725979274611399
149.73,0.364,0.68,-0.905,-0.604,0.881,0,5.0154901568224375,-0.4609652076318743
61.04,-0.748,0.325,-0.353,-0.938,0.775,0,4.127779338308338,-0.38834394904458597
87.1,1.444,-1.039,-0.666,0.572,0.967,0,4.478472532942134,-0.6082988741044012
136.51,0.753,0.233,-0.533,-1.593,0.725,0,4.923696641734853,-0.5049918367346939
56.78,2.412,0.133,-1.289,-0.332,0.92,0,4.056642695038089,-0.04747956989247312
98.91,-0.309,-0.119,0.565,-0.936,0.987,0,4.604269780744927,0.11171915747241724
38.59,0.347,0.286,0.534,-0.039,0.856,0,3.678576561118039,-0.012879907621247112
27.79,-0.876,1.726,1.754,-1.145,0.984,0,3.3600281046240843,-1.988199195171026
35.79,-0.855,-2.308,0.735,-0.573,0.727,0,3.605226069116683,1.7944151967435547
108.71,-1.602,0.211,1.289,-0.028,0.829,0,4.697840520829399,-0.007041716328963051
16.05,0.513,-0.202,-1.099,2.02,0.864,0,2.8361502037295256,-0.4668649885583524
56.93,-0.093,0.897,0.215,-0.878,0.881,0,4.059235385108533,-0.8839124579124579
702.31,-3.643,5.51,-4.965,0.818,0.41,1,6.555797761896238,10.731380952380952
337.45,-1.711,-0.022,-0.318,-0.09,0.747,0,5.824376370954616,0.0026155878467635403
48.01,-1.383,-0.846,0.754,-0.817,0.785,0,3.8920243589214563,0.8694113207547169
109.21,1.185,-0.516,-0.308,-0.299,0.897,0,4.702387636703451,0.17010363836824696
214.45,0.139,-0.081,-0.569,1.097,0.977,0,5.372728864061847,-0.09002735562310031
76.35,0.2,-0.422,2.395,1.23,0.988,0,4.348340577019075,-0.5201002004008015
19.07,-0.54,2.053,0.927,-1.093,0.894,0,2.9992261628082466,-2.4822223451327434
170.02,0.166,1.015,0.341,-2.01,0.804,0,5.141780508727809,-2.5063267813267807
32.61,1.996,0.652,0.541,0.108,0.787,0,3.5148236417370144,0.0883513174404015
44.59,0.996,1.663,0.678,-0.491,0.951,0,3.8196883942253503,-0.8496701352757544
33.38,-0.117,-0.157,-0.539,-0.663,0.768,0,3.5374749999547035,0.133793059125964
60.56,0.619,-1.867,1.065,-0.528,0.976,0,4.120012308970678,0.9997728194726168
48.98,-0.288,-0.738,0.286,2.198,0.77,0,3.9116229254068062,-2.0796461538461535
128.92,-0.352,-0.477,-1.032,0.6,0.897,0,4.866918876413368,-0.31554575523704514
325.43,-0.326,0.318,-2.615,0.69,0.988,0,5.788215530631031,0.21985971943887772
288.51,-0.592,-1.005,-1.338,-0.92,0.947,0,5.668189838730813,0.9661442006269593
39.03,-0.444,0.983,0.292,1.819,0.928,0,3.6896291730044823,1.9062654584221745
19.12,1.249,0.63,-0.17,-0.488,0.838,0,3.0017143452315387,-0.36254716981132074
36.51,-0.922,-0.542,0.052,-1.561,0.929,0,3.624607564093796,0.9010244941427049
11.3,-0.993,0.387,-1.265,-0.045,0.874,0,2.509599262378372,-0.01970022624434389
27.52,0.657,1.235,1.245,0.274,0.845,0,3.3506055955460954,0.3957777777777779
31.73,0.458,0.121,1.663,1.298,0.971,0,3.4882920885130893,0.16009989806320082
66.55,-1.466,0.189,-1.264,-0.179,0.765,0,4.212868064406208,-0.04365290322580645
25.12,-0.812,-0.4,-0.572,0.633,0.821,0,3.2627013044082305,-0.3046931407942239
6.38,0.291,0.288,-1.069,-0.264,0.731,0,1.998773638612381,-0.10260728744939272
84.08,-0.994,-1.173,0.202,-0.294,0.78,0,4.4435919903320364,0.43653417721518983
60.74,0.071,0.121,0.263,1.442,0.909,0,4.122932019074013,0.18986071817192599
19.5,0.334,0.455,-0.31,0.764,0.78,0,3.0204248861443626,0.44002531645569626
18.99,-0.185,-0.229,0.374,0.26,0.935,0,2.995232148512309,-0.06300529100529101
75.41,-0.208,1.056,-1.065,-0.128,0.71,0,4.336113577659475,-0.18773333333333336
37.36,-0.067,-1.308,0.045,0.116,0.924,0,3.6470152500152375,-0.16244967880085653
158.56,-1.277,1.196,-0.462,-0.605,0.944,0,5.0724200270372055,-0.7584696016771488
106.24,-0.472,-0.044,0.911,-0.931,0.849,0,4.675069313367758,0.04768800931315483
53.61,0.915,-1.594,-0.02,-0.498,0.796,0,4.000217016164062,0.98487841191067
65.74,-1.267,0.449,-0.133,1.505,0.988,0,4.2008044733232275,0.6770991983967936
7.16,0.589,-0.963,0.719,1.708,0.982,0,2.0992441689760155,-1.6580685483870967
50.62,0.825,-0.167,-2.115,0.556,0.908,0,3.943909194290468,-0.10114596949891069
87.17,-1.1,-1.054,-0.689,-0.168,0.973,0,4.479266769098936,0.18013428280773144
22.18,0.538,-1.121,0.949,0.899,0.809,0,3.1432898379116057,-1.2304993894993894
180.62,-2.235,1.601,-0.593,0.718,0.949,0,5.201916592261682,1.1986631908237748
70.79,-0.051,0.069,0.18,0.418,0.879,0,4.273745190588392,0.032443194600674914
51.61,-0.071,0.575,1.516,-0.008,0.783,0,3.962906215742716,-0.005800756620428752
34.29,-0.45,0.333,0.438,1.13,0.856,0,3.5635996376871786,0.43451501154734407
27.12,0.616,0.578,-2.417,-0.372,0.771,0,3.336481066942464,-0.27530857874519843
124.29,-1.186,0.564,0.299,0.23,0.717,0,4.830631050257462,0.17843191196698763
130.82,-0.646,-1.315,0.949,3.337,0.876,0,4.881437355624573,-4.952770880361174
39.14,-0.171,0.317,-0.06,2.195,0.777,0,3.692373343368192,0.8841359593392629
22.79,0.076,0.567,1.335,0.492,0.724,0,3.1692653243148663,0.38005994550408717
111.33,0.512,-0.714,0.202,-0.218,0.897,0,4.721440967653478,0.17161190738699006
46.44,-0.98,-0.394,-1.585,-0.168,0.989,0,3.85946575468947,0.06625825825825826
79.93,0.434,-0.907,-1.819,-0.375,0.727,0,4.393584583507611,0.46149932157394846
27.02,1.585,0.335,0.256,0.33,0.736,0,3.332918540908861,0.1481903485254692
131.21,-0.936,2.471,-0.146,0.022,0.72,0,4.884391567522005,0.07446849315068493
68.43,0.178,-1.279,0.716,-0.256,0.975,0,4.240319050765182,0.33241015228426396
336.61,1.128,0.517,0.394,-0.794,0.97,0,5.821891383136194,-0.41887551020408165
71.01,0.117,-1.358,0.985,0.756,0.852,0,4.276804998260776,-1.1910069605568445
25.83,0.815,-0.6,-1.325,-1.075,0.95,0,3.2895206644375325,0.6718749999999999
180.56,-0.109,0.931,-1.087,-1.08,0.96,0,5.201586177588265,-1.036577319587629
38.38,1.754,0.088,-0.675,-0.796,0.804,0,3.6732580732109796,-0.08605405405405404
95.27,0.194,1.318,-0.158,-1.081,0.737,0,4.567156743789875,-1.9073065595716199
12.86,0.529,0.104,0.47,0.579,0.911,0,2.6290069937617573,0.06538110749185666
198.31,0.677,1.349,-0.783,-0.266,0.834,0,5.2948614015746465,-0.4251587677725118
224.93,-1.264,0.333,-0.491,2.12,0.97,0,5.42022521678137,0.7203673469387756
19.92,0.993,1.16,0.042,0.311,0.953,0,3.040705639196722,0.3746209761163032
7.13,-0.342,-0.838,-0.912,2.137,0.759,0,2.0955609235597192,-2.328746423927178
80.62,0.961,2.623,-1.536,0.6,0.899,0,4.402074329977659,1.7313531353135314
37.52,-2.139,0.079,0.444,-1.385,0.75,0,3.651177586929925,-0.1439671052631579
146.83,1.723,-1.424,0.908,-0.1,0.71,0,4.996062964912999,0.19777777777777777
116.07,1.294,1.317,-0.252,-0.045,0.9,0,4.762772046491581,-0.06512637362637362
155.35,-0.117,-0.833,0.365,-1.111,0.928,0,5.05209708390385,0.9866343283582089
98.39,-0.826,-0.417,-0.631,1.054,0.706,0,4.599051504979914,-0.6138519553072627
77.02,0.648,-0.481,-0.204,-1.115,0.773,0,4.35696520407851,0.684948914431673
104.44,1.433,0.239,-0.157,-0.013,0.762,0,4.658142070754197,-0.00402461139896373
606.69,1.71,-1.346,-1.272,0.959,0.781,0,6.409664883518011,-1.6318761061946903
26.65,-0.443,1.125,0.81,-0.141,0.937,0,3.3196257279683437,-0.16750263991552267
159.65,-1.003,-0.934,-2.037,1.491,0.848,0,5.0792280855618674,-1.6230699300699303
74.6,-2.692,2.452,-5.817,2.611,0.249,1,4.3254562831854875,24.71881081081081
54.09,2.337,-0.529,-0.502,-0.37,0.955,0,4.008968211484625,0.20282901554404148
90.42,-0.834,0.463,-0.086,0.299,0.986,0,4.515464272903598,0.1389929718875502
14.27,0.451,-0.975,-0.526,0.462,0.966,0,2.725890119230541,-0.4615266393442623
52.17,-0.222,1.01,-1.963,0.323,0.891,0,3.973494327516247,0.3620754716981132
37.56,-0.149,-0.341,-0.826,0.664,0.787,0,3.652215469742345,-0.28409535759096616
205.23,0.665,0.221,0.086,0.783,0.855,0,5.328992050815955,0.20004971098265897
111.18,0.283,0.919,-0.952,-0.183,0.929,0,4.7201047240801906,-0.1791022364217252
16.67,0.217,1.759,1.499,-1.515,0.924,0,2.871868286331605,-2.8531959314775155
245.77,0.357,0.708,0.084,-0.516,0.917,0,5.508456728726992,-0.39409708737864074
246.59,1.379,0.33,-1.043,0.976,0.745,0,5.511774152272703,0.4265960264900663
123.14,-0.763,-0.796,1.184,0.589,0.869,0,4.821409960985506,-0.5333833902161547
188.83,-0.682,-0.794,1.073,0.446,0.856,0,5.24612893480245,-0.40891916859122407
5.89,0.998,0.563,-0.092,-0.046,0.85,0,1.9300710850255671,-0.03011395348837209
8.66,-0.288,-0.05,-0.542,-1.34,0.732,0,2.2679936482244267,0.09029649595687332
15.3,0.954,0.573,-0.265,-0.322,0.886,0,2.791165107812717,-0.205921875
37.24,1.254,-0.088,0.327,-0.989,0.973,0,3.643882088183201,0.08853713123092574
10.03,0.086,-0.688,-0.685,-0.289,0.805,0,2.400618833265411,0.2439656441717791
8.85,1.057,-2.112,-0.533,0.632,0.725,0,2.2874714551839976,-1.8160326530612245
83.54,2.105,2.696,-0.016,-0.991,0.744,0,4.437224795138644,-3.5434164456233423
51.61,0.401,0.576,0.985,0.399,0.737,0,3.962906215742716,0.30766265060240966
79.71,-1.222,-2.021,0.081,0.863,0.727,0,4.390862483336281,-2.366516960651289
240.28,1.152,0.838,-0.367,1.859,0.78,0,5.4859580848195915,1.971951898734177
33.52,0.767,1.406,1.793,0.997,0.925,0,3.541538866215227,1.4992320855614971
122.27,-0.278,-0.801,0.275,-1.696,0.718,0,4.814377071563428,1.8660659340659342
127.18,-0.308,-0.531,0.583,0.22,0.879,0,4.853435526076081,-0.13140607424071993
111.0,-0.639,0.673,-1.727,0.732,0.772,0,4.718498871295094,0.6299693094629156
23.17,1.343,0.39,-0.193,1.016,0.808,0,3.1851121947153915,0.48440097799511006
103.82,-0.714,0.811,0.307,-1.861,0.829,0,4.65224459337402,-1.7988927294398094
108.99,-1.005,0.012,0.902,1.135,0.874,0,4.700389452569025,0.015407239819004525
64.3,2.823,0.448,-0.062,-0.337,0.927,0,4.178992036282385,-0.16112700106723585
59.14,0.336,0.87,0.694,0.606,0.9,0,4.096675177560383,0.5793626373626374
122.62,0.477,1.845,-1.319,0.283,0.94,0,4.817212344231128,0.5496157894736842
36.8,-1.634,0.233,0.482,1.223,0.865,0,3.632309102625542,0.3256674285714286
62.2,-0.586,-1.138,0.606,-0.128,0.823,0,4.146304301152812,0.17486674669867946
80.0,0.036,0.818,-0.667,-1.392,0.809,0,4.394449154672439,-1.3903003663003661
111.61,1.044,-0.924,-0.319,0.757,0.739,0,4.723930521708934,-0.9338691588785047
91.5,0.531,-2.172,-1.2,1.746,0.968,0,4.52720864451838,-3.877619631901841
48.37,0.689,-0.344,0.117,-1.173,0.714,0,3.8993429522707714,0.5573370165745857
87.25,2.092,-0.701,0.513,-0.274,0.778,0,4.480173695813406,0.24374873096446698
91.27,-0.132,0.592,0.235,0.496,0.799,0,4.524719061590464,0.3629567367119901
16.16,-0.019,0.78,1.397,-1.858,0.731,0,2.8425810940598164,-1.9557894736842107
36.44,-0.773,0.267,0.033,-1.122,0.881,0,3.622739651609391,-0.3362222222222223
22.6,-1.092,-0.695,0.923,0.172,0.84,0,3.1612467120315646,-0.14063529411764703
131.15,2.233,-0.184,1.198,-0.84,0.905,0,4.883937641050299,0.16891803278688525
51.46,-0.695,-0.217,-0.661,1.124,0.893,0,3.9600509744387278,-0.27010852713178296
41.14,0.245,0.186,-0.058,1.251,0.724,0,3.740997408376043,0.31701089918256126
44.5,0.52,-0.085,1.961,0.912,0.927,0,3.817712325956905,-0.08273212379935967
76.38,-1.451,0.561,0.102,-0.203,0.946,0,4.348728349272367,-0.11912447698744771
50.14,-1.862,0.473,-1.43,-0.245,0.92,0,3.9345669698630408,-0.12460752688172042
62.55,-0.534,0.054,-1.229,0.506,0.811,0,4.151826997635463,0.03328136419001218
50.24,-1.509,-0.284,-0.234,1.135,0.878,0,3.9365204770285334,-0.3629954954954954
85.9,1.151,2.075,0.455,0.47,0.821,0,4.464758032271346,1.1735860409145609
90.87,0.94,-0.047,1.333,1.182,0.746,0,4.520374534283375,-0.07348412698412699
56.33,1.35,-0.473,0.121,-1.119,0.964,0,4.048824046920291,0.5434158110882956
194.54,-0.361,1.016,0.385,-0.751,0.863,0,5.275764962077525,-0.874016036655212
38.71,-0.415,0.175,-0.137,-0.425,0.756,0,3.6816030451431603,-0.0970953002610966
112.76,0.15,0.415,1.348,0.052,0.89,0,4.73409096605493,0.023977777777777775
26.97,-0.888,-0.67,-0.5,-0.185,0.953,0,3.3311325072138684,0.12871235721703012
230.19,1.293,0.652,-1.1,1.513,0.883,0,5.443239883267646,1.104676371780515
158.84,-2.317,-0.844,0.009,1.655,0.801,0,5.074173314900244,-1.7223427866831071
109.16,-1.68,-0.182,0.14,-1.241,0.881,0,4.7019338544204,0.25349270482603814
55.6,-0.374,-0.301,2.826,-0.339,0.788,0,4.036008985209137,0.12786842105263158
26.17,0.292,-0.475,-0.13,-0.043,0.847,0,3.3021134234382563,0.023833138856476078
70.28,-0.951,-0.174,0.803,1.083,0.814,0,4.266615783162554,-0.22869174757281552
45.74,0.47,-0.638,-0.778,0.187,0.81,0,3.844600329110712,-0.1454951219512195
203.8,-1.943,-0.529,-1.16,0.562,0.852,0,5.322033893165353,-0.344893271461717
99.11,0.441,0.813,1.348,-0.582,0.961,0,4.606269581431392,-0.4872976313079299
60.22,-0.942,-1.509,-0.465,1.256,0.714,0,4.114473933517266,-2.6178232044198895
90.89,1.016,0.553,-0.777,-0.19,0.86,0,4.5205922095127935,-0.12077011494252875
15.96,0.636,-2.458,-1.02,1.679,0.715,0,2.830857630363757,-5.692388965517242
29.76,-0.336,1.659,-1.275,-0.532,0.73,0,3.4262151446374434,-1.1926864864864866
130.57,1.265,-0.118,0.712,-1.092,0.734,0,4.879539029377747,0.17319354838709677
12.99,0.264,-0.314,-1.001,0.467,0.812,0,2.63834278867739,-0.1783917274939173
127.62,0.423,-0.215,0.107,0.84,0.883,0,4.856862320706717,-0.2022396416573348
95.02,-0.75,-1.344,-2.011,0.633,0.936,0,4.564556503102795,-0.8993150105708245
40.81,-1.035,0.446,-1.77,0.505,0.748,0,3.733135545368474,0.29713720316622694
87.08,0.192,2.069,0.688,2.955,0.973,0,4.478245492414424,6.219628687690743
86.6,-0.476,0.246,-0.976,0.906,0.734,0,4.472780997942346,0.29956451612903223
166.07,-0.806,1.666,-1.346,-0.305,0.703,0,5.118412886269687,-0.7126647966339411
41.53,-0.249,-1.118,0.235,-0.533,0.807,0,3.750209709265542,0.7293684210526316
114.48,0.421,-0.086,-0.213,0.091,0.796,0,4.749097354794734,-0.009709677419354837
75.48,0.048,-0.826,-0.75,0.244,0.893,0,4.337029268743146,-0.22319379844961237
86.6,-0.582,-2.849,0.07,-1.818,0.744,0,4.472780997942346,6.8693395225464196
99.61,0.342,-0.853,-1.164,-1.14,0.989,0,4.611251656303959,0.9733933933933933
26.78,0.397,-1.322,0.546,1.777,0.819,0,3.3243163373261977,-2.8337683956574184
81.85,-1.347,0.481,-1.068,0.619,0.842,0,4.417031743872572,0.3494589201877934
30.58,0.944,-1.552,-0.117,-0.13,0.757,0,3.452524008827496,0.26305084745762713
131.39,-1.428,-2.524,1.325,0.835,0.701,0,4.885752111949565,-2.964191279887482
170.15,-0.024,-0.051,0.425,0.966,0.829,0,5.1425403649761945,-0.05871990464839094
54.07,-1.926,-0.346,0.182,1.013,0.84,0,4.00860510327439,-0.412350588235294
58.18,0.131,0.255,-0.2,-1.125,0.784,0,4.080583646972063,-0.36130352644836267
373.28,-0.7,-0.137,-1.717,-0.853,0.874,0,5.925004180407712,0.13219570135746608
26.78,-0.914,-1.307,-0.517,0.753,0.709,0,3.3243163373261977,-1.3688052851182198
133.98,-0.023,1.102,0.949,-0.75,0.703,0,4.9051266193152605,-1.159186535764376
224.08,0.135,1.098,-0.483,0.24,0.817,0,5.416455894565078,0.3186457073760581
14.83,-0.258,0.627,-0.383,0.215,0.737,0,2.761906873892921,0.18046184738955826
101.72,-0.402,0.463,1.838,-1.257,0.931,0,4.632006839941651,-0.618481402763018
89.1,0.096,-0.903,-0.052,-0.967,0.925,0,4.500920164614292,0.9339048128342246
17.92,-0.061,0.196,-1.169,-0.611,0.784,0,2.9402195636237325,-0.15082619647355164
78.25,-1.326,-0.306,-0.517,0.769,0.844,0,4.37260741275739,-0.27554332552693206
45.78,1.371,0.327,-1.534,2.428,0.99,0,3.845455761156033,0.793956
145.68,-0.547,-2.434,0.812,-0.808,0.945,0,4.988253343203126,2.059342408376964
289.92,1.871,0.722,2.131,-1.053,0.801,0,5.67304831528634,-0.9374426633785448
118.75,0.344,0.172,1.387,0.81,0.939,0,4.785406236291025,0.14680716543730243
43.16,-0.092,0.694,0.296,-0.213,0.905,0,3.78781940196884,-0.1615540983606557
5.7,-1.324,0.203,-0.675,-1.23,0.778,0,1.9021075263969205,-0.3168654822335025
143.24,-1.805,0.002,-0.152,-0.062,0.714,0,4.971478578895062,-0.0001712707182320442
112.57,-0.063,-1.006,-0.399,1.039,0.8,0,4.732419386903555,-1.2904123456790122
180.44,0.585,0.093,-0.33,1.247,0.883,0,5.200925020539387,0.1298667413213886
16.04,-1.663,0.361,-0.66,-0.382,0.804,0,2.8355635214011694,-0.16941277641277638
60.81,-1.614,0.83,0.105,1.458,0.885,0,4.124065163671182,1.3521117318435754
32.7,0.461,1.165,-0.108,0.115,0.81,0,3.517497837358316,0.16338414634146342
15.19,-0.491,-1.325,0.136,0.942,0.796,0,2.7843937676895436,-1.5485732009925555
121.79,-0.036,-0.135,1.475,1.786,0.876,0,4.810475579172421,-0.2721331828442438
25.2,0.531,-0.201,-1.263,0.705,0.807,0,3.265759410767051,-0.17344553243574048
138.61,1.196,0.004,1.422,1.42,0.71,0,4.938852821000557,0.00788888888888889
122.72,-0.024,0.417,-0.702,-1.624,0.722,0,4.818020947816869,-0.9251475409836066
14.99,0.251,-1.466,2.093,1.138,0.869,0,2.771963526845863,-1.897961319681456
63.11,-0.63,-0.392,-0.405,-0.064,0.956,0,4.160600357999166,0.025971014492753627
28.29,-0.999,0.128,-0.543,0.063,0.923,0,3.377246160839642,0.008643086816720257
269.39,-1.083,-0.865,2.125,-0.921,0.755,0,5.599865361236428,1.041392156862745
143.22,-1.017,0.064,-0.869,0.518,0.937,0,4.971339911488614,0.03500739176346357
59.02,-1.306,0.276,0.37,-0.997,0.774,0,4.0946778400122215,-0.35098469387755105
46.45,-1.56,-0.119,0.807,-0.132,0.956,0,3.859676525055937,0.01626086956521739
20.43,-0.09,-1.298,-2.102,0.342,0.791,0,3.064791809485486,-0.5542022471910113
52.98,-0.544,0.249,0.403,0.199,0.921,0,3.9886136075898584,0.0532234156820623
23.09,-0.02,-0.876,-1.117,0.196,0.907,0,3.18179681662678,-0.18723664122137407
147.51,0.163,0.633,2.371,0.288,0.974,0,5.000652296042854,0.18526829268292683
89.08,0.75,-1.336,0.177,1.004,0.846,0,4.50069816439138,-1.5669906542056076
117.36,-0.454,0.165,-0.644,1.569,0.973,0,4.773730827532009,0.26336215666327567
305.36,0.481,-0.053,1.114,-1.153,0.722,0,5.724760881041393,0.08348224043715846
18.31,-2.072,0.422,1.074,-0.142,0.761,0,2.960623096440423,-0.07772243839169908
34.7,-1.234,0.665,0.818,0.918,0.741,0,3.5751506887855933,0.8128761651131825
64.3,-0.715,0.599,-1.037,-0.102,0.789,0,4.178992036282385,-0.07646808510638296
25.9,-1.152,0.016,-1.463,-0.76,0.916,0,3.292126286607793,-0.013131749460043196
107.24,0.671,1.415,-1.32,-0.091,0.979,0,4.684350983862532,-0.13019716885743174
5.67,0.075,1.952,-0.237,0.801,0.85,0,1.8976198599275322,1.8180837209302327
120.27,-0.469,-0.383,-1.711,-0.459,0.951,0,4.7980194646687,0.18293132154006245
163.14,-1.421,0.782,-1.562,0.392,0.895,0,5.100719722201566,0.3387226519337017
128.72,-0.483,0.764,0.01,-0.457,0.948,0,4.865378281439117,-0.364455114822547
24.8,-1.557,-0.504,0.375,-0.513,0.801,0,3.250374491927572,0.31880641183723796
32.65,0.172,0.483,1.085,0.781,0.799,0,3.5160130560907366,0.46628306551297893
75.49,0.753,-0.517,-1.442,0.558,0.961,0,4.337160013333775,-0.2971019567456231
78.91,-0.534,-0.006,-1.801,1.961,0.804,0,4.380901001386372,-0.014454545454545454
31.52,-1.031,0.207,-0.848,1.078,0.766,0,3.4818552846796096,0.2875592783505155
74.37,0.78,0.912,-0.729,-1.144,0.952,0,4.322409317855379,-1.0845405405405406
114.19,-1.003,0.924,-0.574,1.183,0.816,0,4.746582938938415,1.32335593220339
33.82,-0.208,-0.991,-0.032,-0.347,0.91,0,3.550191934340043,0.3737793478260869
280.2,-0.21,-0.404,-1.291,-0.023,0.734,0,5.63906615993651,0.012489247311827958
56.18,1.249,0.315,0.72,-0.809,0.856,0,4.046204186894165,-0.29426674364896077
55.94,0.169,0.364,0.321,0.399,0.787,0,4.041998081849892,0.18222835633626097
34.37,-1.026,0.551,-1.213,-1.529,0.795,0,3.5658640032173894,-1.046557763975155
13.24,-0.05,-0.486,0.484,1.167,0.948,0,2.65605490598383,-0.5920271398747391
66.52,0.55,-0.955,-0.847,-0.897,0.729,0,4.212423850287702,1.1591813261163735
26.72,0.595,-0.157,0.248,-1.168,0.766,0,3.3221541743217022,0.23630927835051543
6.77,0.242,-0.478,-0.551,-0.646,0.809,0,2.050270164379556,0.37703052503052503
96.01,0.677,-0.047,-1.36,-0.298,0.855,0,4.574814065973192,0.016191907514450866
55.95,-0.368,1.115,1.346,-0.568,0.987,0,4.0421736898931915,-0.6352256770310931
78.22,1.9,-0.191,-0.054,-1.399,0.791,0,4.372228792193771,0.33359425717852687
20.25,1.301,1.893,0.501,0.351,0.764,0,3.056356895370426,0.858453488372093
133.59,1.39,-1.431,-0.455,0.653,0.874,0,4.902233120245624,-1.05706221719457
60.64,0.668,0.984,-0.759,0.965,0.904,0,4.121311010451915,1.03890590809628
84.13,-2.192,-0.781,0.336,0.366,0.764,0,4.444179499895966,-0.36931007751937983
62.53,0.197,0.309,-0.003,-0.037,0.703,0,4.1515122352784415,-0.016035063113604486
33.0,0.942,-0.154,-1.25,1.403,0.842,0,3.5263605246161616,-0.25359389671361504
149.53,0.875,-1.524,-0.144,-1.714,0.707,0,5.014162399872412,3.6431464435146443
167.55,1.125,-1.496,-0.411,0.216,0.713,0,5.12723244168007,-0.4469377593360996
141.37,0.824,0.527,1.143,0.804,0.81,0,4.958429302625654,0.5167170731707317
80.82,-0.485,0.451,1.574,-0.505,0.854,0,4.404521712501253,-0.2636053240740741
102.29,-0.712,-1.155,0.736,-0.64,0.917,0,4.637540566018542,0.797411003236246
12.18,0.2,1.912,0.394,-0.605,0.725,0,2.578700529074361,-1.5738231292517006
21.57,-0.746,1.667,-0.515,0.585,0.97,0,3.1166215908294443,0.9950969387755102
106.49,1.398,0.283,0.817,0.306,0.94,0,4.677397819984972,0.0911557894736842
23.74,-0.651,-1.164,0.582,0.464,0.703,0,3.208421366964342,-0.7574978962131838
5.61,0.361,-0.023,-0.072,-1.083,0.988,0,1.888583653863595,0.02495891783567134
18.72,-1.862,0.888,0.874,-0.251,0.87,0,2.9816333491744893,-0.25328181818181816
125.87,0.338,2.018,-1.255,-0.047,0.713,0,4.843162940152507,-0.13118395573997232
27.38,-0.852,-0.368,-0.067,-0.044,0.852,0,3.3456846717318967,0.018784222737819024
16.48,-0.825,1.197,0.765,0.344,0.725,0,2.8610573702273894,0.5602285714285714
388.34,-0.476,0.155,0.707,-0.34,0.873,0,5.964452997861132,-0.05968289920724802
33.78,0.53,0.321,-0.759,0.96,0.869,0,3.549042508926137,0.350580204778157
881.14,-4.094,3.525,-5.274,3.283,0.091,1,6.782350773569223,114.5799504950495
159.52,-0.354,0.323,0.896,1.451,0.78,0,5.078418545398716,0.5932569620253165
26.93,0.844,-0.913,-1.158,-0.943,0.707,0,3.3297013799570854,1.2007796373779638
208.03,-0.176,1.636,-0.128,0.274,0.896,0,5.342477782333691,0.4947726269315673
35.95,0.872,-0.469,-0.687,0.958,0.724,0,3.609565647394211,-0.6121280653950953
249.13,-4.05,4.63,-3.922,4.352,0.122,1,5.521980782709098,152.64969696969698
173.47,0.146,-0.391,-0.27,1.422,0.759,0,5.16175280709181,-0.7230195058517555
224.87,0.042,-0.368,-0.674,-2.201,0.856,0,5.419959612530141,0.9352979214780601
70.04,0.628,-1.035,2.735,-1.404,0.78,0,4.2632430986839145,1.839417721518987
73.19,-2.172,0.232,0.359,0.119,0.842,0,4.306629370201435,0.032403755868544604
136.07,0.812,-0.783,1.295,1.38,0.959,0,4.920491744243289,-1.115108359133127
27.59,-0.699,-0.22,0.737,0.485,0.818,0,3.3530570063342204,-0.12886473429951692
42.51,-0.588,0.22,-0.918,-1.414,0.85,0,3.772990796732589,-0.3617209302325581
60.02,0.202,-1.443,1.033,1.494,0.968,0,4.1112016792885235,-2.2043374233128836
93.11,1.309,0.606,0.633,-1.534,0.851,0,4.544464310870697,-1.0796794425087108
54.05,-0.224,-0.455,0.973,-0.955,0.967,0,4.008241863168689,0.4447543500511771
27.3,0.69,0.341,0.342,-0.405,0.936,0,3.342861804649192,-0.14598837209302326
18.96,-0.501,-0.829,1.286,-0.675,0.933,0,2.993730270883318,0.5933987274655356
46.45,-0.69,0.321,0.409,-0.09,0.749,0,3.859676525055937,-0.03806324110671937
46.42,0.628,1.103,0.996,0.371,0.708,0,3.8590440806372595,0.5699345403899722
130.35,-1.976,0.769,-0.108,-0.592,0.887,0,4.877865516131549,-0.5075228539576365
218.65,1.009,0.341,-0.267,-0.349,0.981,0,5.392035370421788,-0.12008980827447023
190.63,0.611,-1.338,-0.502,-2.194,0.95,0,5.255566429480404,3.0578875
118.11,-0.769,-1.094,0.953,-0.714,0.842,0,4.78004743589281,0.9168028169014085
260.88,-0.529,0.58,0.032,1.494,0.774,0,5.5678863835728905,1.1052551020408163
43.38,-0.016,0.476,-0.188,1.798,0.808,0,3.792788917504448,1.0462689486552565
140.29,0.064,-1.805,1.052,-0.68,0.733,0,4.950814515777717,1.6519515477792732
140.87,-1.489,0.834,-1.059,-0.519,0.773,0,4.954911145323894,-0.5528045977011494
112.38,1.491,-0.987,-1.17,0.047,0.845,0,4.730745008896157,-0.0542561403508772
125.06,0.981,-1.341,-0.366,-0.303,0.804,0,4.836757984084964,0.49916830466830464
46.9,-0.242,1.58,0.219,-0.683,0.836,0,3.8691155044168695,-1.2755791962174943
39.25,-0.44,0.385,-0.254,0.632,0.834,0,3.6951100038645723,0.28829383886255927
230.11,-0.056,0.034,-1.745,0.72,0.847,0,5.442893787655279,0.02856476079346558
120.48,-0.783,-0.007,-0.435,0.027,0.801,0,4.799749640177548,-0.00023304562268803945
60.26,0.095,2.224,-1.336,1.097,0.98,0,4.115127101404629,2.4643717171717174
187.07,0.401,-0.919,-1.343,0.263,0.768,0,5.236814233953987,-0.31066452442159387
75.52,0.926,-0.494,0.493,0.703,0.776,0,4.337552144572052,-0.44183460559796434
111.69,2.011,-0.921,0.894,-0.499,0.712,0,4.724640685964258,0.6365360110803324
104.95,0.467,1.048,-0.612,-0.877,0.849,0,4.662967284714308,-1.0699604190919674
38.97,-0.169,0.109,-0.102,0.759,0.92,0,3.688129172723232,0.08895806451612903
16.4,-0.032,-0.961,-0.686,0.92,0.916,0,2.856470206220483,-0.9547732181425486
131.44,-0.169,-2.243,-1.664,-0.263,0.88,0,4.886129712679046,0.6628191011235955
40.1,-0.809,-0.275,1.735,1.031,0.92,0,3.716008121502189,-0.30486559139784947
204.2,-0.756,0.761,0.213,-0.135,0.929,0,5.323985113296614,-0.10940894568690096
134.57,-0.971,0.917,-0.086,0.083,0.802,0,4.909488112091298,0.09373275862068967
241.42,-5.682,8.508,-2.078,1.518,0.216,1,5.490671759042366,57.14665486725663
29.45,1.107,0.625,2.167,-0.305,0.855,0,3.416085994155906,-0.22037572254335258
10.17,-0.174,-0.027,0.107,2.12,0.737,0,2.413231613081109,-0.07662650602409639
71.41,-0.291,0.726,0.6,0.546,0.819,0,4.28234441140073,0.47816164053076
48.78,-0.131,0.446,-0.831,1.494,0.758,0,3.907613296939446,0.867609375
147.87,2.78,-0.466,-0.369,-0.416,0.736,0,5.003073441888966,0.25986058981233245
66.43,0.737,0.875,0.667,-0.453,0.731,0,4.2110900227464905,-0.534919028340081
15.29,-0.449,0.613,0.216,-0.802,0.753,0,2.790551422613954,-0.6443328964613368
7.43,-2.024,-0.395,0.522,0.495,0.878,0,2.131796772013764,-0.22018581081081082
34.48,1.851,-0.351,-0.203,-0.523,0.938,0,3.5689691574413787,0.19364240506329114
49.28,-0.784,0.242,-0.275,0.191,0.95,0,3.917607383722047,0.048147916666666665
14.58,-0.286,0.821,1.041,0.374,0.703,0,2.7459880404426023,0.43065077138849933
31.25,-0.215,0.787,-0.749,0.43,0.897,0,3.4735180432417816,0.373109151047409
11.46,-0.96,1.184,-1.257,-0.129,0.882,0,2.522523513359307,-0.1712286995515695
40.01,1.554,-1.191,0.324,-0.296,0.914,0,3.713815939403968,0.38153246753246756
78.28,0.385,-0.766,-0.69,-0.354,0.748,0,4.372985890021733,0.35773614775725593
285.54,-0.728,0.76,0.845,1.26,0.938,0,5.6578781424652265,1.010126582278481
45.87,1.683,-1.326,-0.487,-0.108,0.912,0,3.847377811934615,0.1553232104121475
92.06,-1.731,-0.67,1.146,-0.852,0.911,0,4.533244446416503,0.6198045602605863
150.25,0.777,0.79,-0.427,-0.266,0.921,0,5.018934096910951,-0.22571428571428573
13.83,-2.131,0.482,1.722,0.197,0.919,0,2.696652156149841,0.10221097954790095
11.5,0.531,1.143,-0.068,-0.167,0.848,0,2.5257286443082556,-0.222472027972028
22.75,-1.202,-0.547,0.878,1.021,0.934,0,3.1675825304806504,-0.5916175847457626
481.65,-5.975,7.131,-5.819,4.321,0.324,1,6.179291753294624,92.25464371257483
14.32,0.018,1.138,2.465,0.882,0.925,0,2.729159164312445,1.073493048128342
60.33,-1.697,-0.581,-0.231,-0.277,0.7,0,4.116269119637892,0.2266718309859155
178.04,-0.739,0.696,-0.002,-0.137,0.82,0,5.187609244563615,-0.11488192771084339
132.17,1.028,-0.274,-0.252,-0.761,0.971,0,4.8916265075140535,0.21255249745158006
6.0,-1.455,-0.661,-1.776,0.256,0.952,0,1.9459101490553132,-0.1759002079002079
240.18,-0.315,1.084,-0.725,-0.258,0.893,0,5.485543542675447,-0.3097142857142857
115.84,0.136,-1.035,0.587,-0.288,0.734,0,4.76080547751954,0.4006451612903225
235.43,-0.52,1.331,1.466,-0.887,0.841,0,5.465652181033668,-1.3873055229142184
119.06,0.783,1.831,-0.163,0.262,0.907,0,4.787991617823697,0.5231428571428571
82.42,0.02,0.809,-0.774,-1.482,0.763,0,4.423888088768799,-1.551019404915912
26.12,0.975,-0.073,-0.611,-0.887,0.947,0,3.3002714630721948,0.06766039707419018
40.22,-0.89,-0.127,-0.382,0.354,0.981,0,3.718923575462313,-0.04536629667003027
230.01,1.841,-0.652,0.317,-0.015,0.86,0,5.442460999628096,0.011241379310344829
7.54,1.82,-0.069,-0.069,-0.379,0.745,0,2.1447610078004784,0.034637086092715236
92.57,0.121,0.446,-0.848,1.598,0.863,0,4.5387098192878215,0.816389461626575
71.72,0.571,0.416,-0.078,0.068,0.847,0,4.286616449869223,0.033008168028004665
203.52,-0.151,0.559,-0.626,1.58,0.736,0,5.320665770211798,1.1839410187667563
188.55,0.008,0.765,-0.802,-0.043,0.755,0,5.244652841962344,-0.043000000000000003
124.26,-5.206,6.101,-4.219,1.914,0.11,1,4.8303915770972665,97.31094999999999
19.68,0.399,-0.145,1.087,0.964,0.836,0,3.0291670496402285,-0.16522458628841608
69.2,1.367,0.795,-0.175,-0.257,0.979,0,4.251348311031766,-0.20658746208291207
39.7,-0.541,-1.604,-0.52,-0.266,0.76,0,3.7062280924485496,0.554109090909091
91.88,0.643,-1.205,0.397,0.552,0.893,0,4.531308337389636,-0.7366112956810632
7.67,0.697,-0.582,0.309,-0.351,0.869,0,2.1598687907924505,0.23240273037542658
119.62,-1.044,1.818,1.002,-1.206,0.934,0,4.792645108022841,-2.322572033898305
8.89,-1.526,-1.228,-0.982,0.151,0.971,0,2.2915241456346207,-0.18901936799184504
72.59,-0.311,-0.261,0.113,1.126,0.706,0,4.298509146938508,-0.41045530726256985
236.33,-1.893,-0.256,1.319,0.068,0.732,0,5.469451577701415,-0.02346091644204852
42.79,0.903,-0.481,-0.489,1.364,0.893,0,3.779405480813307,-0.7265603543743079
47.64,0.169,0.025,0.285,0.021,0.917,0,3.8844462376579116,0.0005663430420711975
15.94,-0.49,0.428,2.313,0.66,0.959,0,2.8296776892239084,0.2915170278637771
25.08,-0.32,-0.184,-0.112,0.475,0.881,0,3.261168737058452,-0.09809203142536475
73.42,0.648,-1.097,-1.281,-0.067,0.822,0,4.309724722918476,0.08834014423076925
183.17,-0.192,0.9,-0.027,1.034,0.747,0,5.215859244107515,1.229326287978864
195.81,-1.505,0.477,-1.776,0.267,0.792,0,5.282238796335346,0.1588017456359102
83.28,-2.295,0.851,0.449,-1.099,0.724,0,4.434144588935989,-1.2741811989100817
104.09,-0.179,-0.268,-1.331,0.901,0.855,0,4.654817125877505,-0.27915375722543356
16.3,0.652,-0.83,-0.275,-0.509,0.727,0,2.8507065015037334,0.5732293080054275
175.92,1.724,0.915,0.76,2.21,0.751,0,5.1756976530001255,2.657227332457293
161.28,-1.44,-0.7,0.159,0.931,0.909,0,5.089323238338246,-0.7091403699673557
49.62,-1.54,-0.375,0.404,0.131,0.881,0,3.9243467551169777,-0.055134680134680134
267.14,0.648,-0.244,-0.301,-0.825,0.843,0,5.591509232173415,0.23599062133645954
94.99,0.436,-0.211,1.592,-0.011,0.736,0,4.564244019375446,0.0031112600536193024
92.18,1.76,0.217,1.797,-0.601,0.746,0,4.5345331063886505,-0.17250925925925925
25.53,-0.284,0.671,-2.048,-0.048,0.989,0,3.2782761681496484,-0.03224024024024024
396.74,-0.781,-0.888,0.468,0.3,0.892,0,5.985798525481355,-0.2953436807095343
175.03,0.18,-0.559,-0.927,0.599,0.926,0,5.170654435057881,-0.3577361111111111
250.41,-0.256,0.399,-0.005,-2.044,0.746,0,5.527085072612468,-1.0787777777777778
266.64,0.484,-0.626,0.864,-1.859,0.714,0,5.589642793914616,1.6073674033149172
24.5,1.899,-0.596,0.471,-0.713,0.936,0,3.2386784521643803,0.4492050739957716
27.94,-0.202,-0.133,0.849,0.189,0.743,0,3.365224721203338,-0.03338247011952192
123.33,0.667,0.112,0.43,0.364,0.885,0,4.822939320964847,0.045550837988826816
146.76,-1.16,-0.594,0.226,0.398,0.726,0,4.995589335890984,-0.3212119565217392
176.42,-1.325,-0.992,1.094,1.966,0.856,0,5.178519803092441,-2.2520461893764434
30.01,0.048,1.011,0.496,0.829,0.845,0,3.4343097331123578,0.980256140350877
43.44,-0.906,-0.881,-1.226,0.228,0.751,0,3.7941399647714293,-0.2639526938239159
5.89,0.333,0.631,-0.403,1.384,0.786,0,1.9300710850255671,1.0971155778894472
44.09,0.219,-0.685,0.532,-0.658,0.755,0,3.8086604924329928,0.5891895424836602
27.01,-0.732,-0.002,0.239,-0.734,0.883,0,3.332561589272017,0.0016438969764837625
23.24,0.388,0.715,-1.043,-0.827,0.919,0,3.1880041612011136,-0.6364962325080731
117.44,-0.409,-0.953,-0.702,-0.965,0.783,0,4.774406503233391,1.159703656998739
322.11,0.798,0.713,0.081,-0.678,0.783,0,5.777992822521732,-0.6096015132408575
23.22,-0.889,0.227,0.762,0.794,0.784,0,3.1871787381249463,0.227
22.75,-0.553,1.019,-1.334,-0.003,0.895,0,3.1675825304806504,-0.0033779005524861875
505.06,-0.875,-0.192,0.694,-0.323,0.922,0,6.2266552393328585,0.06654077253218883
27.46,0.13,0.482,0.265,-1.215,0.831,0,3.3484995926617063,-0.6963495838287753
150.62,0.842,-0.35,0.566,1.011,0.775,0,5.021377390628158,-0.450764331210191
304.0,0.882,0.105,-0.34,-1.408,0.728,0,5.720311776607412,-0.2003252032520325
17.52,-1.238,1.116,-0.824,0.804,0.989,0,2.918851229218033,0.8981621621621624
38.42,0.914,0.455,0.391,-1.166,0.809,0,3.674273301724574,-0.6477777777777777
28.81,1.653,1.375,0.037,1.294,0.804,0,3.39484390768998,2.1858108108108105
117.25,-1.119,7.984,-3.874,1.675,0.226,1,4.772801027372043,56.666101694915255
144.19,0.723,0.099,1.007,0.047,0.851,0,4.978043229495596,0.005404181184668989
74.4,-1.258,-1.678,-1.666,0.595,0.825,0,4.32280727501391,-1.1957005988023952
68.26,1.221,0.35,1.617,-0.968,0.942,0,4.237867538974276,-0.3558823529411765
162.8,-0.774,-1.269,0.931,0.229,0.929,0,5.098646171418969,-0.309479233226837
79.54,-0.04,0.315,0.352,0.379,0.963,0,4.388753955423308,0.12269784172661871
378.69,-1.409,-0.02,1.158,-0.128,0.942,0,5.939355130309431,0.0026890756302521013
39.8,0.014,-0.63,-0.861,-0.054,0.931,0,3.708682081410116,0.03615302869287992
33.35,-0.761,0.278,0.42,0.633,0.813,0,3.536602018668358,0.21382017010935606
89.39,0.608,0.623,-1.086,0.261,0.926,0,4.50413364181032,0.17372115384615383
50.73,-0.569,-0.215,-0.38,-0.838,0.813,0,3.9460378840154235,0.21891859052247875
34.93,0.144,0.282,0.812,1.05,0.951,0,3.581572601125427,0.3081165452653486
102.96,0.524,-1.101,0.381,0.012,0.848,0,4.6440062097732895,-0.015398601398601398
8.33,0.357,-0.202,0.992,0.341,0.793,0,2.2332350148592526,-0.08578082191780823
7.36,0.874,1.256,-0.396,-0.445,0.795,0,2.1234584270966104,-0.6943105590062111
125.22,-0.098,-0.487,-0.991,0.498,0.735,0,4.838026416156094,-0.32553825503355704
47.04,0.925,-1.324,-0.148,0.89,0.893,0,3.872033997211783,-1.3049390919158361
166.84,-0.88,0.161,0.356,-0.442,0.766,0,5.123011144647987,-0.09170360824742269
76.55,-1.753,-0.642,0.693,0.86,0.887,0,4.350922889622548,-0.6155183946488295
44.63,0.09,-1.549,0.304,1.272,0.981,0,3.8205653949393112,-1.9882219979818363
6.32,-0.485,0.977,1.442,0.041,0.921,0,1.9906103279732201,0.04302577873254565
39.55,1.167,-1.258,-0.102,0.721,0.802,0,3.702535780561422,-1.1170172413793102
196.32,-0.959,1.571,0.089,-0.179,0.802,0,5.284826776365538,-0.3463165024630541
11.22,-1.575,0.999,-0.271,-2.101,0.908,0,2.503073953743449,-2.2863823529411764
32.49,-0.142,-0.789,0.132,-0.299,0.978,0,3.5112468868061133,0.2387763157894737
96.39,-0.816,-0.576,-0.734,-0.705,0.791,0,4.578723535973108,0.5069662921348314
13.71,-0.608,0.16,-0.314,-0.707,0.825,0,2.688527534613346,-0.13547305389221556
42.13,-0.365,0.958,-0.07,-1.513,0.711,0,3.764218810659752,-2.0103384188626907
82.94,0.571,-1.462,1.211,0.447,0.767,0,4.430102257905445,-0.8410733590733591
57.92,-1.461,0.685,0.803,1.042,0.871,0,4.076180591594429,0.8101816118047674
106.72,0.407,2.388,-0.545,-0.101,0.951,0,4.679535267943399,-0.2509760665972945
175.55,-1.541,0.624,-0.203,-0.62,0.755,0,5.173604122374395,-0.5057254901960784
31.18,-0.169,-1.442,-1.352,-1.107,0.77,0,3.471345141564237,2.046530769230769
19.36,-2.049,-0.515,-0.841,0.783,0.914,0,3.013572191682322,-0.43641233766233767
33.89,1.742,1.167,-0.982,0.519,0.782,0,3.5522002551986827,0.7647386363636364
29.01,-0.758,0.136,-0.874,0.039,0.798,0,3.4015306594522756,0.006564356435643565
103.65,-1.608,-0.64,1.428,0.689,0.774,0,4.650621448892009,-0.5624489795918367
35.24,0.324,0.098,0.623,-1.155,0.963,0,3.5901634811747787,-0.11633093525179858
57.69,1.129,-1.239,-0.085,-0.286,0.775,0,4.072269354570243,0.45140636942675155
26.62,0.567,-0.766,-0.123,0.487,0.714,0,3.318540147981146,-0.5152513812154697
112.87,1.752,0.299,0.721,0.263,0.741,0,4.7350574468225135,0.10470972037283621
20.75,-0.116,-2.14,-0.327,0.438,0.912,0,3.079613757534693,-1.0166160520607375
46.11,0.125,-0.131,0.836,0.564,0.746,0,3.85248529271195,-0.09773015873015872
188.69,1.133,1.328,1.465,0.457,0.821,0,5.245391160738632,0.730320096269555
17.11,1.639,0.259,-0.434,-0.545,0.902,0,2.896464271895322,-0.15477521929824561
31.71,-0.452,-0.983,-0.87,-2.609,0.805,0,3.4876808415502927,3.146806134969325
212.11,-1.229,1.387,0.047,-2.241,0.71,0,5.3618084643292345,-4.3170375000000005
227.06,0.722,-1.011,0.595,0.505,0.748,0,5.429608752229212,-0.6735554089709762
70.4,-1.233,-0.049,-0.941,1.219,0.733,0,4.268297869345539,-0.08039165545087484
57.55,0.999,-1.911,-0.132,0.556,0.804,0,4.069881090043726,-1.3053022113022112
129.75,-4.512,2.176,-4.708,5.091,0.273,1,4.873287102945032,39.144932862190814
93.79,-0.269,1.115,-1.129,-0.536,0.714,0,4.55166391846495,-0.8254696132596686
121.28,0.953,-0.658,0.058,-0.701,0.801,0,4.806313497022634,0.5687521578298397
7.59,0.471,0.166,0.715,0.392,0.755,0,2.150598735996164,0.08506143790849674
11.23,-0.2,-0.609,-0.915,-2.728,0.741,0,2.503891949699081,2.212186418109188
58.01,-0.876,-0.301,-0.521,0.548,0.919,0,4.077706921069077,-0.17755435952637244
59.59,2.194,-0.306,-0.847,-1.763,0.825,0,4.104129862956897,0.6460814371257485
101.03,-0.54,-0.7,-0.327,-0.477,0.827,0,4.625266887687213,0.3989247311827957
67.11,-0.188,0.718,-0.69,0.588,0.719,0,4.221124045253227,0.5791275720164608
73.69,-1.812,0.407,0.318,-0.741,0.781,0,4.313346214368975,-0.38127307206068267
162.9,1.034,0.303,1.48,0.363,0.785,0,5.099256485749784,0.1383509433962264
64.44,0.054,-0.239,1.615,0.213,0.911,0,4.181133692294492,-0.055273615635179144
88.97,1.34,-0.087,2.129,-0.506,0.805,0,4.499476281429027,0.05401472392638036
120.71,0.86,-0.964,0.619,-0.854,0.785,0,4.8016411658864655,1.0355421383647798
32.76,0.498,0.494,0.49,0.221,0.745,0,3.5192766697277564,0.14460132450331126
31.67,-1.035,-1.095,1.213,-1.059,0.779,0,3.4864572256129787,1.4697148288973383
33.62,-1.327,0.305,-0.536,-0.164,0.976,0,3.544431549748063,-0.05073022312373225
37.45,0.101,1.184,-0.668,-0.592,0.902,0,3.649358695951653,-0.7685614035087718
289.64,-0.089,-0.073,-1.483,-1.577,0.934,0,5.672085387912946,0.12195021186440676
58.79,1.485,-1.117,-0.431,0.163,0.701,0,4.090838422892813,-0.25607735583684954
12.83,0.304,-0.974,1.702,-0.57,0.754,0,2.626840145676667,0.7266753926701569
166.77,-0.324,0.757,0.985,0.681,0.782,0,5.122593993782309,0.650905303030303
42.46,2.66,0.307,-0.898,0.942,0.886,0,3.7718409748282835,0.32276116071428573
53.58,-0.408,0.859,-0.045,-1.524,0.785,0,3.9996675152801924,-1.6466867924528301
27.54,-0.685,0.187,-2.432,0.194,0.854,0,3.3513066120486905,0.04198842592592592
37.84,-0.801,0.135,-1.334,-0.629,0.827,0,3.659450643423124,-0.10145161290322581
48.18,1.401,1.428,-1.244,-0.339,0.869,0,3.8954870367880465,-0.5507303754266212
293.72,-0.576,-1.557,0.877,-0.508,0.843,0,5.686025753066942,0.927263774912075
29.02,-0.344,-0.509,0.127,-0.213,0.791,0,3.401863826205316,0.13535205992509364
116.24,-0.771,0.772,2.495,2.339,0.953,0,4.764223115842691,1.8750861889927313
7.21,0.732,-0.351,-0.534,-0.387,0.867,0,2.105352923464337,0.15488825541619156
36.03,1.321,-0.135,2.093,2.726,0.781,0,3.6117283949255214,-0.4652465233881163
138.82,-0.858,0.774,1.053,-0.657,0.804,0,4.940355881083839,-0.6247149877149877
48.93,-1.044,-0.418,1.09,-0.573,0.842,0,3.910622024512518,0.28111971830985916
57.1,-0.333,-0.355,-2.583,-0.341,0.78,0,4.062165663857866,0.15323417721518987
396.84,1.32,-0.466,-0.675,-0.772,0.865,0,5.986049914406483,0.4111451428571429
5.34,0.153,-1.523,-1.133,1.122,0.769,0,1.8468787684491346,-2.193589216944801
152.1,0.486,-0.92,-0.932,-0.952,0.84,0,5.031091302663638,1.0304
27.33,1.99,-1.998,1.686,-2.715,0.986,0,3.3439213138424253,5.446355421686747
183.06,0.499,-1.857,0.511,-0.813,0.764,0,5.215261791410711,1.95056976744186
122.46,0.493,-0.216,1.208,-0.194,0.882,0,4.81591721696575,0.046977578475336325
327.13,0.873,0.931,0.036,-1.737,0.784,0,5.793409871325028,-2.0367090680100755
6.66,-0.979,0.781,-1.553,-0.74,0.758,0,2.0360119837525,-0.7525260416666667
10.91,-0.614,-0.238,-0.381,0.032,0.973,0,2.477378383367209,-0.007747711088504578
293.61,-1.075,-0.875,1.77,1.396,0.96,0,5.685652447783731,-1.2592783505154637
210.42,0.507,0.609,0.256,-0.071,0.906,0,5.353846676340517,-0.04720414847161571
44.3,1.849,-0.573,1.078,-0.458,0.743,0,3.8133070324889884,0.3485179282868526
207.43,-0.819,-0.469,-0.41,0.564,0.945,0,5.339603253453579,-0.2769801047120419
34.86,-0.77,-0.099,-1.172,-1.343,0.874,0,3.5796224681769866,0.15040384615384614
321.66,-0.5,-0.967,-1.201,0.318,0.906,0,5.776599137237998,-0.33570524017467246
48.94,0.143,0.495,1.378,-0.859,0.943,0,3.910822284851627,-0.44617523609653725
142.01,-0.548,-1.566,-2.187,-0.937,0.79,0,4.962914557884844,1.8341775
123.77,0.931,-0.792,0.016,0.5,0.798,0,4.82647204242293,-0.4900990099009901
155.2,-0.67,-2.008,-0.458,3.292,0.762,0,5.051137237405586,-8.56261139896373
56.0,-0.18,0.712,-0.627,-1.116,0.849,0,4.04305126783455,-0.9250197904540164
82.58,1.532,-0.4,1.773,0.907,0.95,0,4.425804257019769,-0.3779166666666667
175.65,0.511,-1.229,-0.736,0.45,0.944,0,5.174170373805154,-0.5797169811320756
21.92,-0.477,0.421,-0.655,0.45,0.81,0,3.132009891846539,0.23103658536585364
18.17,-0.215,-0.902,-0.642,0.28,0.732,0,2.9533465570575532,-0.34037735849056605
18.14,0.708,0.251,0.507,0.086,0.788,0,2.9517803860248084,0.027050125313283203
51.52,-0.53,-0.122,-0.628,1.553,0.702,0,3.9611940494345954,-0.2661039325842697
34.11,0.276,-0.092,0.547,2.022,0.737,0,3.558485990180341,-0.24902811244979917
47.17,0.322,-1.149,-0.953,1.424,0.883,0,3.8747364206421295,-1.8322239641657332
127.82,0.39,-1.221,-0.809,1.323,0.747,0,4.858416081118745,-2.1339273447820344
33.65,-0.19,0.577,-0.208,-0.178,0.844,0,3.5452977256359124,-0.12026463700234191
41.3,0.997,-0.069,2.07,-0.722,0.747,0,3.744787086052232,0.06580977542932628
9.59,-0.49,-0.671,-0.698,0.537,0.738,0,2.359910159613315,-0.4817205882352942
