transaction_amount_usd,latent_v1,latent_v2,latent_v3,latent_v4,device_trust_score,is_fraud
93.81,0.135,-0.119,-1.084,0.358,0.979,0
67.1,0.193,-0.651,0.768,-0.624,0.937,0
333.16,-3.1,0.129,-0.554,0.382,0.859,0
72.17,-0.165,-0.827,0.585,-0.37,0.737,0
113.2,0.251,-0.812,1.184,-0.59,0.768,0
91.65,0.781,-0.966,0.261,1.023,0.737,0
52.41,0.497,-0.841,-0.404,0.265,0.847,0
148.26,0.023,0.738,0.05,0.636,0.814,0
165.24,-3.275,-0.818,1.209,-0.034,0.941,0
48.92,-0.101,-2.093,-1.505,0.419,0.93,0
61.65,-0.733,-0.31,-0.885,-0.521,0.834,0
36.18,-0.052,-0.136,2.15,1.833,0.803,0
55.4,-0.099,0.377,-0.86,-0.811,0.833,0
126.14,0.662,-0.93,-0.057,-0.336,0.925,0
40.16,-1.389,0.3,-0.355,0.415,0.954,0
41.95,-0.94,1.158,-0.029,-1.329,0.724,0
23.54,0.68,-0.199,-1.708,0.332,0.904,0
96.42,-0.378,0.145,0.051,1.49,0.787,0
18.94,-0.835,-1.449,0.248,1.601,0.722,0
6.55,-0.198,-0.882,0.187,0.589,0.933,0
58.39,-0.812,-0.287,0.296,0.393,0.749,0
66.03,2.338,-0.236,0.11,0.617,0.857,0
9.39,-0.677,0.416,-0.276,0.269,0.787,0
29.34,-1.365,-0.711,-2.574,-0.307,0.986,0
9.89,-0.534,0.151,0.045,1.257,0.853,0
75.09,-0.453,-0.493,0.869,-1.683,0.761,0
15.51,0.584,0.614,-0.745,-0.414,0.742,0
106.61,1.206,0.609,0.172,0.391,0.745,0
28.71,-0.425,0.5,0.201,-0.423,0.817,0
219.73,-0.693,0.254,-1.013,-1.687,0.715,0
63.33,-0.254,-0.967,1.209,-0.661,0.933,0
19.16,-1.377,-1.451,0.381,-0.445,0.905,0
22.95,-0.812,-0.275,-0.896,0.303,0.986,0
133.96,1.332,-1.861,0.113,0.857,0.751,0
45.46,0.421,1.002,0.891,0.366,0.959,0
219.47,0.098,-0.899,0.865,0.81,0.876,0
20.51,0.653,0.882,-0.075,-0.858,0.75,0
39.99,-0.051,-0.247,2.145,0.895,0.892,0
158.82,-0.367,-0.275,-0.184,0.188,0.983,0
162.13,0.389,0.001,-0.291,-0.594,0.885,0
41.62,2.206,1.199,-1.259,0.787,0.806,0
162.75,0.489,-0.456,1.529,0.365,0.907,0
24.77,1.059,0.198,0.479,-0.07,0.831,0
18.1,0.523,-0.128,0.801,-0.392,0.956,0
41.64,0.222,-0.412,1.034,-0.689,0.828,0
61.45,-0.554,1.309,-2.072,-0.952,0.807,0
68.45,-0.511,1.141,2.043,0.29,0.778,0
32.63,0.145,0.281,1.858,0.971,0.708,0
86.82,3.015,0.627,-0.669,-0.225,0.756,0
260.91,-0.877,-2.405,0.313,1.782,0.848,0
28.68,-0.707,0.522,-0.172,-1.36,0.783,0
29.17,1.344,1.293,-0.311,1.228,0.721,0
32.18,0.057,0.285,-0.555,0.022,0.865,0
220.51,0.043,0.494,0.667,-0.063,0.895,0
10.7,-1.594,-0.21,-2.472,-1.676,0.869,0
42.51,0.014,-1.262,0.491,0.989,0.798,0
238.02,0.232,0.901,-0.469,0.03,0.772,0
57.32,0.917,2.057,-0.874,0.963,0.864,0
12.84,1.508,-0.52,-0.015,-1.802,0.796,0
54.38,0.429,0.832,-0.222,0.286,0.953,0
10.24,-0.326,0.741,0.129,-1.986,0.973,0
9.16,0.94,-0.39,-1.27,-0.439,0.823,0
46.4,0.143,0.227,0.306,0.003,0.835,0
10.1,-0.437,-1.626,-0.772,0.89,0.871,0
113.64,1.544,0.085,1.742,2.054,0.733,0
16.46,-1.733,0.221,0.086,-0.424,0.856,0
299.76,-0.735,-0.027,1.205,0.183,0.989,0
52.83,0.627,-0.277,0.452,-1.209,0.818,0
8.57,-1.276,-0.83,0.313,0.13,0.778,0
800.81,-3.414,2.991,-3.953,5.567,0.38,1
93.63,0.032,0.806,0.075,-1.025,0.737,0
81.3,2.339,-0.334,0.645,-0.012,0.811,0
51.94,0.749,1.549,-0.735,-1.657,0.763,0
292.47,-0.325,-0.937,-0.65,0.61,0.723,0
59.68,0.589,0.667,-0.337,0.138,0.927,0
163.75,0.041,1.433,0.583,-0.451,0.911,0
340.82,-0.445,-0.558,0.632,-0.623,0.754,0
10.86,-0.425,1.058,0.192,1.199,0.961,0
226.54,0.798,-1.177,-0.102,0.99,0.876,0
22.75,-0.039,-1.755,0.12,-0.837,0.846,0
18.26,-1.931,-0.674,2.551,0.65,0.702,0
126.66,-0.881,1.404,-0.992,-0.554,0.867,0
19.3,1.369,-0.999,-2.06,1.091,0.822,0
75.19,0.46,0.227,-0.787,-1.394,0.865,0
186.44,0.254,-0.622,-0.802,-2.455,0.714,0
23.02,-0.228,1.439,-0.89,-1.522,0.948,0
122.5,-0.586,-0.349,0.264,-0.156,0.869,0
69.81,-1.709,1.23,0.105,1.388,0.734,0
16.75,0.724,0.061,0.76,-0.394,0.922,0
29.21,-0.844,0.642,0.031,-2.329,0.91,0
15.21,-0.406,-2.547,1.321,0.169,0.75,0
145.2,0.531,1.835,-0.735,1.667,0.74,0
98.15,2.212,0.392,0.676,-0.269,0.87,0
12.59,1.581,-0.31,-0.027,1.456,0.959,0
31.48,0.877,-0.197,0.31,0.661,0.949,0
12.9,-0.401,0.816,-0.547,-0.675,0.821,0
29.59,-0.816,-0.401,0.612,-1.726,0.828,0
41.19,0.461,0.289,-0.765,1.169,0.916,0
19.01,-0.363,-0.869,-0.605,0.734,0.718,0
17.0,0.361,0.968,0.361,-1.611,0.853,0
95.57,0.515,-0.377,1.113,-1.093,0.705,0
44.63,0.61,-2.08,0.677,-1.08,0.933,0
75.15,0.823,1.224,1.121,-0.524,0.785,0
76.98,-0.687,1.393,-0.385,-1.868,0.937,0
230.94,2.014,0.562,0.764,-0.98,0.939,0
170.33,-0.821,-0.17,-1.5,-0.347,0.784,0
130.76,1.907,-1.436,-0.26,-0.656,0.726,0
281.95,-0.18,1.371,-0.984,-0.451,0.863,0
249.66,0.175,-0.965,-0.072,1.132,0.988,0
101.63,-1.61,-0.697,-1.816,0.537,0.725,0
5.12,1.225,-0.183,-1.006,-0.976,0.746,0
20.23,0.912,-0.669,0.435,-0.305,0.795,0
15.18,0.337,0.915,-0.252,-1.204,0.783,0
118.46,0.261,-0.025,-0.159,-0.487,0.84,0
64.45,1.136,-0.913,0.408,0.355,0.86,0
153.58,-0.829,-1.605,-0.349,-1.958,0.783,0
282.1,-0.628,-0.293,-0.69,0.042,0.732,0
26.05,-2.424,-1.295,0.643,0.804,0.824,0
39.51,1.072,-0.718,-0.111,1.442,0.738,0
27.83,-0.157,1.853,0.446,0.019,0.98,0
25.61,-0.524,0.539,0.66,-1.073,0.817,0
232.93,0.025,-0.884,-0.4,-1.03,0.88,0
19.76,-0.355,-1.3,2.177,-1.125,0.721,0
26.86,1.092,-1.476,0.457,-0.251,0.884,0
11.34,0.062,-0.812,-0.858,-1.574,0.752,0
78.35,0.004,0.592,0.208,-0.723,0.799,0
169.68,-1.334,-0.284,0.587,-0.674,0.777,0
128.91,-0.634,-1.046,0.684,-0.053,0.97,0
24.7,-0.98,-0.396,-3.071,0.778,0.961,0
231.04,-0.171,-2.406,-1.457,-0.422,0.758,0
8.27,-1.314,0.793,0.419,0.36,0.84,0
50.73,-0.698,-0.954,-0.415,-1.126,0.964,0
86.21,0.68,-0.138,1.999,1.14,0.711,0
48.85,1.338,1.008,-1.41,1.086,0.727,0
52.35,-1.979,-0.269,-0.012,1.587,0.79,0
147.05,0.389,0.826,0.086,-0.587,0.921,0
17.48,0.413,-0.293,-2.619,-1.291,0.702,0
150.47,0.62,-2.131,1.184,1.036,0.977,0
69.42,0.529,-0.117,-1.374,0.967,0.737,0
162.14,1.407,-1.209,-1.411,-0.137,0.874,0
10.32,1.208,-2.246,1.581,-0.407,0.94,0
130.38,0.735,0.062,0.296,0.289,0.788,0
52.7,-1.219,-0.104,-0.787,-0.784,0.724,0
229.24,1.799,0.859,-0.252,0.672,0.88,0
8.36,0.442,-0.418,-0.685,1.224,0.809,0
69.82,-0.668,-0.781,-0.621,0.862,0.756,0
64.65,-0.383,0.542,-0.22,-0.645,0.917,0
73.0,0.461,1.301,-0.578,-0.008,0.985,0
46.11,0.441,-0.919,0.647,-1.628,0.87,0
55.16,-0.51,0.73,1.698,-2.314,0.892,0
135.25,1.64,-1.182,1.451,-0.739,0.706,0
24.52,1.055,-0.036,0.771,0.049,0.84,0
62.31,0.21,-0.264,0.398,-0.252,0.964,0
248.96,2.018,0.231,-0.447,0.337,0.874,0
65.7,-5.326,4.185,-5.373,2.328,0.223,1
87.96,0.007,-0.803,0.297,-1.274,0.885,0
74.15,-0.84,1.217,-0.382,1.506,0.84,0
93.78,-1.52,0.948,0.224,0.502,0.737,0
42.5,1.16,0.32,-1.444,0.687,0.719,0
7.43,0.486,-0.325,1.62,-0.618,0.966,0
49.57,0.077,-1.384,0.184,-0.414,0.866,0
207.31,0.095,-1.048,-0.23,0.97,0.84,0
11.21,-0.936,-1.184,-0.085,0.174,0.834,0
99.57,-0.05,-1.25,0.612,0.398,0.882,0
98.99,0.351,-0.47,0.205,-0.111,0.909,0
124.14,-0.296,-1.462,1.333,0.582,0.73,0
283.79,-0.319,0.543,0.075,1.319,0.834,0
37.09,1.599,0.563,1.773,-1.222,0.903,0
110.55,-1.682,-0.296,-0.107,-1.62,0.957,0
45.41,-0.391,0.242,0.249,-0.012,0.923,0
25.09,-1.587,0.009,1.385,-0.447,0.924,0
27.01,0.163,0.745,0.038,-2.388,0.875,0
74.76,1.284,-3.539,0.451,-0.467,0.857,0
16.94,-0.149,0.509,0.057,-1.121,0.733,0
236.02,-0.577,-0.738,-1.716,-1.372,0.93,0
56.8,-0.536,-0.757,-1.181,0.031,0.877,0
75.9,0.285,0.14,-0.543,-0.377,0.788,0
196.64,-0.162,-0.025,-0.591,-0.075,0.858,0
40.13,2.352,-0.552,0.374,0.852,0.826,0
150.49,-1.803,0.267,0.129,-0.346,0.95,0
20.11,0.362,0.32,-0.218,0.384,0.962,0
37.86,-0.627,0.073,-1.624,-0.37,0.755,0
99.22,-0.32,-2.405,-1.368,-1.106,0.98,0
92.21,-0.056,-0.383,-0.379,0.716,0.727,0
125.73,1.293,1.95,-1.246,0.523,0.846,0
71.91,0.115,-0.056,0.49,0.755,0.723,0
14.54,-1.245,-0.026,-2.269,-0.209,0.885,0
16.74,-1.656,-0.512,0.967,-0.676,0.709,0
294.61,-1.905,0.258,-0.587,-0.186,0.987,0
8.41,-0.73,1.974,-1.558,2.833,0.904,0
10.99,-0.575,-0.617,-0.785,0.601,0.866,0
25.6,-2.184,0.274,0.849,-1.275,0.855,0
250.07,1.598,-0.855,2.816,-2.391,0.778,0
56.58,1.851,-0.262,-0.172,0.443,0.712,0
63.29,-1.257,0.169,0.379,0.695,0.832,0
71.12,-0.068,1.192,-0.125,-2.338,0.868,0
22.81,0.292,0.673,-0.781,0.26,0.875,0
15.96,0.053,-0.821,1.558,-1.706,0.726,0
52.93,1.834,0.598,-0.649,-0.28,0.983,0
33.66,1.861,-0.946,-1.764,0.291,0.718,0
20.07,0.314,0.666,0.673,1.771,0.817,0
43.42,0.662,-1.106,-1.457,1.866,0.83,0
29.92,-0.059,1.309,-1.869,0.415,0.753,0
12.64,-0.89,0.628,-0.907,1.572,0.821,0
58.83,-0.789,-0.261,1.082,-1.258,0.893,0
33.66,-1.375,-0.179,-0.159,0.218,0.766,0
32.88,0.335,-0.896,-1.36,1.228,0.905,0
74.29,0.784,-1.268,0.096,-1.016,0.827,0
31.5,0.982,0.275,-1.391,-0.482,0.775,0
60.49,0.713,-0.229,-1.391,-1.447,0.811,0
158.99,1.19,1.572,1.022,-0.533,0.711,0
178.94,-2.498,0.313,2.092,-0.035,0.704,0
179.44,-1.99,-0.675,-0.184,-1.098,0.844,0
48.94,-0.785,1.773,0.101,0.47,0.934,0
14.84,-1.652,-1.04,1.089,0.209,0.723,0
11.4,-0.399,0.486,0.506,1.991,0.942,0
16.36,0.163,-1.063,-0.116,0.608,0.795,0
84.32,0.254,-0.897,-0.567,0.846,0.769,0
136.44,-0.158,-0.536,2.892,0.278,0.911,0
42.25,1.357,1.792,2.088,0.708,0.775,0
12.52,-0.292,-0.404,1.24,0.001,0.903,0
137.27,-1.099,-1.717,-1.237,-0.427,0.718,0
80.98,0.703,-0.528,0.257,0.118,0.819,0
97.19,2.208,-0.594,-1.34,-0.217,0.847,0
68.92,0.603,0.795,-0.77,0.326,0.909,0
63.97,-0.109,-0.378,-1.165,0.14,0.916,0
5.71,0.293,-1.202,0.453,0.233,0.905,0
99.7,0.094,-1.036,-0.831,1.762,0.912,0
67.72,0.499,0.754,0.939,-1.223,0.751,0
78.78,-0.285,0.64,-1.025,0.559,0.881,0
39.86,-0.664,-1.027,-1.435,-0.579,0.83,0
37.85,1.099,-0.189,-1.178,0.226,0.9,0
66.23,0.791,0.306,0.905,-0.134,0.918,0
62.0,-1.636,0.968,-0.111,-0.291,0.881,0
9.93,-0.044,-0.415,-0.703,-1.905,0.776,0
20.3,0.151,1.963,-0.616,-1.024,0.872,0
11.37,0.589,0.728,0.828,0.969,0.894,0
60.09,-0.355,0.109,1.296,0.566,0.845,0
42.6,0.862,-1.343,0.751,0.39,0.799,0
129.84,0.996,0.16,1.766,2.786,0.868,0
122.6,2.321,0.603,-0.908,-0.039,0.923,0
121.9,-1.125,-1.094,-0.341,0.535,0.872,0
238.65,-0.834,1.737,-1.072,1.302,0.78,0
490.25,0.739,1.28,-0.444,-0.143,0.709,0
73.67,0.225,1.579,-1.297,-0.657,0.83,0
11.39,-0.136,0.772,0.034,0.303,0.97,0
5.46,0.398,0.245,0.703,-0.122,0.857,0
68.72,0.706,0.228,0.625,-1.101,0.723,0
83.69,0.51,-0.726,-0.345,-1.872,0.874,0
20.97,-0.869,1.064,-0.954,0.453,0.9,0
16.66,-1.535,-0.453,-0.846,0.883,0.956,0
194.04,0.462,-1.233,-0.203,-0.772,0.907,0
96.55,-1.442,0.827,-0.823,-0.253,0.909,0
64.58,-1.004,0.835,-1.172,-1.241,0.707,0
40.45,0.028,0.022,-2.832,1.16,0.709,0
184.66,-2.139,-0.146,1.328,2.209,0.764,0
52.61,1.291,0.865,-0.489,-0.616,0.776,0
8.28,-0.717,-0.345,0.316,-0.566,0.948,0
30.24,-1.482,-0.376,-1.676,0.108,0.973,0
205.93,-1.939,0.89,-1.315,-1.773,0.911,0
56.07,0.711,-1.922,-1.343,-0.396,0.954,0
127.54,-0.142,2.51,-5.917,6.038,0.398,1
76.41,-0.727,-0.102,1.316,-0.145,0.878,0
156.7,-1.04,-0.016,0.981,0.669,0.786,0
63.18,-1.796,-1.583,-0.51,-0.377,0.757,0
9.84,-1.475,1.023,-1.264,-1.371,0.702,0
160.35,0.088,0.974,2.055,0.583,0.812,0
93.56,2.16,-1.861,-0.504,0.561,0.814,0
37.36,-1.086,-0.31,1.422,0.017,0.828,0
62.34,0.467,0.79,-1.7,-0.067,0.957,0
78.14,-0.725,-0.875,-0.456,1.284,0.843,0
185.68,1.02,-2.369,0.792,-1.119,0.735,0
15.27,1.767,-1.064,-0.853,0.562,0.723,0
244.7,0.659,-0.446,0.371,0.495,0.749,0
151.61,0.505,1.406,-1.225,-0.84,0.735,0
65.59,-1.803,1.093,-2.229,-0.402,0.886,0
201.8,-0.387,-1.097,0.344,-0.988,0.911,0
233.39,0.151,-0.64,2.035,0.358,0.941,0
18.85,-0.774,-0.386,2.392,-0.767,0.709,0
32.32,-0.078,-0.456,-1.04,0.421,0.963,0
66.73,0.811,0.901,-0.918,0.641,0.761,0
104.08,-0.319,-1.456,0.67,0.665,0.831,0
138.55,0.451,0.988,-0.754,-0.906,0.791,0
15.56,-0.871,-0.68,0.881,-0.096,0.73,0
113.28,-0.616,0.286,0.126,0.778,0.805,0
125.09,0.861,-1.08,2.074,-0.786,0.764,0
101.08,-0.152,1.546,-0.818,2.204,0.959,0
63.56,0.403,0.457,-1.426,-0.473,0.818,0
153.75,0.139,-1.547,-0.538,1.123,0.886,0
28.96,0.178,-0.236,-0.28,-0.491,0.948,0
41.16,-0.432,1.808,0.3,-0.576,0.709,0
178.55,0.973,0.624,-1.654,-1.034,0.768,0
60.69,2.091,0.822,-0.013,-0.343,0.797,0
55.68,-1.733,1.901,1.574,-0.576,0.899,0
157.27,0.624,-1.425,-1.808,1.183,0.841,0
37.01,-0.368,-0.46,0.314,-0.678,0.892,0
260.67,2.099,-1.385,0.029,0.431,0.963,0
12.37,-0.256,-1.337,1.257,0.337,0.987,0
46.86,-1.267,0.439,1.702,-0.036,0.923,0
63.85,-0.97,1.728,0.973,-0.924,0.77,0
21.01,-1.834,0.26,-0.879,0.297,0.89,0
33.31,0.738,-0.706,0.36,0.083,0.808,0
102.24,-0.152,-0.641,0.045,0.533,0.783,0
15.89,0.966,1.357,0.494,-0.138,0.706,0
35.77,-0.233,0.548,0.228,-1.649,0.939,0
14.25,0.572,-0.861,-1.417,-1.668,0.927,0
284.74,-0.216,-1.017,-2.326,-0.358,0.805,0
9.56,-0.629,1.829,0.517,-0.5,0.933,0
61.64,0.957,-1.396,-0.974,-0.782,0.912,0
8.5,-0.44,-0.595,0.034,0.736,0.806,0
180.67,-1.635,-1.04,-0.52,-1.245,0.792,0
101.14,0.617,-1.682,0.657,-0.139,0.809,0
97.72,-0.564,-0.37,-0.153,-0.346,0.746,0
21.25,-2.071,0.993,2.861,0.298,0.791,0
34.73,0.613,0.385,-0.284,0.753,0.86,0
42.87,0.238,-0.996,-1.433,0.121,0.831,0
140.51,-0.853,0.191,1.821,0.431,0.93,0
89.31,0.473,-0.781,-1.745,-0.922,0.894,0
25.7,0.798,0.176,-1.269,1.787,0.949,0
29.66,0.049,0.209,0.568,-0.696,0.706,0
149.3,1.305,-1.58,-1.039,1.292,0.731,0
11.14,0.59,2.54,0.068,1.7,0.823,0
48.15,0.896,-1.74,-0.197,1.167,0.705,0
11.58,0.501,0.011,-0.449,0.202,0.755,0
130.41,0.372,1.078,-0.222,0.068,0.94,0
136.96,0.878,-1.014,-0.529,-0.492,0.798,0
51.07,-3.254,1.195,-1.554,1.567,0.787,0
176.44,0.616,0.425,-1.102,-0.015,0.902,0
24.62,-0.715,-0.097,-0.14,0.122,0.962,0
174.73,1.663,-0.241,1.218,0.48,0.825,0
135.98,0.696,-0.059,-2.989,-1.09,0.928,0
151.51,-1.295,0.22,0.503,-0.035,0.918,0
146.68,-0.035,-0.511,1.043,0.463,0.714,0
167.65,-1.381,0.221,-1.151,-0.965,0.854,0
9.51,0.374,-0.409,-0.365,-0.503,0.831,0
66.88,-0.309,1.545,0.517,1.267,0.733,0
19.45,-2.034,-1.242,0.514,1.551,0.813,0
20.92,0.401,-1.452,0.522,-2.676,0.749,0
97.43,-0.448,0.652,0.447,-0.008,0.797,0
81.84,0.204,-0.79,0.918,0.687,0.904,0
80.73,1.126,-0.157,-0.001,0.601,0.97,0
79.41,-2.23,1.881,0.061,-1.622,0.81,0
55.58,-1.09,-0.142,1.515,0.411,0.743,0
77.1,-0.824,-0.747,-0.706,-0.352,0.986,0
36.37,-0.276,-0.339,-0.671,0.135,0.95,0
281.85,-0.314,-1.596,0.034,-0.117,0.82,0
31.76,0.597,-1.136,-1.242,-0.325,0.9,0
75.77,0.659,1.085,0.347,-0.685,0.828,0
251.51,0.377,-0.946,0.466,-0.121,0.796,0
283.38,-0.277,0.485,-0.406,-1.589,0.851,0
34.7,-0.447,-1.729,0.107,-0.094,0.904,0
12.57,1.315,1.285,0.144,-0.085,0.97,0
113.38,-0.268,0.175,-1.574,0.081,0.753,0
146.3,-0.095,-1.112,-1.25,0.211,0.792,0
51.96,-1.112,-0.966,0.775,0.179,0.784,0
22.44,1.312,0.936,-1.118,1.164,0.773,0
270.35,-0.081,0.8,-0.163,1.186,0.823,0
19.49,1.216,-2.393,-0.046,-0.394,0.927,0
101.86,0.73,0.241,0.041,-0.343,0.928,0
71.25,-0.831,-0.402,-0.076,1.001,0.955,0
79.93,1.034,0.592,-1.064,1.661,0.849,0
143.11,-1.382,-1.56,0.254,-0.702,0.82,0
49.22,-0.47,0.195,1.406,0.484,0.94,0
20.89,0.291,0.74,-0.04,1.036,0.857,0
218.67,-0.119,0.92,-0.713,-1.507,0.812,0
33.74,0.66,-0.423,0.205,-0.495,0.75,0
40.9,-0.092,-0.175,0.413,0.288,0.764,0
57.94,1.071,-0.085,0.08,1.6,0.895,0
164.77,-0.002,-0.012,0.24,0.407,0.857,0
69.11,0.29,-2.153,-0.952,1.811,0.907,0
172.87,-0.167,-1.189,1.678,-0.823,0.772,0
91.9,-0.215,0.993,-0.25,-0.368,0.976,0
275.12,0.011,-1.336,-1.524,0.714,0.95,0
33.33,1.118,1.199,-1.621,-0.698,0.935,0
141.96,2.249,-0.908,1.168,0.372,0.823,0
32.39,0.263,-1.704,-2.074,-1.761,0.726,0
112.78,-0.62,-0.586,-1.424,-0.456,0.869,0
44.47,1.692,-2.326,-0.469,-0.404,0.955,0
53.34,-0.466,-0.088,2.979,-0.111,0.862,0
109.35,-0.554,-0.721,-0.007,-1.126,0.762,0
10.27,-0.864,-0.423,0.293,1.826,0.742,0
5.79,-0.485,0.462,-1.628,1.06,0.87,0
37.24,-0.081,-0.121,-0.3,-1.301,0.891,0
31.03,0.012,-0.308,0.443,0.101,0.871,0
59.15,0.741,0.127,-0.514,0.953,0.769,0
30.9,1.693,0.031,-0.763,0.006,0.91,0
144.38,0.974,-1.25,0.949,-0.179,0.945,0
68.35,0.703,0.351,-1.984,-0.046,0.919,0
26.13,0.991,-0.302,-0.667,1.556,0.762,0
42.4,-0.833,-0.555,-0.861,0.845,0.832,0
269.39,-3.571,4.578,-2.77,6.063,0.218,1
53.06,0.025,-0.673,-1.192,0.016,0.73,0
16.21,0.231,-0.839,-0.624,-0.762,0.75,0
274.12,-0.411,0.541,-1.078,-0.641,0.843,0
6.68,0.276,2.042,0.572,0.596,0.737,0
48.22,-0.528,-0.71,0.392,-1.651,0.819,0
255.87,0.733,-0.724,-0.901,-0.407,0.949,0
36.4,0.797,1.905,-0.495,-3.348,0.912,0
12.81,0.715,0.304,-0.496,1.714,0.817,0
17.52,-1.08,0.02,1.589,-0.141,0.775,0
60.71,-0.287,1.15,-0.25,-0.318,0.817,0
163.88,1.292,-1.285,0.678,1.646,0.804,0
78.14,-0.638,-0.242,1.01,-1.332,0.795,0
47.22,-0.826,-1.252,1.598,-0.647,0.848,0
249.35,0.004,-0.591,0.77,0.154,0.714,0
77.43,-0.43,0.589,0.23,0.123,0.891,0
54.14,-0.48,-0.03,-0.187,1.955,0.736,0
25.5,0.118,-0.694,0.112,2.372,0.937,0
172.73,-0.718,1.709,1.939,0.853,0.802,0
216.66,0.391,-0.835,-1.126,-1.487,0.762,0
79.78,-0.5,-0.061,0.995,-0.578,0.9,0
114.69,-1.071,1.123,-0.284,-0.499,0.941,0
339.55,-0.279,-0.004,-0.415,-0.84,0.868,0
11.64,-0.16,0.527,0.052,0.077,0.919,0
84.32,1.459,1.34,0.87,2.085,0.986,0
117.02,0.438,0.326,2.244,-2.726,0.94,0
54.86,0.98,2.566,0.107,-0.431,0.94,0
19.57,1.622,1.634,-0.056,0.253,0.766,0
20.97,1.046,1.602,-0.697,0.243,0.959,0
46.91,-0.389,-1.926,1.004,-0.303,0.969,0
35.74,0.353,0.456,-1.63,0.556,0.939,0
5.45,-1.909,0.77,1.118,-1.369,0.947,0
84.86,-0.449,0.674,-2.785,1.098,0.703,0
74.17,0.984,1.729,0.486,1.609,0.719,0
15.52,-1.553,0.666,-0.132,-0.788,0.861,0
38.88,0.875,1.342,1.176,-0.772,0.888,0
91.24,-0.26,0.028,-0.934,1.481,0.973,0
149.81,-1.512,0.535,-0.597,-1.108,0.838,0
34.84,-1.265,0.056,1.769,0.2,0.826,0
89.52,-1.281,-1.027,-0.065,2.723,0.868,0
33.71,-0.7,-0.224,-1.258,0.879,0.953,0
61.4,0.175,-1.932,1.097,-2.013,0.733,0
498.51,-1.87,-0.917,-0.904,1.396,0.942,0
56.48,-0.568,0.318,0.474,0.696,0.761,0
18.34,-0.298,-1.652,-0.084,-0.384,0.866,0
265.12,1.336,0.07,-0.562,0.058,0.791,0
77.84,-0.715,-0.694,0.411,0.527,0.814,0
64.67,-1.652,-0.239,-0.501,0.005,0.738,0
190.02,-0.469,1.532,-2.294,0.303,0.915,0
135.33,0.787,0.931,-0.604,-1.101,0.836,0
39.14,-0.778,1.162,-0.288,-1.03,0.984,0
165.21,-5.283,7.78,-4.827,2.806,0.331,1
66.2,-0.39,0.687,1.186,-1.891,0.93,0
38.32,-0.699,0.415,-0.758,-0.446,0.935,0
26.41,0.202,0.099,2.507,1.74,0.834,0
38.52,2.426,-0.575,2.088,-0.426,0.96,0
274.62,-3.635,5.09,-2.91,4.962,0.43,1
28.85,0.142,1.674,0.877,-0.734,0.86,0
96.94,-0.214,-2.021,-1.378,1.7,0.758,0
282.16,1.74,0.085,-1.77,-1.087,0.818,0
49.73,2.027,2.06,-1.121,-0.009,0.844,0
20.75,1.639,1.079,0.809,-0.194,0.885,0
129.62,0.404,-0.115,0.318,0.288,0.75,0
31.86,-0.997,-0.933,-0.188,-0.353,0.758,0
27.42,0.292,1.378,-0.011,-0.076,0.818,0
15.28,1.19,1.037,0.968,0.936,0.7,0
266.58,0.437,0.401,0.245,-0.417,0.978,0
101.47,0.633,0.1,2.105,-1.21,0.838,0
234.57,0.002,-0.813,1.019,0.653,0.869,0
208.66,-0.325,-0.067,0.433,-2.006,0.964,0
164.32,0.873,2.426,0.48,-0.281,0.969,0
48.79,-0.258,0.869,-0.174,1.714,0.736,0
228.56,1.687,-0.33,-0.081,-0.022,0.729,0
63.28,-1.087,1.25,1.09,1.073,0.904,0
62.66,-0.022,0.863,-1.389,-0.23,0.789,0
8.68,-1.325,0.704,1.029,-0.744,0.795,0
28.57,0.495,-0.597,-0.134,-1.073,0.847,0
103.84,1.15,0.493,-0.042,-0.094,0.781,0
18.42,-1.008,-1.117,2.086,0.279,0.811,0
113.04,-1.252,-0.978,-0.422,0.036,0.723,0
51.0,0.088,0.175,0.702,1.47,0.938,0
49.0,0.066,-1.527,1.783,2.273,0.864,0
257.46,-0.271,-0.464,1.211,-0.017,0.846,0
122.17,-0.412,-0.601,-0.744,0.514,0.802,0
31.15,1.324,-0.955,0.863,-2.063,0.729,0
785.68,-1.325,1.914,-5.852,4.852,0.404,1
86.4,-1.278,-0.287,-0.617,-1.11,0.935,0
106.12,-0.337,1.523,-0.786,1.498,0.761,0
90.13,1.982,-0.444,1.205,0.146,0.921,0
10.11,0.374,0.901,0.846,-0.342,0.758,0
11.93,0.532,0.457,0.214,-0.203,0.899,0
67.4,-0.295,1.207,-0.62,-0.881,0.846,0
69.42,0.568,0.595,1.407,0.408,0.756,0
9.37,0.816,-1.059,0.984,-0.237,0.786,0
6.02,0.672,-1.715,0.63,-2.242,0.954,0
212.06,-0.276,-1.706,0.633,0.069,0.99,0
27.82,-0.771,1.434,-0.897,-3.031,0.707,0
103.71,0.514,-1.767,-0.865,-0.517,0.818,0
27.47,-1.405,0.162,-1.229,0.03,0.895,0
124.18,-0.082,-0.989,0.159,-0.696,0.777,0
68.75,0.807,0.033,2.209,1.306,0.816,0
258.09,-0.73,0.942,-0.229,1.168,0.94,0
152.13,0.595,-0.92,-1.022,-1.057,0.786,0
114.91,-0.821,0.538,-0.252,-0.38,0.81,0
59.92,-0.967,1.182,-0.539,-1.9,0.882,0
18.45,0.34,-0.294,-0.689,-1.402,0.953,0
97.49,1.289,-1.111,1.366,-0.057,0.977,0
226.07,0.027,0.894,-0.541,-2.164,0.9,0
188.1,-0.36,0.623,0.827,-1.512,0.933,0
1082.8,-3.466,0.1,-4.948,3.378,0.122,1
93.53,-0.421,-3.216,0.558,-0.088,0.762,0
66.8,0.398,1.653,-0.185,0.65,0.834,0
12.88,-1.531,0.788,0.16,-1.219,0.854,0
11.71,0.924,1.48,-0.134,-1.365,0.909,0
69.07,-1.623,-0.955,0.611,0.154,0.895,0
11.6,0.978,-0.098,-0.186,0.589,0.945,0
51.07,2.027,-0.893,-1.25,0.372,0.8,0
41.35,-2.049,-0.382,-0.033,-0.517,0.977,0
15.45,1.39,1.316,1.929,0.047,0.87,0
157.02,0.208,-0.467,-2.263,0.637,0.799,0
87.43,-0.01,0.992,-0.359,1.193,0.73,0
10.4,-0.14,-0.525,1.25,-0.934,0.915,0
9.44,-0.725,-0.896,-1.143,0.153,0.739,0
249.68,-0.513,0.489,-1.735,-1.123,0.929,0
65.67,0.379,-0.589,-1.49,-0.648,0.809,0
63.54,-1.213,-0.738,-0.257,-0.054,0.924,0
20.93,0.125,-0.37,0.644,0.562,0.843,0
24.54,0.89,1.057,0.371,-0.233,0.73,0
1875.37,-2.868,5.654,-4.661,4.22,0.126,1
54.61,-0.174,-0.677,-0.674,1.434,0.796,0
81.9,-1.085,-0.364,-0.641,0.317,0.893,0
33.66,-0.044,-0.341,-0.014,-0.418,0.845,0
37.99,-0.321,-0.954,1.097,0.669,0.854,0
80.75,-0.643,-0.906,-0.494,-0.667,0.765,0
67.29,0.647,0.091,0.532,-1.144,0.937,0
74.83,-0.861,-0.888,0.712,-0.969,0.927,0
56.64,-0.874,1.544,-0.336,-1.121,0.868,0
256.39,0.013,-0.769,0.1,-2.068,0.707,0
36.91,0.219,1.297,-1.765,-0.407,0.786,0
46.06,-2.053,-1.181,-0.242,1.149,0.86,0
27.32,0.22,1.672,0.571,0.629,0.762,0
615.87,-4.359,6.21,-7.261,2.945,0.272,1
143.74,-4.132,5.327,-4.931,1.735,0.25,1
25.59,-0.771,-0.533,0.938,0.759,0.834,0
111.43,-0.641,0.418,-0.561,-0.528,0.736,0
17.66,-0.202,1.653,0.704,0.809,0.875,0
103.56,-1.131,0.887,1.014,0.652,0.789,0
8.12,-0.195,0.546,-0.02,-0.978,0.923,0
26.3,-0.906,-0.812,0.753,0.134,0.743,0
305.51,0.577,-1.229,0.549,-0.66,0.798,0
21.42,1.362,-0.364,2.201,-2.062,0.989,0
48.29,-1.546,1.324,1.576,-0.863,0.972,0
71.44,-0.229,0.15,0.011,-1.481,0.706,0
29.78,-0.345,0.012,0.103,-1.731,0.866,0
226.03,-1.055,1.799,-0.347,-0.282,0.896,0
74.76,0.681,0.826,-1.002,0.087,0.94,0
29.66,0.797,1.633,-2.158,-0.631,0.802,0
90.99,0.806,1.134,-0.028,-1.421,0.93,0
59.88,1.539,0.208,-0.977,1.738,0.96,0
20.08,0.821,-0.912,0.343,0.297,0.988,0
34.6,-0.637,0.348,1.106,-0.296,0.807,0
81.01,2.218,0.057,1.073,0.219,0.84,0
11.95,-1.909,0.688,0.194,-0.192,0.851,0
235.11,0.607,0.962,-0.549,-0.835,0.85,0
30.98,0.452,-1.324,1.42,-0.822,0.861,0
51.72,-1.973,0.964,0.721,0.32,0.933,0
22.29,1.048,-0.986,0.976,0.931,0.729,0
112.52,0.935,0.508,-1.016,-0.367,0.862,0
216.92,1.086,-0.342,-1.0,2.194,0.972,0
16.11,-1.681,-0.5,0.28,0.986,0.878,0
69.52,-0.118,-0.873,-0.22,-0.32,0.701,0
35.74,-0.068,-0.982,0.784,0.371,0.917,0
242.16,-1.264,0.968,-0.811,-1.183,0.778,0
65.88,0.59,-2.839,-1.029,1.575,0.773,0
20.45,1.274,-0.793,0.763,1.174,0.768,0
80.39,-0.604,2.714,-0.491,2.986,0.864,0
111.85,0.297,-0.465,-0.089,-0.689,0.754,0
61.46,-1.416,1.301,-1.612,0.886,0.964,0
178.68,-1.894,0.63,-0.208,1.321,0.794,0
59.14,-0.188,0.16,-0.132,0.575,0.763,0
44.77,-1.0,-0.516,-0.524,2.406,0.951,0
7.77,1.255,0.687,0.446,0.3,0.911,0
228.42,0.04,-2.092,-0.369,-0.24,0.775,0
21.56,0.301,0.768,0.299,0.742,0.8,0
195.49,0.525,-1.746,-0.384,-0.502,0.862,0
127.77,-1.334,0.595,0.91,-0.09,0.819,0
68.27,-2.699,-1.179,0.149,1.532,0.792,0
30.38,0.089,-0.492,-0.549,-0.421,0.89,0
102.17,0.023,1.654,0.509,1.154,0.788,0
351.06,-0.861,-0.654,-0.664,-0.087,0.984,0
80.46,1.973,0.721,-0.515,-0.003,0.878,0
112.05,1.492,-0.483,-0.712,-0.697,0.747,0
44.54,0.295,0.312,1.339,-1.76,0.909,0
28.46,0.183,0.045,1.264,-1.01,0.765,0
30.73,-2.013,0.133,-0.523,-0.733,0.71,0
108.6,-0.913,-0.018,-0.799,0.222,0.919,0
6.76,0.459,-0.295,-0.362,0.185,0.938,0
62.74,0.318,1.096,0.611,-1.318,0.833,0
8.42,0.868,1.928,-0.484,0.055,0.836,0
224.75,1.644,-1.348,0.678,0.668,0.851,0
170.89,0.892,-0.249,-0.801,-0.947,0.715,0
139.94,-1.441,-0.441,0.311,-0.208,0.942,0
73.54,-0.517,2.34,0.755,-0.197,0.736,0
51.07,-0.026,-2.162,1.256,-2.817,0.741,0
66.18,-0.701,-0.572,1.926,-1.103,0.911,0
101.67,-2.338,-0.615,1.484,-1.315,0.843,0
165.76,-0.061,0.069,0.343,-0.956,0.787,0
6.59,-0.26,0.371,0.177,0.349,0.921,0
24.12,0.126,-1.581,-0.531,-0.896,0.793,0
19.78,0.613,-0.627,0.225,0.061,0.796,0
15.74,0.865,0.15,0.549,1.272,0.791,0
71.35,0.271,-0.618,1.81,0.399,0.929,0
23.3,0.091,-1.718,0.863,-0.406,0.837,0
141.62,1.439,0.425,0.974,-0.492,0.78,0
72.14,-0.127,-1.485,-1.143,-0.891,0.98,0
19.83,0.66,-0.147,0.031,-0.175,0.845,0
180.66,0.249,-0.57,1.149,1.224,0.973,0
152.23,-0.037,-0.584,-1.616,-0.869,0.831,0
46.21,0.357,-0.05,2.323,-0.371,0.941,0
43.0,-1.927,-1.482,0.664,-0.195,0.94,0
14.81,-0.172,-0.937,0.24,-0.808,0.742,0
67.81,-0.182,2.025,-0.425,-0.132,0.945,0
210.85,-0.203,0.175,0.468,0.257,0.768,0
208.05,0.1,-0.214,-1.812,2.631,0.765,0
108.94,0.23,-1.346,-0.494,-1.482,0.767,0
62.46,0.388,0.682,-0.827,0.161,0.901,0
20.47,-0.689,0.789,-1.812,-1.005,0.949,0
16.5,-1.109,0.203,0.555,0.281,0.826,0
61.92,0.039,0.788,2.681,-0.424,0.9,0
14.61,-0.256,1.275,-0.808,-0.249,0.884,0
185.32,1.161,-0.437,1.263,-1.664,0.876,0
43.6,0.007,0.921,0.099,-0.007,0.843,0
21.7,1.362,0.057,0.682,0.654,0.905,0
29.93,-0.314,-0.26,2.098,0.597,0.858,0
9.47,0.037,1.686,0.039,2.208,0.843,0
21.02,-0.763,-0.495,-0.473,-0.711,0.871,0
85.08,0.403,-0.474,-0.683,0.742,0.784,0
241.34,0.541,0.891,-0.154,-0.787,0.862,0
22.64,2.167,-1.111,1.099,-0.676,0.944,0
38.23,-0.255,0.248,0.229,-0.674,0.837,0
207.71,-1.389,-0.892,-3.117,0.052,0.8,0
105.58,0.586,0.431,-0.752,1.537,0.896,0
59.93,-1.636,-0.269,-0.15,-0.041,0.852,0
64.78,0.455,0.024,-1.096,-1.89,0.805,0
141.17,2.604,0.868,0.342,0.394,0.738,0
111.37,-1.752,-0.551,-0.018,-0.648,0.803,0
29.62,1.036,0.748,0.171,0.587,0.793,0
29.05,0.311,-1.005,0.108,-1.263,0.871,0
35.08,1.027,-0.631,-1.52,-2.208,0.849,0
111.11,-0.608,-0.364,-1.913,0.62,0.828,0
93.5,2.383,-0.116,1.667,0.307,0.905,0
69.94,0.783,0.375,-1.941,-1.507,0.922,0
79.26,0.128,-0.591,-1.839,-0.784,0.726,0
75.3,-0.964,-0.051,1.448,0.685,0.923,0
205.41,0.551,-0.11,-0.411,0.738,0.746,0
53.59,1.443,-1.87,1.518,0.506,0.848,0
14.41,-0.429,0.808,0.788,0.461,0.826,0
229.26,1.762,1.224,-0.477,0.811,0.803,0
205.94,-0.338,1.215,-0.015,0.26,0.861,0
69.14,-0.527,-0.221,0.074,0.097,0.74,0
132.46,-1.266,1.754,0.612,-0.419,0.903,0
72.45,-0.788,0.211,-1.39,-0.118,0.76,0
97.03,-0.187,0.8,0.589,-1.158,0.953,0
122.27,0.108,1.089,-0.589,0.412,0.801,0
46.95,0.781,0.021,-0.463,-1.065,0.784,0
86.08,0.993,0.451,-1.458,0.126,0.852,0
73.84,-0.828,0.717,-1.416,-1.371,0.978,0
54.89,0.811,0.825,0.495,-1.614,0.959,0
59.8,0.443,0.182,0.329,0.313,0.865,0
45.96,-0.111,0.708,-2.306,1.661,0.864,0
59.05,2.119,-1.325,0.817,-1.017,0.729,0
1128.05,-4.459,3.09,-4.262,4.354,0.296,1
22.72,-0.204,-1.821,-0.434,1.66,0.786,0
56.74,0.814,-0.928,0.214,-0.172,0.935,0
297.2,1.762,-0.171,-1.145,-0.469,0.828,0
20.4,1.77,1.248,2.041,0.479,0.734,0
73.83,0.27,-0.13,0.779,-1.122,0.767,0
65.46,0.338,0.676,-1.622,-1.34,0.832,0
21.56,-1.397,1.378,0.436,0.599,0.877,0
43.49,0.65,-0.682,-1.542,-0.076,0.757,0
20.37,-0.705,0.721,-2.601,1.43,0.868,0
183.23,-0.144,1.083,-0.042,-0.278,0.876,0
74.35,-0.971,0.425,-1.086,0.502,0.918,0
40.2,-0.1,0.046,1.631,-0.733,0.766,0
139.82,1.196,1.787,-0.263,-2.194,0.873,0
59.36,-0.592,1.771,-0.606,-0.631,0.702,0
35.43,0.779,0.659,0.852,0.005,0.905,0
113.94,1.149,-0.624,1.034,-0.521,0.738,0
21.18,-0.998,-1.736,1.224,-0.702,0.728,0
41.78,-0.257,-0.506,1.279,-0.591,0.873,0
92.88,-0.474,0.32,0.519,0.842,0.867,0
192.41,-0.954,0.641,-0.237,-2.789,0.716,0
267.91,0.39,-0.734,-0.458,0.006,0.968,0
167.3,-1.554,0.139,-0.317,-0.877,0.774,0
65.06,0.076,0.471,0.305,0.789,0.838,0
168.91,1.095,-0.085,-0.699,-0.393,0.948,0
80.25,0.001,-0.674,1.444,-1.435,0.93,0
32.99,1.766,0.481,0.25,-0.291,0.876,0
258.85,-0.755,-0.309,-0.867,0.014,0.981,0
8.35,0.162,1.634,-0.597,-0.181,0.88,0
79.8,0.475,-0.254,-0.473,-1.843,0.858,0
13.98,-0.181,0.623,-0.195,-0.726,0.874,0
66.27,-0.317,0.139,0.847,-0.572,0.723,0
169.42,1.273,-1.579,-0.408,-0.311,0.791,0
66.4,1.353,0.414,1.123,1.613,0.819,0
59.58,1.146,-0.286,-1.133,0.576,0.958,0
171.54,2.464,-0.109,0.951,-0.988,0.873,0
38.39,0.546,-0.466,1.706,-1.764,0.953,0
174.35,-1.23,-0.543,-0.356,1.465,0.756,0
204.57,0.049,-0.193,-1.27,1.087,0.793,0
40.25,-0.4,0.163,-0.72,0.707,0.723,0
181.71,-0.283,1.053,0.505,1.791,0.947,0
37.17,-1.787,2.892,0.794,-0.296,0.748,0
18.76,1.84,0.899,-0.443,-1.239,0.975,0
29.07,1.196,0.839,0.706,-0.084,0.914,0
325.56,-0.833,5.352,-3.636,4.231,0.193,1
35.3,1.146,1.274,1.054,0.346,0.839,0
178.69,0.621,-0.205,-1.057,0.865,0.864,0
69.73,0.264,-1.048,-0.328,-0.136,0.975,0
92.19,0.363,0.777,0.197,-2.225,0.896,0
279.14,0.55,-0.361,0.224,0.556,0.97,0
48.12,0.07,0.157,-2.923,-1.144,0.864,0
18.75,1.272,-0.118,0.848,0.648,0.974,0
84.71,0.246,-0.142,0.391,1.447,0.902,0
224.4,-0.877,1.416,-1.407,-1.706,0.748,0
6.99,0.371,-0.881,1.089,-1.684,0.972,0
20.54,0.962,0.821,0.118,-2.1,0.854,0
31.48,-0.233,0.727,-0.068,-0.155,0.854,0
49.59,-0.649,-0.398,-1.07,-1.54,0.879,0
112.73,0.812,-0.217,-1.738,2.102,0.888,0
264.54,-0.359,-2.045,1.142,-1.058,0.94,0
116.72,0.334,0.47,1.346,-0.792,0.73,0
137.39,-1.84,0.286,1.251,1.376,0.761,0
7.62,1.857,-1.774,1.629,0.185,0.827,0
121.51,-0.531,-1.215,0.776,0.514,0.816,0
55.5,0.415,0.529,-0.987,-1.188,0.897,0
75.4,-0.495,-0.88,0.299,0.635,0.986,0
128.83,-0.364,2.025,0.902,-0.381,0.948,0
6.92,-1.592,1.319,1.192,-0.303,0.79,0
248.57,0.521,-1.025,-1.168,0.811,0.794,0
158.05,-0.749,1.148,-0.715,0.055,0.761,0
61.54,0.192,0.094,0.36,0.158,0.861,0
82.93,0.039,0.13,1.764,0.863,0.987,0
13.08,-1.229,0.949,1.243,1.618,0.745,0
24.69,-0.942,0.308,0.733,-0.513,0.795,0
61.91,1.509,-1.565,0.375,0.238,0.965,0
132.41,-1.012,-0.328,0.969,1.265,0.713,0
158.98,-0.421,-1.56,-0.779,1.853,0.828,0
10.77,1.416,-0.527,-0.166,0.794,0.823,0
108.09,1.392,-0.282,-0.886,0.25,0.882,0
22.57,3.15,1.106,-0.105,1.052,0.781,0
27.32,-0.077,0.088,-1.293,-0.306,0.924,0
59.67,-1.293,-1.386,0.176,1.151,0.908,0
198.24,-0.289,0.676,0.827,-0.257,0.78,0
32.11,0.879,-1.544,1.677,-0.456,0.96,0
100.32,-0.684,-0.46,0.132,-0.854,0.733,0
17.7,-1.068,-0.978,1.209,0.398,0.921,0
30.88,-0.738,-1.95,0.697,1.646,0.792,0
73.6,-0.024,-0.275,0.378,-0.847,0.762,0
53.21,0.222,-1.383,0.437,-0.751,0.72,0
14.73,-3.141,0.794,0.494,1.353,0.832,0
42.43,0.132,0.572,-1.463,0.431,0.714,0
251.83,-0.572,-1.855,-0.751,0.514,0.864,0
36.87,0.283,-0.254,-1.635,-1.555,0.749,0
46.05,-0.334,0.906,-0.273,-0.3,0.95,0
47.4,1.293,0.422,0.137,0.23,0.871,0
129.62,1.522,-0.419,-1.336,-0.669,0.911,0
51.25,0.736,-0.637,0.808,-0.13,0.831,0
120.92,-1.539,-0.187,-0.333,-1.343,0.919,0
83.97,-1.122,0.973,-0.607,-0.025,0.937,0
395.53,-0.13,-0.025,0.473,-1.024,0.878,0
136.8,0.836,-0.78,-1.115,1.183,0.858,0
18.54,1.019,-0.127,1.17,-0.272,0.871,0
23.11,0.198,2.688,-0.945,-0.252,0.821,0
11.42,-0.183,-0.872,0.468,-0.214,0.809,0
125.55,1.861,0.276,1.271,0.115,0.806,0
13.98,-1.387,-0.112,0.172,0.046,0.835,0
149.58,-1.894,3.544,-0.691,0.969,0.858,0
26.54,-0.795,-2.823,-0.283,-0.05,0.95,0
21.28,-0.27,0.069,0.17,-0.035,0.729,0
51.84,0.594,-0.283,-0.364,0.512,0.724,0
88.86,1.251,-1.189,-1.031,0.668,0.949,0
10.13,1.751,-0.577,0.413,-1.192,0.911,0
37.09,0.366,1.163,1.086,-2.09,0.867,0
20.38,-1.697,-1.054,1.427,-0.542,0.84,0
244.59,-0.68,-1.664,0.233,1.455,0.859,0
9.66,-1.52,-0.672,0.341,0.744,0.799,0
71.66,-0.457,-0.967,-0.309,-0.111,0.873,0
169.03,1.418,-0.7,-1.417,1.455,0.741,0
110.02,0.438,0.835,0.119,-0.729,0.919,0
14.96,0.199,1.212,-0.276,-0.964,0.947,0
206.21,2.577,0.174,0.834,0.522,0.735,0
146.19,-2.804,-1.063,0.329,-2.719,0.974,0
72.53,0.833,0.598,0.958,1.606,0.864,0
172.69,-0.135,0.115,-0.275,1.118,0.774,0
178.27,1.324,-0.292,-0.946,-0.011,0.919,0
32.46,-0.845,-0.115,0.94,-0.712,0.744,0
93.55,0.244,0.567,-0.042,0.034,0.773,0
196.2,0.89,1.371,-0.926,1.767,0.713,0
135.43,-0.303,1.994,-0.29,0.707,0.785,0
180.27,0.073,1.44,-0.322,-0.418,0.89,0
46.33,-0.481,1.2,-0.601,1.169,0.748,0
7.89,0.807,-0.228,-0.734,-0.653,0.981,0
7.15,-0.666,1.065,0.16,-1.115,0.779,0
10.73,-2.139,-0.197,0.723,-0.138,0.964,0
111.9,-0.343,0.731,1.457,-1.524,0.881,0
60.86,0.171,-0.035,-0.258,1.274,0.911,0
31.7,-0.277,-0.75,-0.231,-0.046,0.936,0
42.83,-0.742,0.14,0.537,0.13,0.99,0
44.52,0.772,-0.434,0.623,0.652,0.803,0
77.59,0.509,0.901,-0.411,-0.548,0.963,0
8.2,-0.701,-1.032,0.666,2.282,0.763,0
20.25,0.015,-1.602,-0.696,-0.057,0.911,0
38.89,-1.294,0.901,1.469,0.382,0.969,0
30.72,-0.441,-2.036,-0.979,-0.011,0.8,0
18.65,0.479,0.145,1.058,0.294,0.734,0
104.43,-1.331,-0.413,-0.727,-0.167,0.902,0
29.76,-0.731,-0.364,-0.02,1.123,0.866,0
76.63,-1.282,-0.373,-0.563,0.37,0.73,0
110.26,-0.662,-0.997,-2.654,-1.298,0.905,0
88.02,1.348,0.909,-1.012,-1.181,0.827,0
36.23,0.087,-1.008,0.431,0.652,0.763,0
48.32,1.381,0.035,1.941,0.092,0.732,0
75.81,-0.424,-1.559,-1.344,0.741,0.715,0
5.87,-0.283,-0.423,-0.74,-0.386,0.858,0
170.89,-1.18,1.03,1.725,0.495,0.911,0
98.35,-1.657,1.864,1.099,0.489,0.702,0
415.37,-0.125,-1.337,-0.331,0.448,0.838,0
17.09,-1.184,-0.385,-1.353,-1.458,0.988,0
452.24,0.34,-0.58,-0.486,-0.633,0.85,0
76.68,0.715,-0.775,0.505,-0.228,0.89,0
53.73,0.573,0.522,-0.972,-1.27,0.971,0
20.3,-0.058,-0.574,0.613,0.679,0.967,0
69.76,0.193,-0.872,-0.198,0.136,0.75,0
6.05,0.929,0.225,-0.571,0.966,0.982,0
33.87,0.381,1.546,0.087,-1.037,0.803,0
138.56,0.295,0.186,0.046,-0.17,0.883,0
373.58,-1.652,-1.002,1.122,0.429,0.972,0
143.14,1.909,-1.038,-0.031,1.163,0.763,0
20.81,-0.293,-0.445,0.532,-1.78,0.815,0
100.45,-2.117,-0.01,-0.377,-0.178,0.96,0
105.05,1.687,-0.69,0.774,0.709,0.839,0
52.76,-1.287,0.448,0.338,0.358,0.767,0
13.81,-0.029,-0.401,0.777,-1.07,0.864,0
11.86,-0.368,-1.109,0.532,-0.572,0.821,0
13.34,-0.893,-0.034,-0.36,-0.513,0.949,0
224.73,-0.506,0.996,0.369,-1.709,0.909,0
431.41,0.883,0.517,0.458,0.888,0.977,0
65.81,-0.464,0.848,0.218,-1.377,0.831,0
183.65,-0.268,-0.443,-0.369,0.23,0.793,0
46.62,-1.064,0.382,-0.162,1.113,0.966,0
58.62,-0.693,-0.435,0.01,-0.147,0.731,0
47.26,-1.586,0.631,0.519,-0.614,0.975,0
14.0,0.379,-0.166,1.106,-1.312,0.723,0
28.59,0.161,1.537,-0.124,0.743,0.952,0
55.65,0.753,-0.333,-0.405,0.487,0.881,0
11.41,-0.356,0.368,-0.161,-0.693,0.867,0
918.7,-3.58,4.956,-6.805,6.826,0.174,1
64.33,1.197,-0.751,1.044,0.122,0.858,0
28.13,0.188,1.152,0.522,-1.239,0.804,0
163.14,1.72,-0.355,-0.211,-0.822,0.985,0
145.48,-0.499,-0.763,1.176,-1.332,0.92,0
122.67,1.378,0.044,-1.027,-0.172,0.864,0
263.64,0.367,1.365,0.582,0.198,0.824,0
39.22,-0.405,-1.977,-1.109,-0.268,0.978,0
49.03,-0.205,0.248,-0.418,0.042,0.922,0
78.92,-0.515,0.144,0.869,-1.44,0.864,0
85.51,-1.711,0.371,-0.564,-0.397,0.946,0
86.46,-0.466,-0.452,0.372,0.572,0.891,0
49.4,-0.643,0.965,0.452,0.606,0.786,0
52.27,-0.021,-0.017,-0.958,0.918,0.938,0
466.39,-0.052,-0.809,0.585,0.612,0.92,0
41.49,2.243,-1.09,-0.184,0.337,0.987,0
99.3,2.28,-0.734,-0.94,-0.946,0.733,0
15.29,1.221,-0.708,-0.85,0.231,0.947,0
83.18,0.092,0.249,-0.105,-1.304,0.888,0
7.44,-0.444,-1.564,-1.135,-0.039,0.895,0
82.07,-0.184,-0.717,-0.373,-1.046,0.882,0
72.35,-0.693,-1.192,1.006,0.318,0.918,0
73.52,-1.366,-1.394,-0.162,0.063,0.876,0
61.37,-0.31,-0.551,0.124,0.971,0.82,0
11.41,0.999,1.055,0.218,2.418,0.826,0
81.47,-1.692,0.796,1.365,-0.225,0.747,0
34.45,-1.168,1.136,-0.381,0.302,0.921,0
11.02,-1.826,1.002,0.588,-1.345,0.848,0
411.24,-0.45,-2.903,-0.66,0.302,0.795,0
11.65,1.497,-0.078,-2.097,-0.185,0.724,0
72.93,0.735,-1.462,-0.138,-1.474,0.981,0
130.59,-0.296,0.708,-0.162,-0.22,0.981,0
98.69,0.694,0.7,1.422,0.168,0.873,0
37.1,1.35,2.462,1.452,-0.49,0.729,0
132.49,-0.407,-0.113,1.286,-1.589,0.735,0
224.09,-1.003,1.219,1.454,-0.659,0.874,0
99.66,-0.268,-2.435,-1.668,-0.658,0.922,0
127.74,-0.466,-0.231,-0.032,-0.219,0.819,0
383.75,-1.674,-0.208,-0.023,0.99,0.874,0
13.55,0.563,-0.148,-1.755,1.01,0.881,0
210.06,0.04,-1.781,0.775,1.486,0.897,0
41.78,1.131,-1.143,-0.394,-1.395,0.755,0
5.71,-0.065,0.448,-1.32,0.386,0.929,0
135.14,0.455,-1.228,-0.121,0.352,0.731,0
22.74,1.461,0.002,0.426,-0.932,0.794,0
40.47,-0.42,2.062,-0.402,0.365,0.929,0
10.64,0.557,-1.092,-0.435,0.624,0.795,0
70.47,0.594,-0.551,-0.525,0.405,0.835,0
131.73,1.179,-1.441,0.131,-0.541,0.744,0
155.91,-1.341,-0.887,-1.643,-1.307,0.783,0
211.35,0.231,1.816,-0.296,0.634,0.867,0
64.05,-3.018,-0.718,0.654,-0.753,0.831,0
275.51,0.865,-1.132,0.173,0.466,0.953,0
154.37,1.202,-1.68,0.125,-1.209,0.767,0
120.73,-2.472,0.781,-0.268,0.357,0.982,0
18.1,1.427,0.371,0.169,-0.047,0.826,0
18.86,1.974,-0.375,-0.156,1.257,0.872,0
31.44,-1.589,0.399,-0.022,0.612,0.796,0
22.02,0.664,-0.51,0.756,0.209,0.767,0
15.98,0.004,-0.22,0.73,-0.371,0.927,0
6.32,-0.573,0.91,-0.422,-0.54,0.836,0
52.02,-0.839,-0.54,-0.722,0.983,0.771,0
25.87,0.156,-1.102,1.564,0.802,0.897,0
34.39,1.222,-1.142,-1.165,-0.61,0.809,0
31.99,-0.4,0.504,0.081,-0.148,0.761,0
47.5,0.592,0.569,-0.617,-1.101,0.739,0
11.55,1.556,0.247,0.397,0.44,0.705,0
22.58,-1.202,1.499,-0.403,0.822,0.987,0
19.59,1.458,0.081,-1.181,-2.493,0.986,0
52.08,-0.581,0.136,0.43,0.994,0.817,0
6.39,-0.179,0.034,-0.513,-0.518,0.889,0
9.69,-0.847,-0.451,1.809,0.896,0.909,0
30.05,0.627,-0.104,-0.708,-0.822,0.729,0
84.08,1.097,1.381,-0.043,1.139,0.739,0
34.04,1.1,1.58,1.963,0.333,0.885,0
186.17,1.403,0.433,0.805,-1.135,0.962,0
46.42,0.724,0.899,0.121,-0.652,0.738,0
295.78,-0.059,0.047,0.242,-0.968,0.8,0
8.02,-2.242,0.833,0.164,0.265,0.939,0
25.74,-0.832,-0.675,0.628,0.357,0.885,0
46.69,-0.758,-0.133,1.747,-2.06,0.862,0
32.61,-2.479,-2.043,1.175,-0.409,0.831,0
83.66,-0.318,0.541,0.472,-0.255,0.888,0
12.25,1.377,0.763,-0.632,-0.992,0.77,0
42.77,0.147,0.814,-0.071,1.72,0.708,0
10.64,1.775,0.308,0.702,-0.9,0.935,0
50.12,-0.579,1.487,1.113,0.752,0.988,0
41.02,-1.173,-0.312,0.644,-0.986,0.966,0
47.66,-0.568,-0.846,-1.801,-0.387,0.768,0
118.2,0.018,-0.224,-0.667,0.838,0.875,0
98.95,-0.696,1.992,1.001,-0.457,0.92,0
37.94,0.174,-0.851,-0.148,-0.407,0.918,0
34.63,0.782,0.839,0.825,-0.916,0.917,0
48.06,0.108,-1.47,0.217,0.655,0.75,0
102.59,1.887,-1.501,0.111,1.737,0.936,0
113.86,-1.053,0.347,-0.037,-1.13,0.775,0
124.39,-0.701,0.433,-0.143,0.169,0.931,0
56.9,-0.925,-0.465,0.481,-0.988,0.86,0
16.07,0.867,0.998,0.092,-0.672,0.725,0
203.96,0.276,0.566,0.262,1.234,0.789,0
25.88,1.095,-1.473,-0.539,-0.732,0.836,0
27.55,0.746,0.156,0.8,1.192,0.869,0
61.89,-0.345,-0.213,-0.708,0.545,0.808,0
7.44,-0.205,-0.228,0.158,-0.45,0.943,0
44.72,-0.294,0.384,-0.889,-0.445,0.88,0
51.28,1.375,0.595,2.151,0.77,0.971,0
35.2,1.361,-0.88,-1.173,0.406,0.809,0
58.62,-1.243,-0.311,0.048,0.078,0.84,0
101.87,0.278,-1.626,-0.031,0.334,0.804,0
34.44,0.489,-0.546,-0.103,0.541,0.976,0
152.57,2.037,-0.222,1.769,-1.959,0.717,0
106.29,-0.532,0.658,-0.215,-2.025,0.873,0
33.8,-1.637,0.749,0.125,-0.17,0.979,0
52.33,-1.177,0.042,-1.14,0.164,0.877,0
235.09,0.609,-0.7,-0.062,-0.238,0.732,0
41.94,-0.432,-1.113,-1.694,-0.701,0.89,0
218.48,-1.257,-0.406,0.692,-0.448,0.866,0
56.59,-0.167,-1.164,0.171,-0.086,0.956,0
12.45,-1.541,0.093,0.984,-0.233,0.853,0
39.58,0.603,-0.586,-0.579,2.258,0.763,0
39.58,0.025,0.575,0.532,-2.468,0.926,0
40.33,0.327,-1.236,1.242,0.965,0.956,0
44.43,2.0,-1.054,0.555,1.986,0.76,0
124.6,0.239,1.37,-1.016,-0.03,0.724,0
40.26,0.242,-0.101,0.643,1.141,0.85,0
20.57,-0.053,0.203,-0.015,-0.981,0.953,0
190.55,1.455,1.881,0.547,0.598,0.958,0
73.39,-2.443,-0.004,-0.573,0.146,0.847,0
179.0,-0.36,-1.403,-0.109,0.672,0.804,0
54.37,2.274,0.335,-0.222,1.391,0.937,0
69.85,1.246,-1.275,0.46,1.725,0.716,0
20.83,-0.999,-0.986,-0.817,0.89,0.79,0
68.8,0.341,-0.252,-0.112,-0.837,0.946,0
86.32,-0.642,-1.682,-0.303,0.756,0.989,0
5.3,-0.421,-1.498,0.763,1.415,0.769,0
64.48,-0.318,0.152,-0.81,0.583,0.848,0
13.32,-0.228,0.616,-0.014,-0.196,0.707,0
208.45,-0.803,0.035,-0.26,-0.871,0.973,0
105.35,-0.338,0.932,0.264,-1.284,0.885,0
119.31,1.002,0.401,-2.338,1.093,0.983,0
79.17,0.54,1.936,-0.546,-0.52,0.774,0
35.92,-1.052,-1.852,0.427,1.988,0.829,0
90.54,-0.272,1.233,0.432,0.135,0.943,0
52.19,-1.073,0.481,0.345,0.043,0.85,0
228.22,-0.535,0.093,-1.592,0.613,0.709,0
151.16,0.868,-0.657,-0.895,-0.62,0.982,0
43.15,1.615,1.489,0.832,0.121,0.896,0
48.95,-0.248,0.281,0.627,0.062,0.881,0
149.34,0.989,0.447,-0.038,0.074,0.749,0
61.24,-1.001,0.741,-1.259,-0.404,0.803,0
20.82,-0.155,-0.406,-1.428,-0.186,0.787,0
24.06,0.741,0.955,-1.311,1.569,0.964,0
301.74,-0.51,-0.601,-0.892,0.056,0.827,0
79.1,-2.057,0.269,0.569,0.053,0.76,0
95.42,-0.945,0.124,1.758,0.561,0.759,0
98.79,0.422,-1.182,1.768,-1.012,0.989,0
241.1,-0.796,-1.473,0.086,0.044,0.877,0
111.95,-0.791,0.873,-1.244,-0.718,0.718,0
21.82,0.118,-1.132,1.065,2.279,0.729,0
37.63,-0.13,-0.557,0.262,-1.322,0.901,0
69.56,-2.002,-1.169,-0.445,0.542,0.913,0
125.42,-1.692,-0.674,-0.9,-0.065,0.713,0
15.06,0.018,-1.369,-0.44,0.581,0.971,0
268.42,-0.628,-0.2,1.697,1.99,0.946,0
2533.65,-6.742,4.405,-1.3,4.57,0.38,1
64.7,0.218,0.709,-0.21,0.204,0.948,0
100.57,-0.432,-0.459,-1.927,-0.387,0.893,0
160.57,-0.997,-1.904,-0.142,0.924,0.768,0
50.12,-0.59,0.326,1.242,-0.257,0.707,0
100.62,1.055,0.944,-1.177,1.251,0.749,0
78.89,1.761,-0.126,-1.943,-0.706,0.785,0
25.19,-0.445,-0.257,-0.295,-0.097,0.754,0
121.74,1.181,-1.225,0.615,1.643,0.978,0
6.84,-0.177,0.193,-0.968,-0.512,0.874,0
110.86,0.419,-1.938,-0.716,1.739,0.948,0
130.5,0.171,-0.613,0.333,-1.53,0.977,0
184.56,-1.605,-0.735,0.192,-1.57,0.733,0
72.74,-0.86,1.3,0.037,-0.904,0.762,0
70.35,0.382,1.107,0.662,2.158,0.969,0
233.38,-1.938,0.127,-1.344,-0.173,0.885,0
63.93,-0.06,-0.078,1.005,-0.053,0.864,0
102.26,0.829,-1.868,1.985,-0.656,0.715,0
62.79,-1.024,-1.202,0.103,-1.97,0.95,0
50.82,0.632,0.432,-0.895,-1.586,0.803,0
157.06,-0.083,-0.198,0.672,1.843,0.827,0
71.0,-0.309,-1.347,0.938,0.004,0.776,0
177.01,-1.039,-0.868,-1.533,-1.264,0.808,0
37.57,-1.092,0.394,0.355,0.393,0.838,0
167.82,-0.781,2.211,0.906,0.152,0.981,0
90.54,-0.202,0.128,0.499,-0.727,0.825,0
55.19,0.888,-1.583,0.465,-1.154,0.75,0
10.61,-1.138,-0.718,0.194,-1.289,0.84,0
8.99,-1.21,1.428,-1.723,-0.218,0.8,0
94.0,-0.11,0.133,-0.807,-0.077,0.978,0
184.51,0.561,-0.467,0.764,0.393,0.931,0
41.16,-0.741,0.856,-0.723,-0.316,0.971,0
34.23,-2.413,0.458,-0.102,0.286,0.926,0
169.38,-2.007,-1.061,0.333,0.2,0.919,0
26.9,-0.256,0.886,1.21,0.278,0.755,0
135.46,0.892,0.218,-0.295,-1.219,0.942,0
6.65,-0.485,-1.109,0.761,1.22,0.869,0
69.16,-0.46,0.597,-1.181,-0.197,0.873,0
29.51,-0.355,-2.055,-0.685,1.793,0.951,0
105.84,0.126,-0.182,0.016,0.245,0.898,0
28.03,1.122,-0.197,-0.523,-0.742,0.829,0
110.88,0.653,-0.19,-0.244,-0.765,0.906,0
26.77,-0.993,0.463,0.091,0.753,0.931,0
232.0,-3.712,8.865,-6.737,7.301,0.421,1
30.29,-0.604,-1.569,-0.528,-0.366,0.949,0
74.45,0.191,0.208,0.384,-1.755,0.724,0
214.79,-1.663,-1.497,-0.373,-1.872,0.773,0
44.93,0.488,0.438,-0.301,-1.9,0.953,0
9.6,-0.237,0.329,0.811,1.753,0.86,0
171.73,-0.285,-0.743,1.356,0.167,0.763,0
143.06,-1.241,-0.4,-0.303,0.192,0.849,0
10.61,1.178,-1.673,-2.117,1.246,0.824,0
26.86,0.608,-0.059,-0.073,0.072,0.709,0
235.43,2.519,1.781,-0.694,1.051,0.84,0
299.35,-0.908,0.451,-0.306,-0.38,0.922,0
34.76,-0.768,-0.762,0.778,-0.144,0.955,0
56.89,1.314,-2.128,-0.129,-1.41,0.843,0
6.58,-0.355,-1.025,-1.076,0.728,0.823,0
74.27,-0.328,0.732,-0.033,-1.114,0.917,0
14.89,-0.307,-0.048,-0.019,-0.524,0.786,0
163.53,-1.005,2.23,-0.078,-2.6,0.712,0
194.8,1.255,1.252,0.457,0.632,0.83,0
85.66,0.133,1.97,2.182,-0.366,0.862,0
514.7,-1.257,5.586,-4.433,6.993,0.323,1
55.74,2.061,1.363,-0.072,0.244,0.814,0
24.16,0.621,-1.427,-0.298,1.945,0.954,0
54.86,0.567,-0.308,-0.155,0.167,0.708,0
13.02,-2.051,0.947,-0.118,0.982,0.791,0
245.89,0.198,0.201,1.476,0.063,0.752,0
77.38,-0.047,1.454,0.429,-1.081,0.725,0
254.47,-0.974,-0.741,1.0,0.877,0.845,0
59.73,0.148,-0.962,-0.39,1.331,0.744,0
135.79,-0.187,-0.228,0.282,-1.43,0.928,0
37.07,-0.073,-0.85,-0.809,0.721,0.764,0
255.05,-0.518,0.511,-0.627,-1.13,0.792,0
271.53,0.685,0.884,-0.358,0.349,0.953,0
32.01,0.233,-0.624,-0.708,0.269,0.792,0
2271.06,-1.757,5.822,-5.932,2.727,0.144,1
23.2,-1.817,0.79,-0.456,0.462,0.835,0
6.17,-0.685,-0.028,-0.871,-0.021,0.872,0
125.87,0.291,-1.32,0.567,0.664,0.933,0
184.74,-0.14,0.649,1.397,0.331,0.902,0
464.7,-0.972,-0.895,0.726,-0.964,0.725,0
120.03,-1.072,0.832,0.707,-1.356,0.921,0
182.77,0.837,0.167,1.427,-0.127,0.737,0
47.85,-0.934,-1.024,0.218,-0.269,0.703,0
36.85,0.331,-1.209,-0.856,-0.873,0.842,0
94.89,-0.066,-0.077,1.553,-1.613,0.77,0
62.31,-2.38,-0.734,0.412,-0.798,0.988,0
47.81,0.396,0.106,-0.139,1.265,0.914,0
16.66,-1.803,0.099,-0.257,-1.182,0.738,0
107.05,1.732,-2.434,0.248,0.043,0.728,0
33.6,0.069,1.062,-1.672,-0.806,0.786,0
214.25,-2.986,5.261,-3.522,4.747,0.153,1
86.81,1.484,-0.21,1.033,-1.376,0.956,0
48.73,0.028,-0.754,1.31,-1.171,0.976,0
61.51,2.096,-0.458,-0.276,-0.445,0.967,0
99.22,1.093,0.756,-0.497,0.813,0.97,0
73.43,0.802,1.63,-0.355,-0.546,0.936,0
86.93,0.058,1.248,0.69,-0.201,0.711,0
169.8,0.563,-0.435,0.239,-1.073,0.958,0
59.53,0.767,0.621,0.287,0.16,0.83,0
21.16,0.183,-1.124,-1.752,1.129,0.959,0
11.19,0.051,0.21,0.556,-0.982,0.921,0
52.68,-0.489,-0.266,-0.669,-0.741,0.966,0
11.91,1.105,-2.477,-0.457,0.225,0.817,0
93.41,-1.306,-0.86,0.702,0.125,0.71,0
129.64,-1.443,0.1,1.551,0.264,0.96,0
137.54,0.415,-1.267,-0.232,-0.18,0.944,0
30.42,-0.634,-0.36,-1.26,0.378,0.805,0
173.35,0.807,-0.147,-2.527,-0.052,0.918,0
11.46,0.253,-0.684,1.471,-0.066,0.966,0
46.79,0.019,2.566,-0.21,0.352,0.924,0
31.22,0.309,-0.339,-0.872,-1.309,0.763,0
79.86,1.308,-1.263,-0.178,-0.882,0.936,0
191.22,0.445,-1.526,-0.764,0.971,0.819,0
68.09,0.377,-1.032,-0.592,-0.227,0.756,0
210.88,1.557,-1.043,-1.404,0.45,0.946,0
62.56,-0.353,1.211,0.016,0.529,0.837,0
124.71,1.045,-0.614,0.228,-1.445,0.752,0
41.28,1.221,1.739,-0.355,-0.773,0.863,0
22.62,-0.602,-0.549,1.63,-0.296,0.782,0
6.71,0.587,0.053,-1.355,-1.845,0.981,0
105.82,0.488,1.704,0.315,0.624,0.913,0
34.16,1.003,-0.696,0.545,-1.766,0.772,0
149.35,-1.227,0.403,-1.772,0.342,0.794,0
41.82,0.06,-0.173,1.457,-1.285,0.803,0
100.21,0.919,1.106,0.321,-0.791,0.781,0
7.48,-1.523,-1.952,1.852,-0.297,0.79,0
37.19,0.168,-0.395,-1.919,0.865,0.905,0
70.52,1.141,-3.098,1.417,1.207,0.784,0
17.89,0.412,-1.014,-0.243,1.0,0.749,0
125.11,1.023,0.303,0.269,-0.515,0.72,0
63.3,-1.941,-0.28,-0.122,0.137,0.802,0
131.48,-0.368,0.766,-0.753,0.154,0.775,0
13.41,0.758,-0.373,0.791,-1.952,0.826,0
57.21,-1.166,1.857,-0.018,-0.721,0.936,0
13.84,0.783,0.924,-1.221,2.498,0.958,0
128.71,0.497,0.495,-0.621,2.113,0.951,0
226.32,-0.285,0.958,-0.475,-0.652,0.842,0
107.76,-0.034,0.284,2.602,2.169,0.856,0
66.99,-0.945,0.656,0.076,-1.769,0.751,0
144.48,1.534,-0.395,-0.452,1.533,0.989,0
13.7,-0.065,1.163,0.424,0.438,0.966,0
35.06,-0.131,-0.804,-0.104,1.288,0.94,0
116.19,0.001,-1.938,-1.221,-0.289,0.804,0
23.22,-0.561,-0.53,1.437,-0.053,0.865,0
195.13,1.416,1.021,-0.592,1.962,0.9,0
11.14,0.377,0.488,0.796,-0.757,0.704,0
25.82,0.712,0.581,0.0,-0.19,0.904,0
19.36,-0.66,0.238,-0.101,-1.334,0.89,0
18.4,-0.524,-0.558,-0.764,-0.73,0.815,0
95.16,1.473,-0.331,-0.654,0.384,0.714,0
183.78,0.053,-0.197,0.22,0.037,0.957,0
49.97,-1.447,-0.915,-0.788,-1.058,0.979,0
78.43,-1.963,-0.474,-0.322,-0.286,0.974,0
372.91,-1.285,-0.313,-0.911,-0.334,0.832,0
31.95,-0.719,-0.262,0.301,-0.045,0.795,0
182.73,0.619,1.125,0.274,-0.021,0.923,0
283.13,0.414,0.309,1.001,0.794,0.852,0
224.31,0.341,0.323,-1.207,1.069,0.71,0
238.2,-1.669,0.712,0.267,-0.284,0.943,0
148.2,-1.308,1.416,0.072,2.315,0.853,0
227.14,-0.69,-0.111,0.15,1.465,0.708,0
8.51,1.227,0.451,1.769,-2.016,0.932,0
85.15,0.547,-1.333,1.389,0.761,0.88,0
300.94,1.994,0.445,-0.242,-0.811,0.923,0
109.32,0.057,-0.558,1.33,-0.887,0.828,0
95.52,-1.278,-1.15,-1.11,-0.237,0.941,0
41.45,0.882,-0.224,3.103,-0.237,0.977,0
190.13,-0.104,-1.277,-0.081,0.297,0.808,0
23.44,0.327,-0.525,-0.734,0.782,0.712,0
364.49,-1.282,-1.088,0.177,0.846,0.762,0
191.92,-0.305,1.01,0.859,0.05,0.982,0
30.84,-0.278,0.035,-0.727,-0.15,0.818,0
8.46,-0.454,0.524,0.818,-0.38,0.916,0
26.01,0.185,-0.367,1.376,-0.565,0.829,0
41.1,1.618,-0.318,-0.515,0.027,0.836,0
189.05,0.591,-0.189,0.599,0.18,0.92,0
14.28,-0.543,-1.378,-0.02,-1.289,0.837,0
271.01,1.423,-0.33,-0.02,-1.47,0.801,0
48.4,1.077,-0.46,1.327,-2.681,0.985,0
10.26,1.548,-0.068,0.34,-1.063,0.769,0
176.74,-1.194,-1.208,-1.225,0.38,0.783,0
50.81,0.369,-2.173,1.329,1.986,0.89,0
36.26,0.349,-0.5,-0.453,0.654,0.818,0
63.67,2.073,0.433,-0.052,-0.718,0.94,0
56.0,0.262,0.375,-1.249,-0.35,0.973,0
69.6,-0.416,0.928,-1.144,0.07,0.764,0
60.9,-0.048,-0.583,1.414,-0.41,0.803,0
349.11,0.351,-1.231,0.237,-0.415,0.988,0
150.35,-0.776,2.834,-0.353,-0.212,0.779,0
129.16,0.403,0.51,0.245,2.296,0.906,0
47.13,0.472,0.909,0.341,1.878,0.957,0
29.68,1.305,-0.559,1.0,-0.019,0.8,0
44.18,-0.091,0.991,-2.079,0.2,0.78,0
95.69,-0.634,0.572,0.849,1.604,0.754,0
32.12,1.653,-0.755,0.507,2.183,0.923,0
688.35,-1.583,5.145,-3.854,3.42,0.296,1
151.88,-1.478,0.243,-2.17,0.714,0.902,0
59.9,0.49,0.924,-1.049,0.685,0.985,0
161.66,-0.641,1.091,-1.118,0.11,0.856,0
18.4,2.022,0.721,-0.033,-2.462,0.954,0
14.77,-0.536,0.475,-0.511,1.427,0.953,0
68.23,0.205,-0.276,-0.471,-1.012,0.921,0
267.15,1.097,-0.428,0.522,-0.526,0.891,0
23.2,-0.747,-0.4,-1.249,-0.493,0.887,0
447.33,0.024,-0.287,0.818,0.146,0.847,0
71.69,-1.735,-0.213,-0.126,-0.614,0.715,0
72.97,0.333,-1.909,1.144,-1.578,0.728,0
42.22,0.306,-0.183,0.252,1.111,0.851,0
231.92,0.46,1.96,0.804,-0.294,0.872,0
144.35,-0.963,-0.181,-1.472,-2.285,0.86,0
14.48,0.126,-1.412,-2.379,1.471,0.924,0
66.8,1.499,0.735,0.059,-0.398,0.956,0
6.49,0.719,-0.16,-0.59,-2.098,0.985,0
23.9,-0.083,1.097,1.259,0.053,0.914,0
31.19,-0.015,-0.366,-1.456,2.104,0.925,0
119.44,-0.863,0.08,-0.081,0.782,0.805,0
89.41,-1.075,0.646,-0.508,0.815,0.754,0
49.33,-1.759,0.484,0.509,0.97,0.982,0
30.0,0.328,-3.757,0.503,-1.457,0.829,0
55.31,-2.08,0.279,-0.731,-1.519,0.738,0
65.23,0.981,1.45,-0.218,1.377,0.851,0
146.34,1.733,-0.622,-1.955,-1.554,0.92,0
21.33,-1.155,-0.676,-1.249,-0.653,0.868,0
141.03,-0.577,1.22,0.026,0.134,0.816,0
158.43,0.916,0.845,-0.146,-1.396,0.95,0
64.61,0.82,1.71,-0.49,0.779,0.867,0
16.18,1.105,0.906,0.103,-0.268,0.82,0
16.26,-1.31,-0.343,-1.806,-1.319,0.914,0
131.49,-0.289,0.065,0.199,0.46,0.71,0
150.21,0.353,-1.337,-2.443,-1.017,0.958,0
53.88,0.234,0.534,-0.897,-0.071,0.929,0
11.67,0.065,-0.756,-1.07,-0.227,0.747,0
11.8,0.661,-0.905,-0.208,1.355,0.847,0
7.82,-0.106,-0.188,1.668,0.306,0.875,0
47.31,0.275,-0.374,1.349,-0.779,0.849,0
119.06,1.006,3.068,0.18,-0.097,0.833,0
16.6,-1.036,-0.187,2.895,0.12,0.798,0
11.32,-0.412,1.048,-0.09,1.609,0.758,0
16.29,-0.897,-0.383,-1.734,-2.13,0.787,0
77.01,0.406,-0.5,0.94,-1.723,0.908,0
191.88,0.363,1.124,0.07,-2.448,0.923,0
183.5,-0.245,-0.842,-0.361,1.458,0.796,0
50.04,-1.468,-0.035,1.671,2.205,0.76,0
106.02,-0.875,0.876,1.332,-0.642,0.831,0
139.02,0.714,1.145,-1.482,0.451,0.816,0
125.71,-1.057,0.495,0.133,-0.327,0.773,0
63.86,0.404,1.593,-0.715,-0.828,0.864,0
64.59,1.1,-0.094,0.04,1.199,0.905,0
23.2,-1.117,0.925,-0.294,0.201,0.956,0
35.83,-0.175,2.158,1.419,-1.304,0.975,0
8.58,0.191,0.735,-0.458,1.212,0.837,0
177.67,0.981,-2.411,1.358,0.887,0.869,0
18.15,-2.026,-0.763,1.096,-0.013,0.925,0
12.46,-0.071,0.987,-0.619,0.419,0.895,0
27.92,-0.321,-0.041,-0.362,-0.236,0.901,0
7.5,-1.005,0.329,0.555,-1.331,0.708,0
233.24,-0.596,0.03,-0.599,-0.223,0.814,0
99.22,-2.312,-0.599,-0.328,-0.49,0.729,0
145.05,0.269,-1.028,-1.175,-0.674,0.885,0
56.91,1.552,-1.67,-1.93,-0.086,0.862,0
99.11,-0.033,-0.456,1.077,0.178,0.956,0
11.16,1.732,-1.688,0.424,-0.563,0.916,0
203.61,0.51,0.978,1.39,1.952,0.71,0
374.25,-5.339,4.983,-3.798,2.012,0.237,1
170.92,-1.256,-0.848,-0.943,-0.925,0.938,0
110.42,1.699,-0.698,0.343,-0.647,0.947,0
267.43,0.02,-1.48,-1.123,0.803,0.874,0
30.32,-0.676,-1.926,-2.539,1.463,0.843,0
35.15,0.354,-1.313,-0.554,0.479,0.731,0
122.59,0.237,-0.102,-0.97,1.2,0.784,0
68.04,0.522,-0.616,-0.289,0.008,0.895,0
51.84,-1.493,0.057,0.381,0.041,0.721,0
33.39,-0.803,-0.821,1.159,-0.442,0.965,0
24.2,2.132,0.669,-2.668,0.883,0.756,0
61.94,1.304,-0.436,-0.521,0.375,0.726,0
207.95,1.143,0.113,0.042,-0.697,0.856,0
172.55,-0.225,-0.35,1.027,-0.262,0.972,0
423.48,1.029,-0.472,0.722,0.207,0.834,0
14.29,-2.191,-0.744,-1.578,1.998,0.705,0
439.83,-1.566,2.586,0.514,-0.519,0.776,0
141.47,-1.41,0.079,0.7,1.278,0.968,0
134.86,0.498,-0.529,1.386,1.163,0.941,0
77.5,2.185,-0.544,-0.9,-0.573,0.879,0
27.64,-1.61,1.265,-0.672,1.359,0.841,0
49.43,-1.293,1.353,1.679,-2.344,0.915,0
106.25,0.326,0.588,0.516,0.87,0.901,0
38.51,0.209,0.149,0.567,-1.271,0.814,0
392.68,-1.553,-0.121,1.544,-1.185,0.722,0
83.65,-0.851,0.501,0.759,-0.788,0.87,0
134.76,-0.242,0.348,2.036,0.754,0.749,0
322.85,-0.699,-0.019,0.131,0.665,0.903,0
68.31,-0.227,-1.73,0.215,-0.441,0.814,0
32.06,-0.358,1.14,-1.483,0.35,0.88,0
6.04,2.22,-0.175,-0.204,0.72,0.922,0
82.39,-0.167,0.702,0.718,-0.336,0.714,0
17.46,-0.114,-0.011,-1.238,-0.389,0.881,0
101.68,-0.58,-0.016,0.971,0.443,0.909,0
155.6,0.215,-0.166,-1.195,0.692,0.773,0
58.42,-0.546,0.852,-1.916,-1.03,0.933,0
69.08,1.0,1.502,0.208,-0.209,0.757,0
233.85,0.843,-0.899,-0.977,-1.155,0.79,0
122.12,1.001,0.148,1.102,-1.105,0.918,0
18.96,-0.431,-2.493,-1.372,-1.113,0.899,0
25.67,0.337,0.162,2.009,1.175,0.72,0
174.88,0.802,-1.495,0.06,0.299,0.91,0
55.1,0.051,-1.228,-0.997,2.282,0.799,0
58.61,-0.599,-1.827,0.917,-1.955,0.769,0
385.72,-1.402,0.004,1.109,-0.069,0.706,0
101.73,-1.258,0.183,-0.468,1.133,0.785,0
154.68,0.78,0.271,1.367,0.737,0.943,0
9.79,0.547,1.328,0.015,-0.773,0.724,0
118.19,0.604,0.062,0.403,-1.204,0.761,0
85.93,0.962,0.963,0.348,0.31,0.722,0
40.74,-0.015,1.983,0.229,-1.346,0.818,0
47.02,-0.378,1.266,-1.023,1.422,0.972,0
97.4,0.456,0.591,-0.411,-2.334,0.754,0
34.35,0.311,0.219,-0.272,1.756,0.725,0
9.98,-0.641,-2.226,0.119,1.189,0.738,0
140.77,0.24,1.839,-0.875,0.031,0.89,0
1139.84,-3.872,3.433,-5.142,4.645,0.312,1
70.05,-1.537,1.758,-0.204,-0.091,0.916,0
121.52,1.157,1.375,-0.04,1.388,0.789,0
14.14,-0.182,-0.527,0.06,0.896,0.764,0
140.98,-0.696,-0.855,0.089,-1.581,0.793,0
19.23,1.055,-0.132,1.006,0.188,0.757,0
20.53,-1.166,2.403,1.111,0.604,0.918,0
247.41,-1.303,-0.452,-0.975,0.128,0.784,0
24.81,-0.901,-0.24,0.071,-0.213,0.877,0
109.74,-0.783,0.326,-0.701,-0.395,0.944,0
121.79,-0.587,-1.105,0.088,0.435,0.932,0
31.12,0.639,-0.653,1.13,1.161,0.86,0
75.48,-0.903,0.925,0.88,-0.348,0.79,0
72.18,-1.905,-1.715,0.389,0.437,0.912,0
57.89,0.987,-1.598,-0.172,-0.94,0.835,0
1759.72,-4.824,7.25,-4.731,3.318,0.088,1
157.87,-0.253,1.619,0.911,-0.162,0.784,0
29.34,-0.482,0.507,0.757,-0.726,0.77,0
116.01,-0.612,-1.45,-1.479,-0.919,0.732,0
62.22,1.498,-0.932,0.184,1.32,0.709,0
87.0,0.147,-0.562,-1.001,0.613,0.938,0
210.71,-0.583,0.937,0.796,0.166,0.793,0
150.77,0.784,0.779,-0.301,-0.43,0.962,0
21.58,0.329,1.968,-0.232,-0.451,0.851,0
167.6,0.866,1.475,-1.907,-0.038,0.735,0
49.72,-1.919,-1.591,0.104,-0.534,0.859,0
11.91,-0.692,1.29,-0.621,1.505,0.721,0
129.01,-0.03,-0.652,-0.725,1.514,0.763,0
125.98,0.119,-2.359,-1.332,-0.75,0.918,0
40.27,-1.914,-1.428,0.452,0.23,0.893,0
59.22,0.617,1.223,-0.051,-0.544,0.939,0
36.92,0.773,-0.219,0.472,0.963,0.777,0
15.58,0.447,-1.789,0.466,-1.125,0.879,0
73.02,-0.697,-1.35,-0.18,-0.265,0.96,0
336.22,0.661,0.234,-0.296,0.091,0.989,0
13.86,-1.122,0.829,1.618,-1.198,0.827,0
29.51,-1.221,-1.276,-1.402,-0.194,0.935,0
19.54,-0.563,-1.217,-0.017,-1.059,0.78,0
76.49,-2.165,-1.61,-0.418,-0.287,0.715,0
84.67,-0.847,1.433,1.169,0.986,0.971,0
10.7,0.309,0.389,-0.805,0.144,0.779,0
35.04,-1.617,0.406,0.164,-0.303,0.787,0
56.18,0.256,-0.316,0.896,0.146,0.844,0
246.18,0.182,0.931,-0.192,0.472,0.806,0
8.96,1.594,0.641,-0.541,0.423,0.829,0
21.54,-0.953,0.452,-0.189,0.283,0.785,0
166.77,-0.424,-0.037,-0.86,-0.011,0.986,0
80.4,0.42,-1.603,-1.285,-1.167,0.71,0
94.58,-2.268,1.947,-1.989,0.03,0.752,0
122.86,0.64,-1.008,0.171,-2.181,0.971,0
8.24,1.173,0.001,-1.595,0.629,0.815,0
101.92,-0.21,-0.515,-0.77,-0.876,0.764,0
23.52,-0.356,-0.429,0.761,0.672,0.73,0
158.83,-1.534,-0.594,1.251,0.294,0.926,0
192.62,-0.262,-0.041,-0.404,0.856,0.807,0
8.39,0.735,-0.328,-0.071,-0.358,0.709,0
44.4,-0.536,-0.708,-0.172,1.018,0.779,0
80.65,-0.429,-0.638,-1.562,0.275,0.897,0
62.48,-0.334,-0.776,-0.873,-0.452,0.935,0
126.26,2.926,-1.207,0.086,-0.684,0.929,0
77.5,0.862,-1.208,0.685,-2.113,0.841,0
45.79,0.611,0.348,1.906,0.109,0.948,0
58.5,-0.374,0.389,0.449,-0.972,0.952,0
194.51,0.387,2.185,1.137,-0.839,0.854,0
84.71,0.424,-0.097,0.683,0.112,0.702,0
77.27,0.974,0.863,-0.149,-1.519,0.718,0
67.75,-0.474,-0.125,-1.06,-1.61,0.987,0
24.81,0.292,0.027,-0.011,0.511,0.902,0
14.95,1.337,-0.255,1.899,0.05,0.916,0
29.85,-0.113,1.053,0.413,-0.328,0.821,0
122.94,-2.166,0.881,0.35,1.284,0.813,0
14.87,-0.36,0.934,0.651,0.215,0.744,0
76.14,0.769,0.789,2.291,0.471,0.92,0
161.32,-0.697,1.249,-0.056,-0.193,0.737,0
16.01,-0.135,-0.066,-0.486,0.215,0.759,0
13.29,-0.097,-0.182,0.49,0.076,0.954,0
182.39,-0.554,-0.764,0.098,-0.747,0.772,0
28.71,0.255,1.194,0.348,0.887,0.974,0
33.08,1.653,0.829,0.937,-0.264,0.984,0
62.86,-0.606,-2.363,0.396,0.961,0.713,0
71.41,-0.331,-2.028,-0.333,-1.115,0.767,0
40.05,-1.281,-1.004,0.633,-0.51,0.897,0
27.9,0.129,-2.364,0.996,0.072,0.81,0
208.29,1.605,-0.382,-2.636,-0.889,0.886,0
251.09,-0.123,-0.986,0.018,-0.014,0.98,0
60.37,0.182,-0.252,-1.003,1.36,0.957,0
321.43,1.982,1.744,0.699,-1.675,0.827,0
35.58,-0.055,-0.096,0.194,-1.392,0.874,0
84.73,-1.311,-1.862,-0.09,1.262,0.986,0
54.23,-0.44,0.146,0.944,0.412,0.973,0
508.38,0.576,-1.663,2.138,-1.651,0.746,0
922.54,-3.66,5.766,-5.649,3.294,0.324,1
36.82,0.266,0.637,0.812,1.991,0.713,0
233.4,1.817,0.323,0.158,-0.532,0.922,0
133.13,-0.729,0.72,1.008,-1.122,0.798,0
296.92,-0.005,-0.953,-1.827,-0.755,0.887,0
16.94,0.37,0.313,-1.397,-1.12,0.85,0
8.98,-0.335,0.311,0.975,-0.999,0.861,0
14.79,-0.082,0.743,0.008,1.741,0.875,0
35.65,0.199,-1.403,-2.068,-1.125,0.895,0
104.69,-0.129,-0.362,-0.856,-0.187,0.768,0
9.51,-0.474,1.71,-1.237,0.392,0.927,0
270.14,1.757,0.775,-1.124,-1.542,0.913,0
228.37,1.232,0.548,-0.485,-0.553,0.854,0
21.51,-1.404,0.91,0.589,0.557,0.834,0
21.95,-0.389,0.103,0.529,-0.514,0.945,0
30.44,-1.129,-0.747,0.006,0.9,0.89,0
50.64,-1.351,1.55,1.2,-1.43,0.871,0
34.54,-0.377,-1.007,1.812,-1.194,0.965,0
8.13,-0.727,-0.608,-2.799,0.091,0.911,0
28.6,0.941,0.232,0.243,0.164,0.768,0
23.71,1.323,0.735,0.206,0.6,0.981,0
40.92,0.595,-2.074,0.906,0.834,0.917,0
40.97,-2.217,0.353,0.04,-0.309,0.736,0
12.09,0.019,0.583,-1.806,1.001,0.945,0
43.1,0.644,-0.431,-0.079,-0.021,0.813,0
95.34,-0.438,-1.582,0.124,-0.624,0.919,0
50.33,-0.823,-0.16,-0.459,-0.396,0.84,0
69.04,0.644,2.427,1.079,0.047,0.76,0
8.54,-1.173,1.305,0.937,-1.53,0.75,0
50.29,-2.86,-1.229,0.105,0.58,0.931,0
52.84,1.029,-0.125,-0.253,0.383,0.758,0
63.28,-0.295,0.666,1.315,0.96,0.926,0
75.54,0.424,-0.089,1.479,0.72,0.8,0
99.22,-0.86,-0.817,0.182,1.824,0.898,0
31.69,-1.203,2.118,-1.597,0.74,0.907,0
144.36,-0.877,-1.056,1.272,1.048,0.904,0
102.57,-1.536,-1.566,-0.671,-0.48,0.901,0
13.31,1.115,-0.294,-0.815,0.813,0.895,0
8.76,-0.332,0.34,-1.014,0.726,0.72,0
60.83,0.531,-0.765,-0.721,-1.201,0.865,0
200.94,-1.752,3.389,-5.758,1.363,0.267,1
44.6,-1.974,-1.144,0.283,0.09,0.848,0
373.34,-0.357,-1.138,-0.634,-0.289,0.825,0
40.08,-0.372,-0.689,-0.343,0.669,0.907,0
85.48,-1.508,-0.421,1.228,-1.746,0.802,0
25.56,2.044,-0.975,1.084,-0.028,0.859,0
60.71,0.195,0.376,0.535,0.457,0.858,0
73.72,-0.932,2.019,-0.7,0.322,0.979,0
122.89,-1.452,1.037,-0.307,-1.149,0.892,0
90.37,1.47,-1.523,1.574,-0.301,0.858,0
94.59,0.251,0.009,-0.014,-0.68,0.727,0
19.8,-1.068,-0.363,1.191,-1.397,0.855,0
148.7,0.781,0.833,0.928,0.022,0.963,0
68.08,-1.041,-1.194,-0.465,0.288,0.985,0
116.6,1.921,0.048,2.0,0.515,0.937,0
44.86,-0.243,0.251,-1.336,-1.509,0.934,0
95.0,1.946,-0.809,1.464,1.314,0.924,0
48.85,0.944,1.142,2.167,1.101,0.99,0
24.09,-2.137,0.323,-1.567,0.151,0.714,0
77.25,-1.028,-0.53,-0.337,-0.132,0.976,0
78.97,-0.313,1.28,-0.038,0.924,0.866,0
62.53,0.467,1.635,-0.694,-0.447,0.876,0
62.1,-0.213,-0.823,1.301,0.059,0.722,0
41.42,0.489,1.063,0.788,-0.479,0.843,0
63.64,-0.945,-0.372,-0.059,-0.271,0.973,0
179.31,2.801,0.491,-1.238,0.656,0.746,0
88.97,0.289,0.53,1.025,-1.776,0.79,0
605.93,0.648,1.41,1.888,-1.226,0.799,0
7.49,0.676,-0.165,-0.715,0.217,0.957,0
31.62,-0.81,-1.022,1.315,2.273,0.843,0
112.46,1.055,-0.686,0.508,-0.584,0.893,0
102.71,2.076,-0.229,1.579,0.506,0.722,0
220.5,0.075,0.337,1.698,-0.132,0.795,0
62.78,-0.147,0.264,-0.762,-1.008,0.828,0
37.06,1.421,-1.482,0.789,0.879,0.936,0
7.78,2.453,1.038,0.955,0.368,0.966,0
63.99,1.249,0.17,1.292,2.883,0.962,0
137.63,-0.092,0.134,1.223,0.087,0.732,0
139.56,0.489,-0.503,-1.226,0.448,0.837,0
102.36,-1.041,1.916,0.046,0.945,0.847,0
10.46,1.401,0.131,0.143,-1.489,0.77,0
126.2,1.12,0.202,0.291,0.773,0.91,0
72.73,1.56,-1.217,-0.171,0.837,0.791,0
46.8,-0.76,-0.115,-4.065,-1.114,0.871,0
43.31,0.931,0.279,0.1,0.545,0.712,0
300.92,-0.998,1.253,0.093,0.918,0.903,0
154.68,0.313,0.238,-0.063,0.483,0.976,0
114.21,0.206,-0.487,0.61,0.281,0.808,0
79.74,0.036,-0.725,-0.518,0.56,0.853,0
24.39,0.03,-1.05,0.158,-0.762,0.709,0
14.59,2.197,1.202,0.067,-0.432,0.943,0
113.91,0.255,-1.015,-0.21,0.078,0.948,0
206.22,0.29,0.313,0.731,1.342,0.897,0
144.56,-1.258,1.186,0.819,-0.256,0.705,0
107.0,0.03,0.066,-0.438,-1.748,0.791,0
31.58,-1.968,-1.113,1.141,0.486,0.786,0
25.44,1.229,1.204,0.07,1.175,0.88,0
13.14,-1.474,-0.364,0.028,-1.685,0.936,0
120.75,1.011,2.334,0.417,-0.064,0.862,0
29.9,0.559,-1.356,-0.24,0.011,0.941,0
108.51,-0.537,0.201,0.574,-0.182,0.95,0
33.58,-0.178,-1.197,1.373,-1.086,0.98,0
43.33,0.455,0.17,-2.942,-0.703,0.796,0
273.76,0.512,1.021,0.507,-0.729,0.911,0
52.05,-0.179,-0.095,0.51,1.237,0.791,0
20.21,-1.604,-0.296,0.568,-0.364,0.849,0
116.06,-0.102,-0.352,-1.36,-0.09,0.735,0
178.62,0.358,-0.118,0.231,-0.671,0.982,0
330.29,-1.245,-0.106,0.221,-0.169,0.964,0
84.58,0.773,0.857,1.005,0.497,0.899,0
69.9,0.784,-0.845,-1.863,-0.241,0.933,0
106.41,-1.25,0.729,1.135,0.609,0.803,0
266.98,-0.46,0.786,0.583,-0.327,0.98,0
11.21,2.542,-1.51,-0.232,-0.771,0.792,0
70.28,1.269,1.005,0.267,-0.31,0.897,0
191.91,0.952,-0.122,-0.181,1.078,0.811,0
234.52,0.368,0.185,0.467,1.269,0.734,0
34.29,0.274,-0.537,-0.911,0.994,0.786,0
58.79,0.847,-0.438,0.578,1.083,0.794,0
66.74,-1.964,-0.672,-0.057,1.2,0.941,0
14.45,0.291,2.617,-1.491,0.121,0.908,0
12.53,1.752,1.815,0.054,0.862,0.74,0
77.28,0.014,-0.505,-0.063,-0.852,0.971,0
113.13,0.704,0.31,1.635,2.192,0.978,0
122.04,-0.405,0.97,2.115,0.996,0.793,0
76.79,-0.558,-0.412,1.387,-0.731,0.966,0
57.02,-0.776,0.279,0.149,0.877,0.926,0
139.47,0.201,-1.676,0.14,0.055,0.787,0
173.0,0.042,0.073,-0.713,-1.153,0.71,0
156.35,0.383,1.008,-0.625,-0.218,0.918,0
115.21,0.231,0.414,0.532,0.711,0.883,0
52.33,0.274,0.73,-0.762,-0.186,0.784,0
71.7,-0.901,-0.725,-1.279,0.106,0.932,0
61.3,-1.121,0.235,-0.88,-1.717,0.934,0
129.98,0.552,-1.316,0.084,0.597,0.903,0
142.41,0.965,1.067,0.105,0.499,0.885,0
165.84,1.199,0.874,-0.632,-1.306,0.743,0
64.9,0.083,-0.007,1.301,0.505,0.797,0
156.39,1.53,0.894,0.427,-1.807,0.884,0
80.6,0.011,0.032,-0.517,-1.632,0.769,0
5.36,-0.562,1.659,1.079,-0.773,0.941,0
319.58,-0.578,2.135,-1.02,-0.715,0.762,0
49.73,-0.538,-0.522,-0.902,1.328,0.833,0
18.68,-0.877,-0.21,-0.923,0.076,0.929,0
76.07,-0.589,1.618,-0.807,-0.238,0.852,0
66.42,1.686,-0.224,0.515,0.683,0.742,0
87.71,0.235,-0.506,-0.968,-0.311,0.95,0
85.91,-0.254,-0.079,0.804,0.071,0.873,0
307.87,0.203,-1.079,0.122,1.428,0.726,0
79.32,1.477,0.721,0.768,0.741,0.892,0
25.66,1.385,-0.48,-1.929,0.366,0.765,0
64.91,0.605,0.53,-1.466,1.889,0.797,0
75.88,0.819,0.79,1.415,-0.624,0.812,0
199.63,-0.556,-0.865,-1.903,0.54,0.823,0
62.64,0.075,1.158,-1.307,-0.713,0.819,0
66.64,-0.534,0.347,-0.561,-1.298,0.805,0
47.26,-0.633,1.057,2.362,0.036,0.767,0
112.81,-2.092,1.852,-0.595,0.719,0.956,0
74.99,0.954,0.278,0.388,1.213,0.918,0
53.28,-0.708,0.077,0.629,-1.629,0.873,0
725.57,1.451,7.945,-4.813,6.4,0.293,1
198.85,-1.659,-1.424,0.004,-0.495,0.933,0
72.86,0.865,-0.696,0.925,-0.914,0.877,0
20.84,-0.815,-0.642,0.994,0.658,0.774,0
54.95,-0.735,1.942,0.967,1.424,0.733,0
134.1,0.905,1.282,-0.48,-0.713,0.814,0
32.91,0.669,-0.596,0.932,1.967,0.766,0
1175.89,-2.677,3.166,-5.577,3.035,0.18,1
5.61,-1.146,0.9,-0.497,1.111,0.839,0
291.64,0.81,-0.943,-0.78,0.714,0.845,0
41.64,0.591,1.311,1.515,-0.13,0.768,0
124.08,-0.443,1.368,-0.04,0.16,0.885,0
19.93,0.754,0.723,-1.211,1.0,0.842,0
14.95,-1.618,-0.179,-1.004,-0.449,0.767,0
11.77,0.06,0.827,0.793,-2.337,0.882,0
221.71,-0.56,-0.88,-0.062,0.231,0.707,0
18.58,0.378,-0.197,-2.524,-0.495,0.876,0
54.11,0.059,0.741,0.635,0.31,0.743,0
27.19,-2.021,0.142,0.3,-0.048,0.745,0
71.16,-0.294,-0.65,0.665,0.041,0.813,0
10.7,-1.04,-0.328,0.583,-1.332,0.72,0
58.12,-1.332,1.865,1.254,-0.598,0.794,0
59.77,-1.592,-1.128,-0.034,-0.115,0.958,0
104.66,0.278,-1.081,0.324,0.635,0.743,0
177.01,-0.427,-1.846,1.184,0.088,0.97,0
230.62,-2.773,2.07,-0.479,2.439,0.971,0
28.39,0.377,-0.203,0.184,-0.709,0.898,0
64.86,-0.899,0.533,-0.72,-0.168,0.858,0
99.17,0.746,0.071,2.695,-0.95,0.873,0
49.85,-0.382,0.41,1.716,0.424,0.962,0
188.04,2.231,0.136,-0.708,-2.353,0.963,0
231.9,0.301,-2.236,0.325,1.46,0.988,0
323.73,-2.127,5.405,-3.407,3.873,0.268,1
50.09,-0.239,-0.879,0.336,0.187,0.773,0
42.3,0.468,-0.85,0.114,0.373,0.879,0
73.53,0.237,-0.425,1.658,1.048,0.961,0
135.25,0.027,0.162,-0.102,-0.975,0.928,0
7.39,0.009,1.757,-0.816,-0.271,0.912,0
37.91,0.83,-1.278,-2.018,0.866,0.886,0
31.89,-0.638,0.695,0.444,-0.536,0.905,0
22.14,-0.693,1.109,-0.832,0.35,0.847,0
6.61,-0.701,-0.179,-2.562,-0.813,0.829,0
8.94,1.293,-0.698,1.414,-0.861,0.807,0
51.78,0.607,0.086,0.548,0.132,0.987,0
61.27,2.152,-0.474,2.054,0.852,0.953,0
121.59,-3.196,-0.262,-0.67,2.112,0.833,0
6.4,-0.046,-1.307,-0.56,0.817,0.852,0
40.96,-0.901,1.3,0.395,-1.52,0.942,0
23.18,-0.304,0.145,-0.019,0.867,0.83,0
312.99,0.018,-1.083,1.467,2.962,0.865,0
6.61,1.015,1.009,0.178,-0.976,0.865,0
102.51,0.221,-0.723,0.058,-1.814,0.924,0
108.95,0.23,-0.96,0.452,0.787,0.924,0
33.15,0.525,-0.274,-0.558,-0.179,0.874,0
110.0,-2.662,6.303,-4.443,4.448,0.095,1
45.78,-0.43,1.428,0.634,0.407,0.856,0
34.0,-1.33,-1.258,-1.146,-0.773,0.877,0
201.06,-0.943,-0.581,0.498,0.698,0.97,0
20.38,0.134,-1.147,-0.413,2.381,0.874,0
21.91,2.121,-0.273,1.834,-0.688,0.831,0
39.5,-0.758,-1.67,-0.417,0.991,0.713,0
372.68,-0.594,-0.376,1.371,-0.748,0.785,0
77.67,-0.966,-0.213,1.209,-0.913,0.877,0
15.84,0.433,-1.036,-0.522,1.087,0.873,0
20.9,-0.518,1.403,0.58,0.881,0.94,0
33.59,0.798,0.519,-0.283,0.163,0.865,0
52.64,-0.604,-0.335,-1.318,0.673,0.781,0
199.24,-2.335,-0.712,0.46,0.251,0.707,0
55.54,-1.579,0.964,-1.44,-0.204,0.905,0
33.45,0.582,-0.357,0.691,-1.492,0.736,0
59.22,1.025,0.374,0.65,-0.553,0.768,0
101.0,-0.974,-0.175,-0.935,0.71,0.751,0
42.71,-1.21,0.697,-2.544,-1.011,0.768,0
9.69,1.403,-0.344,0.716,0.427,0.703,0
293.47,-0.191,-1.659,-1.326,-1.343,0.944,0
121.63,-0.879,-0.079,0.008,0.078,0.903,0
49.38,0.678,0.073,-0.519,-0.834,0.744,0
138.56,0.134,-1.899,-0.53,-0.109,0.978,0
264.66,0.968,-0.922,-1.486,0.445,0.776,0
62.43,-1.672,-0.647,-0.084,1.389,0.89,0
144.42,-6.441,4.85,-2.992,4.098,0.358,1
42.17,0.349,0.154,-1.018,0.364,0.897,0
14.42,0.049,1.084,-0.576,-0.149,0.81,0
203.49,-0.022,-0.407,-0.164,0.671,0.824,0
78.45,-1.265,-0.141,0.05,-0.218,0.967,0
14.56,-0.553,-1.232,-0.611,0.817,0.956,0
9.8,0.093,0.676,-1.203,1.444,0.927,0
20.49,-0.125,-0.54,0.433,0.601,0.85,0
77.16,0.624,1.145,0.532,-0.039,0.955,0
92.89,1.391,-1.511,-1.89,1.348,0.789,0
49.42,-1.752,1.802,0.878,-0.795,0.854,0
10.96,0.859,-0.294,-0.786,1.135,0.972,0
11.77,-0.026,-0.192,0.592,-2.136,0.931,0
162.07,-1.379,-1.941,-0.564,0.183,0.913,0
70.84,0.183,-1.399,-0.251,-1.299,0.932,0
57.68,0.459,-0.721,0.592,-0.778,0.839,0
56.4,0.458,0.772,1.718,0.341,0.88,0
126.49,0.937,1.102,0.487,1.075,0.817,0
59.27,0.651,0.375,-0.875,-1.262,0.97,0
78.44,0.52,-1.02,-0.795,0.669,0.954,0
68.42,-0.323,0.74,-0.04,-0.723,0.778,0
111.77,0.074,0.177,-0.12,0.991,0.924,0
162.4,0.068,1.856,1.465,0.919,0.773,0
145.97,-0.049,0.636,1.052,0.892,0.892,0
72.33,-0.136,1.013,0.891,0.444,0.74,0
7.66,0.481,0.46,-0.708,0.401,0.894,0
191.92,-1.842,-1.586,-0.818,-0.112,0.959,0
177.89,-0.765,0.646,1.192,1.334,0.961,0
156.01,0.337,1.084,-0.563,-0.152,0.897,0
38.81,1.966,-0.349,-2.17,-0.955,0.77,0
44.6,-1.03,0.205,0.66,-2.064,0.855,0
8.07,-1.067,0.236,-0.118,-0.449,0.881,0
15.08,-0.763,-1.733,0.022,-1.239,0.725,0
9.05,-1.646,0.13,-0.163,-0.866,0.965,0
114.48,0.24,0.204,-1.605,1.293,0.753,0
103.64,-0.012,0.178,-0.039,1.793,0.825,0
49.89,-2.299,0.08,0.544,0.362,0.956,0
26.96,-0.296,0.741,1.107,-0.931,0.788,0
9.63,1.425,-0.813,1.098,-1.466,0.891,0
117.48,-0.156,0.917,-0.501,-0.923,0.825,0
111.37,0.677,1.109,0.806,0.599,0.927,0
102.43,0.318,-0.04,-1.369,0.318,0.785,0
105.53,-0.229,0.425,1.512,-1.159,0.796,0
183.23,-0.674,-0.918,-0.656,0.499,0.965,0
44.0,-1.122,0.697,0.434,-1.508,0.863,0
129.45,0.765,1.156,0.968,-0.126,0.881,0
398.14,0.725,-1.81,0.394,1.732,0.928,0
33.24,1.773,0.689,1.025,-1.569,0.715,0
13.89,-0.935,1.43,0.96,0.496,0.947,0
21.06,1.738,-0.102,0.699,0.673,0.766,0
23.18,1.527,0.57,-0.68,-0.311,0.908,0
210.31,-3.878,3.771,-3.791,1.549,0.193,1
6.77,-0.286,-0.55,-0.71,0.282,0.863,0
15.85,-0.553,-0.486,0.197,-0.498,0.834,0
156.14,1.047,-0.762,-0.784,-1.663,0.787,0
12.11,0.077,0.697,0.625,1.136,0.849,0
12.99,-1.0,0.414,1.804,-1.196,0.927,0
103.2,-0.893,0.436,-0.36,-0.121,0.909,0
264.15,-0.393,-0.225,1.156,-0.079,0.86,0
9.07,-2.122,-0.817,1.249,-0.145,0.891,0
10.19,0.737,1.329,-0.451,-0.428,0.952,0
51.26,0.057,2.166,-0.161,1.763,0.783,0
43.38,-0.101,1.139,-0.477,-0.617,0.901,0
730.87,-4.689,2.668,-3.805,1.615,0.119,1
14.36,1.08,0.692,-2.281,0.016,0.825,0
46.79,-0.503,-1.268,2.218,0.864,0.836,0
146.22,0.03,1.581,0.434,0.612,0.926,0
271.28,-0.911,-0.916,0.261,0.373,0.969,0
10.54,-0.997,0.358,-1.222,0.014,0.737,0
6.04,-1.437,1.328,-0.311,-0.694,0.749,0
246.58,-1.146,-1.242,0.436,1.004,0.906,0
90.9,1.748,0.958,-0.503,0.169,0.763,0
281.79,-2.257,0.638,0.149,1.595,0.704,0
118.28,-0.743,0.516,-1.003,-0.11,0.875,0
45.01,1.053,-0.473,0.262,0.038,0.871,0
9.84,-0.443,0.98,-0.211,2.391,0.98,0
259.57,-0.078,0.113,0.528,0.837,0.979,0
76.99,0.183,-0.779,-1.048,0.699,0.814,0
82.57,-1.435,-1.444,0.775,0.859,0.703,0
44.22,-0.976,2.206,-0.385,1.436,0.745,0
323.51,0.809,-0.958,-0.418,-0.872,0.828,0
23.15,-1.199,-0.175,1.933,0.697,0.718,0
179.16,-0.557,-0.639,-0.401,2.071,0.845,0
16.66,0.465,1.215,-0.333,-0.963,0.935,0
76.41,-0.273,-0.839,0.11,-1.624,0.945,0
53.72,0.875,-0.144,1.659,1.91,0.776,0
84.54,-1.88,1.383,0.245,1.636,0.834,0
22.38,1.029,-0.73,1.015,-0.123,0.743,0
65.35,0.251,2.193,0.388,-0.792,0.808,0
117.34,1.721,-1.275,0.273,1.526,0.856,0
12.85,1.157,-2.256,0.927,-0.088,0.963,0
151.67,1.442,-0.827,-1.387,-0.543,0.799,0
11.26,-0.469,-2.008,-0.095,0.232,0.962,0
27.09,0.085,-1.382,-0.301,0.114,0.764,0
56.7,1.223,-0.972,-1.242,0.041,0.959,0
34.46,0.873,0.721,-0.002,0.553,0.879,0
39.66,-0.405,1.97,1.125,-0.197,0.715,0
186.62,0.021,1.184,-2.26,-0.16,0.988,0
15.02,1.701,0.845,-0.838,0.314,0.808,0
17.71,0.334,0.51,0.729,1.234,0.847,0
18.81,-0.85,-0.399,-0.754,0.499,0.904,0
105.17,-1.105,-0.123,-1.133,-1.166,0.903,0
15.26,0.519,0.654,0.592,-0.848,0.894,0
122.2,-0.413,-0.375,-0.658,-1.292,0.93,0
118.83,-0.926,-1.232,-0.937,0.11,0.886,0
38.43,1.068,0.424,0.81,0.059,0.76,0
83.86,1.39,-0.487,-0.129,2.487,0.965,0
45.24,0.515,-1.333,-1.0,2.036,0.841,0
277.66,-0.536,0.32,0.415,0.227,0.788,0
120.11,-1.001,1.043,2.113,0.843,0.84,0
154.22,0.266,0.253,-0.055,1.411,0.811,0
156.31,-1.646,-0.064,-1.155,0.024,0.901,0
39.8,0.684,0.66,1.072,0.391,0.92,0
82.62,-0.135,0.605,-1.053,0.079,0.857,0
85.3,-0.086,0.265,-0.021,0.232,0.947,0
25.72,0.53,0.007,0.14,0.341,0.931,0
21.5,0.78,1.465,0.318,-0.556,0.741,0
58.6,0.727,-2.06,1.025,1.145,0.85,0
58.06,1.027,-0.29,-1.192,-0.838,0.916,0
42.9,-0.449,0.905,-0.124,0.055,0.812,0
40.74,1.293,-0.156,0.301,1.806,0.705,0
29.6,-0.128,-0.184,1.206,0.012,0.95,0
86.4,0.0,0.788,-0.116,0.981,0.78,0
215.96,0.074,-2.444,1.194,-1.255,0.989,0
7.2,-1.069,-0.438,-1.793,0.468,0.739,0
130.6,-0.678,-0.693,0.615,-1.594,0.891,0
6.51,-0.409,-1.529,0.769,-0.336,0.928,0
88.57,1.266,-1.022,0.309,1.121,0.927,0
122.53,-1.783,0.681,-0.793,0.665,0.926,0
143.76,-0.111,1.316,0.51,0.322,0.889,0
18.23,1.979,-1.39,0.73,0.856,0.981,0
15.37,1.726,0.726,0.011,0.423,0.941,0
52.38,-1.549,-0.488,0.446,1.171,0.978,0
29.71,-0.014,-0.782,-0.211,-0.367,0.737,0
26.57,-0.435,-1.716,0.3,0.675,0.879,0
108.93,0.809,0.296,-1.763,0.28,0.955,0
71.28,0.567,-0.13,1.958,0.848,0.952,0
132.13,0.061,0.017,-2.17,-0.915,0.927,0
19.88,-1.652,-0.521,-0.649,0.117,0.743,0
121.42,-0.574,-0.68,-0.39,-0.051,0.801,0
107.05,1.751,-1.234,0.955,-0.476,0.908,0
41.64,0.082,0.043,-0.277,-0.581,0.834,0
63.58,-1.854,0.392,1.183,1.364,0.868,0
15.27,-2.193,-0.351,0.824,-0.017,0.839,0
6.2,1.283,-0.245,0.073,1.519,0.772,0
58.18,1.368,1.016,-2.217,-0.13,0.936,0
63.06,-0.014,0.166,0.197,-0.466,0.714,0
29.51,1.297,-0.792,-0.485,-0.006,0.879,0
50.06,-0.001,0.825,-0.957,0.712,0.921,0
113.49,1.905,-0.558,-0.187,-0.845,0.973,0
53.67,0.61,1.641,0.49,0.001,0.738,0
197.39,-1.092,0.866,-0.156,0.889,0.936,0
46.85,0.386,0.992,0.386,-0.925,0.755,0
50.13,0.185,-1.463,0.294,-3.62,0.772,0
103.23,-0.954,1.372,0.32,0.846,0.907,0
32.61,-0.137,0.118,1.49,-1.163,0.889,0
172.33,-0.213,-1.094,-0.224,-0.818,0.704,0
199.26,1.187,0.092,-0.677,-1.438,0.933,0
46.54,0.111,-0.18,1.699,-0.415,0.898,0
17.36,0.42,-0.587,-0.798,1.447,0.722,0
6.03,-0.433,-1.452,0.193,0.895,0.971,0
41.07,-1.047,0.628,-0.955,0.305,0.701,0
232.92,0.768,0.099,-1.235,-1.192,0.816,0
109.07,0.765,0.118,-1.004,-0.533,0.848,0
64.78,-0.317,-0.386,-1.638,-1.65,0.792,0
18.67,-0.025,0.69,0.221,0.707,0.945,0
199.26,-0.614,-0.071,-0.364,-1.267,0.734,0
20.5,-1.974,-0.669,-2.481,-1.133,0.887,0
240.25,0.021,1.181,-0.728,0.682,0.94,0
223.88,-0.807,0.277,0.154,0.208,0.918,0
8.18,-0.387,0.319,0.398,-1.431,0.777,0
97.04,-0.877,0.242,0.598,0.22,0.747,0
82.26,-0.524,-2.05,-0.919,-1.342,0.708,0
344.39,0.013,2.356,0.76,-2.245,0.81,0
42.92,-1.755,-0.282,0.229,-1.293,0.944,0
19.1,0.699,0.156,0.33,-0.037,0.786,0
28.36,-1.323,1.499,-1.469,0.952,0.879,0
32.42,0.972,1.152,-1.041,0.164,0.755,0
34.05,0.044,0.814,-0.595,0.329,0.778,0
275.51,-0.908,-1.043,-0.324,-0.264,0.768,0
92.39,2.159,-1.792,0.228,-0.285,0.927,0
6.86,-0.648,-0.175,0.672,0.828,0.962,0
27.93,-1.33,-0.184,0.394,-2.283,0.715,0
111.66,1.27,0.167,0.48,-0.272,0.99,0
218.94,0.632,0.562,-1.307,0.311,0.896,0
111.03,0.027,0.322,0.915,-1.139,0.984,0
21.58,0.474,-1.971,0.862,-0.385,0.713,0
52.62,-0.041,0.255,0.754,1.3,0.772,0
65.17,1.306,-1.472,-0.422,-0.49,0.988,0
123.89,0.012,-1.263,-1.312,-0.022,0.913,0
43.17,-0.551,-1.028,1.672,0.47,0.84,0
68.38,0.208,0.486,0.028,-0.362,0.882,0
449.67,1.246,0.466,-1.689,-0.869,0.834,0
18.5,0.949,-0.379,-0.253,-0.979,0.989,0
21.18,0.761,1.233,-0.032,1.58,0.987,0
8.81,-0.544,-1.397,0.804,-0.096,0.862,0
8.92,-1.584,-1.748,0.093,0.434,0.884,0
111.18,0.635,1.27,0.49,-0.344,0.912,0
120.11,-0.008,-1.2,-1.785,0.842,0.943,0
127.17,0.88,-0.899,-1.877,0.516,0.747,0
197.29,1.198,0.352,-1.486,0.241,0.798,0
45.84,-0.008,0.162,-0.099,0.438,0.708,0
26.59,-0.791,0.086,-0.485,-0.252,0.949,0
81.01,0.292,0.624,0.01,0.488,0.885,0
77.99,1.211,-0.055,1.145,0.549,0.928,0
23.02,-1.129,0.564,1.752,0.823,0.989,0
7.64,1.197,-0.378,0.481,0.698,0.96,0
38.14,0.455,0.695,-1.03,1.276,0.81,0
274.69,-0.094,-0.039,-0.829,1.189,0.909,0
109.53,1.513,0.19,-1.656,0.629,0.913,0
80.61,1.082,0.134,-0.144,1.004,0.847,0
50.68,0.946,-0.121,-0.382,0.295,0.877,0
472.36,1.349,0.451,-0.677,1.217,0.808,0
114.45,2.799,-0.001,0.948,0.727,0.779,0
18.49,0.068,-1.87,0.821,-1.896,0.716,0
65.59,0.579,-2.204,-1.662,-0.597,0.962,0
22.36,0.519,0.222,1.05,0.108,0.736,0
62.87,-0.223,-0.02,-2.055,-0.89,0.894,0
241.81,-0.253,-0.607,-1.743,-2.175,0.925,0
54.8,0.037,1.021,-1.177,0.283,0.764,0
27.79,0.745,-0.12,-1.386,0.098,0.777,0
46.19,-0.995,2.046,1.212,-2.015,0.77,0
11.99,-0.266,-0.664,0.747,0.943,0.877,0
167.68,0.609,-0.344,-1.576,-1.603,0.818,0
13.78,-1.283,-1.13,-0.378,0.864,0.736,0
516.92,-3.43,1.808,-5.836,1.58,0.147,1
193.21,-0.158,0.806,-0.997,0.467,0.826,0
89.86,-1.563,-1.258,0.389,1.746,0.778,0
622.41,1.705,0.845,0.879,0.465,0.703,0
26.15,0.725,0.304,-0.8,1.713,0.805,0
118.83,0.648,1.461,0.419,-0.205,0.86,0
137.85,-0.628,-1.15,-2.931,1.973,0.918,0
33.15,-0.92,0.167,0.45,-1.239,0.822,0
189.28,0.553,1.455,0.74,-0.095,0.844,0
105.72,0.093,-0.164,-1.226,-1.336,0.734,0
18.5,-0.554,-1.014,-0.278,0.826,0.91,0
12.34,-0.506,2.545,1.508,-0.248,0.756,0
75.24,-0.214,-0.6,0.743,-0.93,0.842,0
123.2,-0.869,0.032,0.737,0.52,0.962,0
77.13,0.816,0.821,-0.276,-0.283,0.721,0
37.77,0.106,-0.006,1.655,-0.505,0.901,0
24.44,0.072,-0.686,0.782,-0.279,0.811,0
104.39,-0.581,0.128,1.358,-0.714,0.75,0
84.14,0.917,-0.652,0.619,0.67,0.852,0
33.46,-0.506,0.499,-0.874,-0.581,0.896,0
103.52,-0.994,1.796,-2.582,0.215,0.871,0
23.2,-0.262,-1.018,-0.737,-0.787,0.959,0
69.31,1.959,-0.171,0.299,1.186,0.742,0
208.67,-0.577,3.876,-4.539,1.655,0.324,1
55.62,0.463,-0.029,1.394,-1.645,0.882,0
60.0,-0.05,-0.057,1.179,1.249,0.873,0
24.28,1.756,-0.643,-0.372,0.029,0.977,0
163.37,0.694,-1.428,-3.113,0.215,0.819,0
158.46,-0.61,-0.167,1.598,-0.665,0.759,0
93.38,-1.106,0.845,1.634,0.889,0.835,0
39.9,0.239,0.06,-1.92,-1.297,0.835,0
11.74,-1.934,0.6,-0.093,-1.043,0.701,0
48.67,0.194,-1.44,-0.052,-1.801,0.827,0
31.64,-0.716,0.384,-0.019,2.1,0.836,0
63.48,-2.034,-1.196,3.385,-0.037,0.901,0
110.57,-1.267,-1.793,0.642,-2.22,0.831,0
192.31,0.616,0.303,0.357,0.104,0.746,0
9.58,0.282,0.046,-1.376,-0.394,0.851,0
93.94,1.142,-0.983,-1.001,-1.203,0.808,0
47.65,0.233,-0.356,0.875,-0.31,0.969,0
7.1,-2.403,0.444,-2.03,0.214,0.881,0
13.3,-1.444,0.778,0.038,-0.344,0.868,0
52.27,-0.907,0.263,-0.949,3.777,0.718,0
84.36,0.606,0.75,0.395,-0.324,0.799,0
253.9,-0.025,-0.785,-1.463,0.563,0.924,0
88.8,0.049,-0.216,-1.41,-0.04,0.989,0
198.34,0.36,-1.82,1.069,-0.712,0.97,0
42.78,-0.007,1.403,0.629,-0.148,0.848,0
58.55,-1.18,0.852,0.49,-0.199,0.897,0
153.95,0.328,-1.716,0.04,-1.243,0.812,0
19.78,1.463,0.365,0.431,0.77,0.713,0
19.58,-0.875,-1.576,-1.754,0.231,0.931,0
5.69,0.987,0.913,-0.831,1.355,0.858,0
95.19,1.487,0.873,-0.23,-0.665,0.826,0
30.67,-0.237,-0.215,-0.113,-2.294,0.718,0
253.82,0.779,0.895,0.371,-1.169,0.854,0
348.72,0.474,1.551,-0.178,0.182,0.704,0
104.61,-0.864,0.922,0.703,0.217,0.792,0
25.81,-1.831,-0.695,0.709,0.396,0.928,0
69.29,0.305,-0.577,-0.7,-0.232,0.944,0
40.09,0.421,-0.32,-0.282,0.703,0.803,0
78.66,-0.171,0.091,0.548,0.113,0.776,0
208.57,-0.806,0.784,0.816,0.652,0.772,0
111.96,-0.507,1.12,0.356,0.056,0.939,0
53.66,-1.77,0.294,-0.067,-1.253,0.834,0
382.1,-3.318,5.151,-5.97,4.288,0.449,1
130.98,-0.224,0.988,3.514,0.339,0.756,0
104.41,0.215,-0.373,0.779,-1.426,0.902,0
38.02,0.21,1.324,0.364,0.51,0.952,0
6.73,-0.31,-0.194,0.964,-0.143,0.836,0
166.09,-1.18,-1.271,-0.172,0.916,0.929,0
27.95,0.101,0.606,-0.29,0.183,0.843,0
201.61,-0.525,-1.818,0.542,-0.772,0.754,0
41.18,-0.23,2.098,0.352,-0.644,0.767,0
50.5,-1.131,-1.29,0.27,0.447,0.982,0
82.69,-0.766,-1.148,-1.155,-1.199,0.895,0
69.32,-1.047,-0.342,0.203,-0.279,0.733,0
114.5,-0.68,-0.182,0.327,1.282,0.768,0
196.31,0.831,1.0,-0.303,-0.146,0.949,0
37.0,0.074,-1.406,0.406,1.49,0.823,0
120.85,-0.697,1.898,1.567,0.467,0.924,0
219.57,-1.712,-0.606,-1.094,1.812,0.872,0
51.3,-0.106,-1.198,0.987,0.629,0.843,0
20.35,1.376,-0.41,1.68,-0.745,0.847,0
28.46,-1.461,0.125,0.005,-0.759,0.845,0
109.32,0.864,0.929,1.761,-1.209,0.867,0
51.53,0.581,0.126,-0.133,-0.311,0.784,0
88.68,0.477,1.031,0.743,-0.071,0.941,0
63.8,0.582,1.755,-1.743,0.907,0.834,0
11.91,1.376,-1.002,2.116,1.106,0.754,0
106.02,-0.18,-0.358,-1.232,1.094,0.714,0
156.56,-0.404,-0.176,-0.125,-0.214,0.752,0
131.53,1.018,-0.596,-0.029,-1.307,0.9,0
94.72,0.716,0.17,-0.036,-1.562,0.956,0
11.89,-1.355,0.75,-0.181,-1.359,0.878,0
29.29,0.874,-1.534,0.152,0.388,0.927,0
43.84,-0.345,-1.717,-0.195,1.368,0.946,0
386.59,-0.345,-1.047,0.628,0.258,0.982,0
63.43,-0.692,-0.6,0.728,-0.966,0.712,0
9.48,1.615,1.229,-1.144,1.476,0.934,0
69.83,0.133,-0.177,-0.281,-2.45,0.742,0
176.93,0.927,-0.707,0.96,1.674,0.756,0
26.2,1.008,-0.468,1.317,-0.691,0.827,0
135.6,0.33,0.982,0.512,1.071,0.823,0
27.0,0.063,-0.766,0.971,-0.512,0.923,0
33.12,-1.045,-0.997,0.508,1.344,0.77,0
68.41,0.685,-0.593,1.121,-0.38,0.811,0
152.74,-0.689,-1.918,-0.66,0.177,0.975,0
77.45,1.244,0.029,0.068,1.113,0.969,0
10.69,0.231,-0.923,-0.522,-2.13,0.795,0
49.09,0.351,1.212,-0.941,-0.904,0.797,0
162.52,0.257,0.743,-0.708,-0.689,0.95,0
195.57,-0.506,-1.554,0.487,0.601,0.936,0
67.1,-0.261,0.618,0.486,-0.799,0.856,0
168.89,0.975,-1.301,0.11,-0.461,0.908,0
44.1,0.195,-1.477,-0.497,0.939,0.773,0
32.8,-0.147,0.469,-0.728,0.391,0.986,0
84.62,-2.405,0.016,-0.251,0.39,0.783,0
16.1,0.533,1.446,-1.325,0.513,0.889,0
128.26,1.153,-0.544,1.237,-0.724,0.71,0
73.09,-0.462,-1.721,-1.972,1.177,0.733,0
254.31,-1.799,0.25,-1.299,-0.849,0.875,0
230.99,-0.127,1.145,-0.29,1.23,0.773,0
353.44,-1.069,-1.19,-0.138,0.003,0.809,0
15.06,1.365,-0.394,-1.936,-1.743,0.861,0
79.08,-0.436,0.811,0.26,1.271,0.787,0
34.73,1.319,-1.493,0.07,-0.045,0.867,0
219.7,-0.132,-0.381,-0.995,-0.166,0.821,0
160.16,1.406,0.731,0.477,-0.162,0.906,0
51.57,0.794,-0.139,1.699,0.629,0.821,0
26.52,0.727,1.508,2.361,0.026,0.76,0
139.26,-0.887,-1.686,0.39,1.265,0.859,0
227.05,1.224,2.951,-0.832,-2.424,0.945,0
84.87,-1.547,0.833,-0.337,0.337,0.715,0
23.08,-0.919,-0.981,-1.105,0.668,0.896,0
13.12,0.03,-1.18,0.076,0.237,0.896,0
88.38,-1.019,0.355,-2.217,0.851,0.828,0
68.03,-0.339,-0.897,-0.342,-0.54,0.958,0
61.03,-0.314,-0.987,-0.198,-0.253,0.715,0
54.02,0.363,1.293,-1.269,0.451,0.8,0
163.6,1.252,-0.061,-1.126,-1.272,0.918,0
135.65,1.564,0.671,-0.099,0.482,0.707,0
83.5,-0.549,-1.723,-0.742,-0.02,0.841,0
52.23,0.921,1.343,-0.527,-0.565,0.773,0
21.76,1.143,1.629,-1.688,-0.811,0.964,0
300.28,-1.863,-0.029,-0.488,0.359,0.922,0
150.26,-1.646,-0.026,-1.696,1.737,0.76,0
51.84,-0.544,0.208,0.733,1.3,0.718,0
289.32,0.063,-0.334,0.685,0.658,0.71,0
206.36,0.119,0.81,-0.61,-0.024,0.863,0
49.76,-0.492,1.396,-0.656,0.302,0.739,0
17.79,0.055,-0.602,0.48,1.277,0.867,0
102.02,-1.21,-1.406,1.139,-0.997,0.747,0
6.11,0.616,0.134,1.319,0.51,0.895,0
63.48,0.823,0.555,-0.683,-1.147,0.765,0
56.15,-0.322,0.801,0.982,-0.342,0.849,0
70.17,-0.03,1.141,-0.579,0.254,0.752,0
49.04,0.533,-0.006,0.068,-0.027,0.9,0
47.43,0.249,-0.267,-1.309,1.403,0.845,0
205.21,-1.284,1.659,-0.365,-0.672,0.984,0
53.89,-0.169,-3.387,0.25,0.923,0.901,0
46.93,0.875,0.469,-1.014,0.279,0.813,0
306.81,0.891,-0.361,-0.272,-0.666,0.802,0
9.5,-0.186,-0.231,0.924,1.503,0.887,0
44.87,0.674,-0.893,-0.33,0.284,0.841,0
29.31,0.526,-0.744,-1.48,0.199,0.79,0
294.07,2.208,-0.713,-0.687,-0.2,0.816,0
81.62,0.77,-0.471,-0.385,-1.01,0.736,0
49.11,-0.542,-2.465,-1.734,0.337,0.852,0
65.46,0.925,-0.515,-1.984,0.54,0.975,0
163.53,-1.453,-0.807,0.886,0.294,0.795,0
49.41,0.212,0.336,1.504,-2.492,0.961,0
73.18,-0.42,-1.597,-0.925,0.037,0.916,0
14.84,1.279,-0.399,1.22,-0.116,0.799,0
273.72,0.365,0.539,0.642,0.003,0.846,0
59.27,-1.97,-0.607,-2.391,1.699,0.711,0
30.64,0.417,-0.326,1.419,0.532,0.977,0
92.8,-0.382,-1.24,0.961,-0.071,0.862,0
34.37,0.041,1.7,0.269,-1.181,0.964,0
162.17,-1.79,1.264,-0.064,-0.866,0.918,0
42.97,0.472,1.097,0.245,-0.837,0.734,0
162.18,1.787,-0.391,0.804,1.084,0.739,0
64.27,-0.678,0.677,0.534,1.301,0.791,0
113.49,1.444,-1.026,0.595,2.421,0.958,0
5.27,0.312,-1.779,-0.326,2.175,0.936,0
55.95,-0.957,-0.356,-0.216,1.951,0.788,0
58.62,2.382,0.227,0.655,-1.607,0.988,0
186.0,0.258,0.019,-0.966,0.668,0.818,0
39.61,1.212,-0.726,-0.493,0.09,0.954,0
34.93,0.176,-1.507,-0.735,-0.843,0.877,0
8.54,0.306,-2.368,1.025,-0.091,0.9,0
32.7,-2.106,-1.576,2.129,0.146,0.863,0
11.12,-0.182,0.036,0.489,-0.198,0.788,0
243.89,-0.821,-1.106,1.319,0.647,0.845,0
186.73,0.226,-0.178,1.157,-0.345,0.895,0
21.45,-0.152,0.25,0.711,-0.579,0.731,0
26.34,1.287,0.014,0.156,-1.156,0.906,0
172.48,-0.835,1.923,0.337,-0.624,0.988,0
118.45,-0.003,-0.369,1.544,0.933,0.909,0
74.42,-1.038,0.776,0.547,-0.23,0.957,0
49.15,0.85,-1.422,1.816,1.143,0.908,0
6.63,-0.282,-0.791,1.11,0.496,0.918,0
149.37,1.215,0.856,-0.534,-0.592,0.784,0
319.69,0.356,2.29,-0.15,0.363,0.797,0
168.98,0.797,0.014,1.25,-0.945,0.84,0
88.78,0.521,0.005,-1.079,0.833,0.964,0
34.6,-0.805,-0.26,-0.294,0.551,0.775,0
219.97,-0.37,0.315,0.198,0.129,0.723,0
153.26,1.969,0.552,1.924,-0.07,0.71,0
127.27,-0.048,-0.505,0.302,-0.326,0.791,0
56.45,1.466,-0.383,1.475,-0.096,0.721,0
23.08,0.645,0.074,0.415,-1.009,0.816,0
153.42,0.926,-1.461,-0.755,0.372,0.974,0
40.45,0.208,1.828,0.54,-0.433,0.937,0
47.87,-1.528,0.559,-1.116,1.109,0.945,0
25.83,0.037,-1.387,0.64,-0.721,0.77,0
109.34,0.242,0.039,-0.603,1.38,0.918,0
271.82,0.034,-0.422,0.299,-1.456,0.835,0
77.89,0.552,0.061,1.18,0.178,0.793,0
54.0,-1.78,-0.238,1.37,-1.672,0.868,0
91.0,-1.349,-1.085,-0.984,0.299,0.773,0
8.66,-0.056,-0.094,-0.505,0.178,0.827,0
212.66,-0.663,0.992,-0.221,0.552,0.721,0
440.66,-0.1,1.085,1.233,1.198,0.756,0
23.97,0.874,-0.065,-0.034,-0.695,0.885,0
103.67,-0.119,-0.645,-0.69,0.133,0.739,0
97.62,-1.245,0.08,0.865,0.074,0.705,0
92.46,-0.249,-1.13,-0.634,0.878,0.881,0
50.02,0.085,-1.586,0.503,0.45,0.945,0
40.13,-0.62,0.632,-0.035,-0.284,0.888,0
107.84,-1.107,0.38,1.893,1.369,0.899,0
47.51,0.93,-1.049,0.208,0.478,0.898,0
26.53,2.43,1.365,0.162,-0.281,0.74,0
87.79,-0.478,-1.962,0.435,-0.338,0.87,0
250.86,-1.011,0.2,-0.713,1.655,0.789,0
19.22,-1.014,-1.1,0.03,-1.245,0.703,0
35.44,-0.188,0.43,-0.424,-2.203,0.863,0
145.59,0.279,-0.232,0.811,0.938,0.725,0
6.86,1.038,0.269,-1.376,0.405,0.726,0
107.22,-0.802,0.543,-0.076,-0.39,0.869,0
109.06,0.435,1.218,0.33,-0.704,0.985,0
205.6,-0.39,0.732,0.625,0.446,0.897,0
29.52,-0.065,0.6,-0.83,1.966,0.727,0
119.62,0.646,0.858,0.634,-0.995,0.703,0
35.94,1.143,-0.345,-0.016,-2.209,0.975,0
245.62,-0.464,-0.47,0.451,-0.525,0.702,0
16.56,-1.622,0.244,-0.25,-0.729,0.78,0
65.83,0.62,-0.183,-0.267,0.953,0.903,0
12.82,-0.13,3.216,0.488,-1.141,0.871,0
94.71,0.045,-0.437,-1.326,0.431,0.76,0
32.48,0.775,1.545,-0.476,0.806,0.964,0
120.72,-0.819,-0.212,-1.097,-1.223,0.755,0
144.76,-0.915,-1.21,-1.514,-1.956,0.819,0
64.56,0.471,0.464,-0.099,0.074,0.932,0
15.89,0.214,1.302,1.533,1.502,0.919,0
27.45,0.506,-0.649,-0.886,-0.377,0.791,0
42.75,0.497,0.033,0.028,0.927,0.963,0
49.03,-0.739,-0.745,0.014,2.121,0.891,0
103.48,-1.372,0.145,0.821,2.085,0.87,0
35.62,1.064,0.452,-1.35,0.253,0.898,0
240.88,-0.685,-0.809,0.456,-0.676,0.818,0
10.5,0.16,1.039,-1.196,-1.295,0.784,0
56.67,0.587,-1.994,0.707,1.109,0.785,0
68.95,0.106,-0.797,-1.202,0.579,0.916,0
93.33,-0.285,0.172,1.665,2.095,0.813,0
163.23,0.007,-0.178,0.706,-0.82,0.712,0
156.4,0.321,0.326,0.384,-1.022,0.704,0
165.11,0.247,1.769,-0.457,0.26,0.853,0
34.26,0.217,0.116,0.73,-0.279,0.794,0
117.18,1.443,0.213,-0.072,-1.432,0.876,0
19.84,-0.717,0.995,0.287,-1.425,0.819,0
219.99,-0.046,1.045,-1.394,-1.125,0.778,0
71.85,-0.607,0.978,-0.109,-1.374,0.72,0
107.7,-0.702,3.556,0.575,-0.283,0.726,0
178.3,0.898,-0.291,-0.518,0.299,0.941,0
102.43,1.424,1.188,0.857,0.959,0.891,0
128.54,-1.585,0.498,1.377,-0.803,0.824,0
7.14,0.19,-0.555,0.057,0.513,0.847,0
37.57,-0.383,-1.707,0.564,0.311,0.972,0
86.8,0.321,-0.738,0.723,0.894,0.976,0
118.9,-1.086,0.881,-0.284,0.613,0.738,0
153.97,0.539,-0.333,1.08,1.245,0.806,0
10.21,-0.374,0.375,1.31,-1.668,0.84,0
23.83,0.186,-0.941,0.181,-0.741,0.947,0
9.17,-0.447,1.27,-0.343,-0.361,0.966,0
14.96,0.132,1.092,-0.043,-0.558,0.937,0
115.11,1.145,-0.036,0.475,0.79,0.937,0
71.71,0.651,1.883,0.918,-1.927,0.775,0
54.33,-0.639,-0.371,0.869,-0.44,0.811,0
122.16,-0.288,-1.24,1.445,1.578,0.762,0
59.68,-0.208,0.232,-0.635,2.351,0.825,0
77.35,-1.154,0.459,-1.072,0.183,0.705,0
89.63,1.019,1.807,0.396,-1.212,0.716,0
84.87,1.992,0.693,0.403,0.65,0.722,0
9.27,-0.038,1.252,-0.571,0.96,0.815,0
107.39,0.338,0.417,-1.075,-1.369,0.713,0
6.35,-0.916,-0.052,0.419,-0.37,0.866,0
90.35,0.453,-0.43,0.07,1.102,0.965,0
163.37,0.92,0.909,-0.304,-0.523,0.719,0
5.74,-1.427,0.529,-1.519,-0.016,0.985,0
164.72,-0.42,0.222,1.166,1.354,0.763,0
125.76,-0.022,-0.874,-0.654,0.482,0.799,0
19.88,-1.07,0.658,-0.361,-2.216,0.875,0
98.89,-2.015,0.735,1.523,-0.186,0.718,0
108.86,0.52,1.033,-1.191,-0.706,0.979,0
94.62,0.407,-0.193,-0.882,0.985,0.81,0
23.91,0.018,0.485,-0.292,0.753,0.95,0
9.71,1.251,-0.623,0.392,0.246,0.789,0
58.25,0.354,0.464,1.087,-0.335,0.714,0
134.5,-0.667,-0.915,-2.998,-0.405,0.851,0
71.89,-0.992,-0.515,-0.521,1.399,0.847,0
92.96,0.264,0.52,-0.016,0.282,0.981,0
72.37,-2.002,-0.479,-1.183,0.69,0.73,0
7.35,-0.786,-1.565,-1.788,0.449,0.985,0
34.32,-0.929,-0.138,1.583,0.375,0.757,0
43.99,0.435,-0.129,0.579,-2.384,0.803,0
82.07,-0.484,1.39,-2.234,-0.087,0.986,0
109.57,-0.275,-0.029,0.356,0.015,0.852,0
22.12,-0.018,-0.06,2.086,1.337,0.856,0
109.36,1.785,-0.856,-0.359,-0.58,0.942,0
203.97,-0.496,0.041,0.204,0.431,0.82,0
82.54,-1.205,-2.442,-0.842,-0.444,0.764,0
5.96,-0.698,-1.139,0.089,-0.387,0.865,0
13.68,-0.573,1.157,-0.164,-0.35,0.793,0
67.96,1.214,0.785,-0.793,-1.131,0.789,0
43.3,-1.697,-1.442,-2.647,-0.364,0.94,0
58.17,0.987,-0.734,-0.248,1.103,0.894,0
10.15,-0.606,0.039,0.084,-0.349,0.788,0
120.33,0.115,1.784,0.311,-0.797,0.877,0
66.62,0.039,0.794,0.005,0.275,0.734,0
59.04,0.374,-1.223,-0.312,1.912,0.728,0
58.75,0.241,-0.554,0.109,-1.177,0.865,0
222.36,-1.002,0.36,1.935,-0.796,0.903,0
174.01,0.403,0.9,-0.277,0.152,0.712,0
14.12,0.098,-0.856,0.459,-0.362,0.829,0
106.08,-1.32,1.12,-0.744,-1.213,0.931,0
80.02,0.737,-0.572,0.129,-0.287,0.827,0
116.7,0.099,0.169,-1.16,-0.193,0.934,0
57.49,0.195,-0.378,-0.145,-0.067,0.962,0
61.09,0.979,-0.991,1.068,0.751,0.761,0
62.17,0.213,-0.354,0.555,0.647,0.801,0
104.63,2.138,0.895,0.714,1.916,0.948,0
84.97,0.17,0.841,1.162,1.059,0.986,0
11.64,-1.512,-0.414,1.172,0.498,0.98,0
56.53,-1.104,0.786,0.371,0.085,0.986,0
92.4,-0.179,0.231,-0.274,-0.324,0.822,0
80.7,-1.566,0.782,-1.22,-2.004,0.904,0
97.45,-1.308,-1.795,-1.219,-0.7,0.833,0
103.58,0.832,0.722,1.322,-0.626,0.702,0
60.1,0.538,1.216,2.178,-0.391,0.963,0
76.03,0.612,1.715,-0.108,-0.397,0.864,0
140.62,0.54,-0.073,0.927,-0.865,0.822,0
61.57,-0.628,0.932,0.046,-0.924,0.853,0
140.61,1.694,0.857,0.188,1.835,0.747,0
268.16,-1.101,5.288,-3.127,5.134,0.222,1
115.55,-0.189,-0.199,-0.186,-1.567,0.966,0
79.95,-0.681,-0.914,-0.136,0.785,0.87,0
57.37,-1.299,-0.571,1.134,0.968,0.78,0
137.26,-0.496,-0.856,-0.32,0.383,0.701,0
178.96,-0.861,-1.748,1.169,-0.18,0.798,0
194.4,0.543,2.326,-1.143,-0.778,0.881,0
55.34,-0.018,0.887,-2.644,0.374,0.929,0
52.01,0.659,-0.42,1.58,1.672,0.877,0
112.85,-0.277,0.232,-0.417,0.221,0.809,0
10.53,2.144,0.311,-0.43,-1.1,0.97,0
54.65,0.137,-0.054,0.426,0.394,0.704,0
267.17,0.705,0.732,-0.089,-0.139,0.979,0
64.03,1.121,-0.337,-0.164,-0.813,0.809,0
41.6,-1.004,-0.666,0.46,-1.071,0.967,0
65.44,-0.83,-0.492,-1.32,-0.953,0.874,0
131.92,2.15,-0.737,1.508,-0.729,0.866,0
61.68,-0.835,1.587,-0.032,-1.077,0.851,0
24.17,-1.124,-0.296,-1.905,0.354,0.842,0
26.62,-1.384,1.226,-2.11,-0.283,0.915,0
183.01,-1.247,-1.74,0.781,-0.124,0.901,0
29.19,-0.563,-0.657,-0.867,-0.759,0.891,0
15.47,1.551,-1.397,-0.341,-0.164,0.724,0
16.44,0.465,0.988,-0.159,-0.637,0.781,0
78.34,-2.144,2.59,-0.808,-0.414,0.915,0
185.12,0.885,0.938,-1.442,1.269,0.923,0
174.15,0.423,-2.232,-0.21,-0.967,0.805,0
22.19,0.825,0.287,0.437,-0.446,0.78,0
222.27,0.949,0.696,0.16,-0.801,0.938,0
173.09,0.119,-0.476,-0.655,0.322,0.714,0
135.62,-0.858,-0.252,0.587,0.441,0.87,0
19.95,2.032,0.676,-0.275,1.307,0.736,0
244.12,2.199,0.863,-1.732,0.617,0.989,0
102.07,1.349,-2.064,0.937,-0.203,0.84,0
152.44,0.343,0.36,0.714,0.447,0.812,0
15.35,-0.007,1.23,0.484,-0.658,0.906,0
24.37,-0.475,0.753,-0.056,1.46,0.912,0
45.82,0.983,-0.44,-0.878,1.928,0.882,0
16.13,0.345,0.01,0.781,-0.931,0.826,0
94.83,-0.144,-1.438,1.046,1.888,0.864,0
86.16,-0.371,0.002,-0.323,-1.213,0.923,0
337.79,-0.295,0.909,-0.867,-2.281,0.89,0
30.69,-1.718,-0.472,-0.384,0.258,0.966,0
196.84,0.235,0.4,-0.149,-0.945,0.738,0
378.84,0.901,-1.764,0.781,1.144,0.835,0
84.04,-0.56,0.053,-0.021,0.835,0.952,0
170.25,0.522,-0.352,-0.098,0.933,0.828,0
21.37,0.555,-1.067,-3.541,1.447,0.747,0
62.99,0.92,-0.208,-1.035,0.37,0.714,0
70.66,-0.77,-1.026,0.736,-1.248,0.861,0
11.9,1.459,0.133,0.588,0.102,0.743,0
433.91,0.906,1.938,-0.438,0.014,0.972,0
92.79,0.132,-0.544,-0.007,2.432,0.789,0
69.49,-0.395,0.013,-0.141,-0.068,0.961,0
114.8,0.259,0.951,-1.495,-0.253,0.914,0
204.31,-0.652,-0.532,-0.842,0.977,0.822,0
46.23,0.419,0.543,-1.584,0.626,0.972,0
95.04,0.072,0.425,0.46,0.472,0.798,0
287.61,-0.08,0.23,0.825,1.965,0.921,0
175.96,1.215,0.396,-1.06,-0.733,0.825,0
101.25,0.57,-0.989,1.284,-0.46,0.711,0
98.72,0.505,0.172,0.91,0.655,0.962,0
100.55,0.7,-0.397,-0.474,1.552,0.906,0
176.92,-0.802,-1.788,-0.293,-0.453,0.956,0
43.05,1.527,1.109,-0.606,0.538,0.788,0
55.56,-0.076,1.261,-0.335,0.833,0.928,0
26.52,-0.244,1.523,-0.313,-0.542,0.817,0
122.59,0.213,-0.57,0.924,1.297,0.921,0
21.68,0.639,0.126,1.526,1.518,0.914,0
39.45,0.507,0.244,-0.232,-1.482,0.947,0
152.63,1.995,-0.674,-1.607,-1.179,0.825,0
661.54,-1.454,4.211,-5.97,6.702,0.233,1
149.99,0.997,0.123,0.438,1.762,0.919,0
8.32,-1.52,-0.359,0.029,0.334,0.892,0
32.78,-1.154,-1.25,-0.251,1.896,0.85,0
81.2,-0.238,0.156,0.335,1.466,0.894,0
38.73,-1.427,-0.481,-0.003,0.411,0.989,0
62.2,0.04,-1.521,0.575,0.811,0.877,0
78.7,0.411,1.412,0.018,-1.45,0.906,0
131.55,0.001,-0.062,0.478,-0.338,0.744,0
98.33,-0.81,-1.321,2.244,0.073,0.795,0
104.62,-0.182,0.551,1.471,-0.602,0.739,0
37.04,-0.121,-1.02,-1.437,0.259,0.708,0
113.01,0.671,-1.139,-0.674,-0.1,0.837,0
66.82,0.445,0.679,-0.712,-0.349,0.833,0
358.15,1.699,0.103,0.861,0.45,0.763,0
124.15,0.201,-0.066,-0.716,0.925,0.864,0
49.04,-2.219,-0.154,0.941,-1.188,0.926,0
181.05,0.327,-0.349,-0.465,-1.57,0.961,0
56.52,-0.456,-0.406,1.59,-0.163,0.989,0
136.61,0.352,0.536,-0.164,0.681,0.967,0
11.69,0.989,0.904,1.015,-2.083,0.806,0
23.55,-0.796,-0.72,0.89,0.107,0.965,0
9.79,-0.137,-0.226,-0.4,-0.242,0.813,0
80.32,1.274,2.294,1.267,-0.99,0.94,0
41.13,-0.249,-0.506,-0.101,-1.122,0.745,0
57.82,0.722,-0.844,0.052,-0.444,0.749,0
5.08,0.382,0.822,0.286,-0.7,0.877,0
59.5,0.949,-0.198,-0.574,-1.439,0.795,0
130.37,1.054,0.827,1.353,0.759,0.966,0
187.99,-0.21,0.016,0.025,-0.269,0.826,0
56.01,0.759,-0.181,0.96,-0.38,0.962,0
63.83,1.555,-0.316,-1.0,1.213,0.73,0
31.15,-0.4,-0.719,0.774,-1.338,0.977,0
103.39,-0.599,1.587,0.898,-0.455,0.963,0
56.11,0.08,1.402,0.566,0.253,0.857,0
64.46,-1.018,-1.094,-0.241,1.405,0.747,0
13.44,-2.464,-1.904,-0.4,2.12,0.742,0
65.25,0.822,1.662,-0.639,0.454,0.973,0
87.46,-0.459,0.629,0.838,0.714,0.815,0
46.18,-0.689,0.267,0.559,-1.054,0.729,0
308.44,0.324,0.946,0.668,-0.46,0.756,0
50.33,1.74,0.474,-1.612,1.227,0.925,0
94.64,-0.559,-0.419,-0.813,2.117,0.749,0
38.58,-0.647,-0.325,1.556,0.277,0.867,0
153.78,-0.18,-1.043,1.594,0.991,0.902,0
115.97,-0.71,0.265,1.087,0.944,0.988,0
105.48,0.157,1.975,0.533,1.322,0.723,0
115.27,0.969,0.734,0.346,-0.846,0.786,0
126.4,0.777,-1.097,-0.847,0.292,0.891,0
225.87,-0.527,1.113,0.139,0.193,0.721,0
49.44,1.127,-0.643,1.697,-0.825,0.875,0
320.75,-0.113,0.682,0.79,0.536,0.961,0
11.0,-1.064,-1.171,-1.231,-0.244,0.844,0
97.51,2.101,-0.033,0.16,0.596,0.956,0
16.98,-0.291,0.227,-1.703,-0.889,0.87,0
35.5,-1.363,1.412,0.356,0.959,0.762,0
39.82,-0.348,1.064,2.115,0.508,0.801,0
34.59,-1.488,-0.129,-0.277,-0.137,0.788,0
37.87,0.094,0.484,-1.185,0.474,0.817,0
70.76,1.576,0.702,0.956,-1.021,0.921,0
116.21,-0.652,0.78,-0.138,-0.618,0.938,0
16.5,-0.303,-0.792,0.393,0.56,0.77,0
67.96,-0.585,-0.844,1.731,0.118,0.727,0
34.92,-0.125,0.752,-1.83,0.23,0.929,0
19.75,0.799,-0.696,-1.369,-0.304,0.889,0
117.17,-0.378,-0.635,-0.559,-1.298,0.921,0
111.31,-0.387,-0.501,-0.698,-0.45,0.819,0
11.64,0.786,0.683,-0.839,0.152,0.958,0
291.51,0.646,-0.94,0.141,1.214,0.794,0
60.35,-2.517,0.311,0.107,0.188,0.77,0
79.87,-0.807,0.423,0.736,-0.257,0.864,0
25.79,0.051,-1.058,-1.984,0.571,0.883,0
11.05,0.15,-1.147,0.418,-0.86,0.813,0
48.39,-0.003,1.594,0.041,1.783,0.872,0
126.56,1.574,1.461,1.179,-1.884,0.725,0
42.78,1.171,-0.307,1.752,0.102,0.706,0
58.09,-0.185,0.269,-0.066,-0.465,0.904,0
56.51,1.998,-0.471,0.849,-0.828,0.744,0
47.82,1.02,0.485,0.675,0.888,0.804,0
16.09,0.445,-0.346,0.069,-0.8,0.888,0
110.41,1.237,0.659,-1.094,-0.48,0.759,0
6.02,-0.702,-0.257,1.058,-1.473,0.959,0
160.56,-0.584,-0.394,-1.314,0.205,0.944,0
47.74,-0.275,0.459,0.115,-2.482,0.959,0
177.61,-1.435,0.384,0.338,-0.069,0.876,0
134.13,1.57,-2.46,1.734,-0.607,0.947,0
65.18,-2.115,-0.253,1.009,-0.617,0.907,0
138.03,0.169,0.599,1.295,0.603,0.779,0
119.75,0.582,0.489,1.124,-1.158,0.788,0
119.19,2.341,-0.888,-1.167,-0.291,0.752,0
11.86,1.048,0.355,1.68,-0.3,0.746,0
31.94,-0.526,-1.397,-0.649,-1.21,0.911,0
85.26,0.222,-0.674,0.744,-0.039,0.784,0
115.09,-0.876,0.726,-0.02,0.927,0.897,0
120.94,-2.68,1.433,-4.804,1.077,0.2,1
91.97,-0.189,-0.005,-0.962,1.849,0.799,0
13.4,-0.689,-0.698,-0.109,0.703,0.712,0
17.7,0.16,-0.759,-0.006,-1.367,0.807,0
143.47,-0.452,-1.946,-0.507,1.682,0.93,0
97.12,0.117,-2.62,0.07,0.201,0.962,0
21.74,0.896,-0.037,-0.772,-0.099,0.955,0
29.67,-0.097,-0.99,0.567,-0.739,0.734,0
28.31,0.237,-1.371,0.032,1.08,0.717,0
75.44,-0.366,0.296,0.56,1.504,0.857,0
29.39,0.185,-0.067,0.355,-0.23,0.868,0
16.18,0.649,-0.047,1.059,-0.237,0.774,0
76.92,2.242,-0.228,-0.488,-0.266,0.781,0
37.92,0.041,0.114,0.224,-0.034,0.744,0
59.94,-0.487,0.161,-0.539,0.292,0.741,0
19.79,0.207,0.485,0.708,1.983,0.785,0
87.44,-1.084,-0.275,-0.763,0.39,0.755,0
149.68,1.19,1.454,-1.812,-1.429,0.9,0
119.5,0.503,0.011,-0.103,0.537,0.938,0
71.61,-0.681,0.018,0.89,0.164,0.926,0
136.18,-0.425,-1.021,-0.748,-1.084,0.868,0
43.57,-1.886,1.861,-0.528,-0.278,0.959,0
5.97,-1.515,0.385,-0.261,0.061,0.988,0
22.22,-0.787,0.481,-0.824,0.079,0.922,0
79.74,0.806,0.09,-0.008,0.313,0.769,0
129.8,0.903,-0.937,0.456,0.541,0.779,0
48.65,-0.265,-2.63,-0.178,-1.248,0.848,0
69.49,0.072,1.332,0.705,-1.164,0.931,0
37.7,-0.961,0.395,0.675,-0.261,0.964,0
77.8,0.784,0.448,-0.013,0.587,0.863,0
50.67,-0.133,-0.735,0.599,0.571,0.959,0
9.49,-0.976,0.068,0.037,-0.028,0.844,0
125.79,-0.13,-0.68,-0.825,0.392,0.794,0
10.67,0.198,0.064,0.135,0.131,0.867,0
67.08,1.229,-0.362,1.216,-1.054,0.937,0
28.93,0.676,0.602,-0.59,-0.583,0.719,0
115.05,0.888,-0.277,-0.307,-1.626,0.885,0
183.45,-2.286,0.445,-0.401,0.776,0.723,0
55.05,1.729,1.572,-0.186,0.373,0.781,0
54.36,1.318,-0.798,1.274,0.697,0.938,0
222.91,0.287,-0.041,0.701,-0.93,0.855,0
149.31,1.495,-0.122,0.143,0.264,0.925,0
10.91,0.576,1.811,-0.438,-0.128,0.807,0
63.73,-0.555,-0.49,2.638,0.258,0.77,0
80.25,-0.063,0.936,2.517,-0.684,0.824,0
38.59,-0.771,-0.762,0.908,0.343,0.895,0
43.3,1.893,-1.705,1.178,-0.17,0.788,0
44.52,-0.453,-0.522,0.147,2.146,0.767,0
48.83,-0.33,1.042,-0.248,0.651,0.894,0
294.06,1.587,-0.968,-1.041,-0.909,0.867,0
334.45,0.71,-0.076,-0.196,0.329,0.817,0
92.62,-0.92,0.041,2.032,-1.072,0.725,0
357.71,-2.903,0.484,-6.043,5.69,0.076,1
64.85,-0.046,-0.063,0.561,-2.076,0.785,0
32.47,0.629,-0.006,1.441,0.829,0.825,0
6.71,1.294,1.433,-0.096,-0.985,0.965,0
24.51,-2.101,-2.101,0.472,0.452,0.92,0
43.66,-0.207,-0.588,1.171,1.039,0.98,0
56.38,0.644,2.175,-0.131,-1.18,0.858,0
260.92,0.112,-0.031,-1.591,0.261,0.756,0
17.99,-0.398,-0.039,0.26,-0.029,0.894,0
126.23,-0.073,-1.035,0.581,-0.315,0.753,0
57.18,0.414,2.593,-0.506,0.623,0.809,0
138.5,-2.425,0.696,0.079,0.311,0.948,0
66.84,-0.098,2.171,0.698,1.011,0.987,0
65.69,-1.69,-0.577,1.078,-0.067,0.712,0
329.04,-1.125,-0.684,-0.692,-0.039,0.908,0
44.53,0.208,-1.396,1.536,-0.046,0.914,0
193.97,0.417,-0.344,0.331,-0.149,0.782,0
227.29,-0.29,-1.462,-0.005,0.225,0.86,0
105.77,-0.725,-1.015,0.267,-0.745,0.752,0
30.3,-0.329,0.736,-1.99,1.295,0.721,0
43.32,0.888,-0.206,-1.047,-1.522,0.927,0
125.94,-0.413,1.321,0.036,1.328,0.781,0
35.67,-0.514,-0.4,1.151,0.293,0.753,0
202.15,-0.759,0.011,-0.428,-0.804,0.713,0
36.45,-0.766,-0.776,0.815,0.423,0.812,0
182.17,-1.088,-0.574,1.027,-1.6,0.806,0
99.98,0.78,-1.02,-0.595,-2.057,0.862,0
103.52,0.634,-0.493,-0.931,0.777,0.983,0
97.91,-1.203,-0.167,-1.251,0.124,0.825,0
49.66,-0.86,0.615,-0.531,0.984,0.829,0
130.79,-1.478,0.966,-1.542,-0.903,0.872,0
39.37,0.572,1.618,-0.441,-0.824,0.764,0
47.06,1.429,3.377,-0.724,0.593,0.974,0
40.69,1.06,-1.143,-0.479,1.203,0.917,0
187.91,0.51,0.608,1.158,0.754,0.984,0
52.95,-0.067,-0.746,-0.052,-0.114,0.87,0
36.49,0.944,0.544,0.885,-0.176,0.723,0
160.83,-0.514,0.949,-1.059,-1.093,0.935,0
156.45,0.93,-1.71,-0.098,-1.13,0.99,0
19.7,0.855,1.334,0.504,-0.558,0.787,0
17.33,-0.841,-0.159,-0.751,-1.382,0.947,0
138.69,1.699,-0.433,-1.89,0.815,0.911,0
102.79,1.471,1.486,-0.977,1.548,0.952,0
20.05,-0.328,0.798,0.259,-0.973,0.809,0
148.66,1.859,-0.763,-1.004,-0.663,0.813,0
84.34,0.913,1.832,-0.169,-0.393,0.74,0
68.43,2.648,0.67,-1.221,-0.807,0.751,0
71.88,-1.504,0.294,1.006,0.915,0.706,0
47.82,0.052,0.992,-1.257,-0.777,0.771,0
13.93,-0.054,-0.025,0.674,-1.763,0.819,0
33.19,0.864,-0.652,-0.041,0.128,0.711,0
8.17,0.316,1.565,0.695,0.997,0.963,0
189.45,-0.127,1.474,0.072,-1.955,0.846,0
85.1,0.53,-1.069,2.197,-0.793,0.769,0
53.44,0.365,-0.282,-1.544,-0.068,0.712,0
100.73,-1.821,0.291,-1.268,0.889,0.938,0
36.32,0.014,0.065,1.276,-0.815,0.89,0
23.36,-1.314,-0.799,-1.579,1.152,0.79,0
24.75,-1.29,-0.385,-0.143,0.826,0.81,0
27.36,1.423,1.041,-0.678,-0.049,0.966,0
338.93,1.968,-1.194,-1.921,-0.536,0.722,0
56.76,0.977,0.211,-0.604,-0.539,0.924,0
30.03,-0.473,-1.193,0.962,-0.276,0.879,0
49.27,0.611,0.046,-0.212,-0.28,0.979,0
273.1,-0.301,-0.274,-0.59,-0.103,0.89,0
11.86,-0.023,-0.7,-0.087,0.543,0.803,0
531.42,-2.256,0.578,-1.226,-0.459,0.849,0
54.11,-0.74,-0.5,0.091,-1.971,0.717,0
19.19,0.062,0.648,0.174,-0.394,0.718,0
654.24,-2.362,6.459,-5.293,4.224,0.341,1
17.49,0.46,-0.167,0.519,0.003,0.726,0
60.19,0.172,-0.578,0.87,-0.843,0.748,0
164.37,0.266,-0.058,-0.818,1.094,0.908,0
23.97,-1.698,-0.289,1.529,-0.275,0.921,0
66.64,-0.143,0.259,0.605,-1.38,0.88,0
9.05,-1.596,1.37,0.756,0.607,0.86,0
5.15,1.32,0.723,-0.23,-1.632,0.98,0
35.09,-0.681,-0.652,0.619,0.081,0.877,0
35.72,1.329,1.476,-1.13,0.322,0.884,0
52.8,0.031,-0.37,-0.554,0.334,0.779,0
76.9,1.397,0.471,1.389,1.711,0.965,0
56.15,-0.576,-0.468,1.572,-0.739,0.712,0
16.74,0.196,-0.908,-0.656,-0.505,0.872,0
126.77,0.842,-1.807,0.035,-0.382,0.725,0
196.68,0.492,2.407,-2.391,0.399,0.836,0
90.76,0.15,0.677,-2.156,0.266,0.885,0
55.18,-0.207,-0.71,0.847,0.488,0.888,0
76.69,-0.585,1.719,1.877,-0.769,0.854,0
9.78,-0.2,1.709,-0.864,0.245,0.863,0
11.5,2.142,1.823,0.379,0.63,0.772,0
191.41,1.917,1.32,0.234,-0.217,0.97,0
131.79,-0.152,0.339,-0.035,1.14,0.748,0
98.93,-1.147,0.991,-1.156,-0.349,0.756,0
47.21,0.31,-0.124,-0.638,2.085,0.836,0
49.96,-0.577,-1.358,2.258,2.247,0.921,0
42.77,0.597,1.656,-0.107,0.432,0.961,0
151.06,1.403,1.25,0.152,-0.943,0.796,0
52.76,0.787,0.212,0.289,-0.025,0.872,0
19.88,0.605,-0.868,-0.028,-0.648,0.743,0
53.26,-0.268,1.627,-0.502,-0.681,0.807,0
11.13,1.792,1.406,-0.143,-0.643,0.82,0
39.53,-1.975,0.74,1.336,-0.375,0.747,0
87.05,-1.94,0.056,0.383,1.704,0.838,0
98.64,0.912,0.315,0.002,-0.037,0.762,0
13.41,1.657,0.215,1.742,-0.898,0.842,0
53.84,-0.836,-1.494,1.301,-1.336,0.734,0
13.26,0.583,2.014,-1.15,-0.231,0.819,0
137.55,0.332,0.639,0.174,-0.448,0.77,0
37.19,0.597,-0.658,1.196,1.589,0.894,0
27.97,2.059,-0.855,1.201,0.562,0.783,0
130.05,1.905,-0.67,0.641,-0.063,0.752,0
100.54,-1.227,0.287,-0.367,-0.401,0.984,0
112.37,0.545,-1.495,1.207,0.12,0.912,0
156.48,0.582,-1.198,1.165,0.273,0.81,0
8.9,0.362,0.18,0.597,1.653,0.767,0
6.32,-1.037,0.75,-0.107,1.143,0.854,0
124.18,0.621,1.216,0.998,1.257,0.73,0
31.92,-1.136,-0.195,-0.084,-0.144,0.938,0
143.11,-0.065,0.347,0.827,-0.799,0.787,0
144.57,1.439,0.166,0.064,-1.79,0.864,0
248.66,0.174,-0.093,0.625,0.825,0.928,0
84.05,-0.719,-0.593,0.407,0.662,0.762,0
86.15,-1.203,-0.185,-1.789,0.261,0.728,0
58.48,-0.552,0.11,-1.494,-0.603,0.709,0
16.41,-0.263,-0.3,-0.271,1.359,0.743,0
13.98,0.949,-0.643,-1.037,-0.413,0.817,0
73.88,0.084,-0.308,1.198,0.981,0.882,0
40.57,-2.334,0.612,0.702,1.685,0.724,0
92.57,-1.008,1.46,1.697,-0.448,0.936,0
64.79,0.769,-0.187,-0.76,-0.841,0.805,0
171.8,-0.407,0.612,0.081,0.389,0.702,0
7.95,-0.324,-0.366,-0.734,0.709,0.981,0
90.93,-1.02,0.696,0.312,0.73,0.951,0
271.44,0.345,0.286,-1.82,1.138,0.889,0
36.01,-0.073,-1.607,-0.086,-1.5,0.977,0
160.65,1.108,-0.516,-1.041,0.661,0.712,0
18.53,-0.042,0.52,-0.114,1.157,0.892,0
7.08,-0.402,-1.576,-1.094,0.435,0.922,0
43.52,-1.171,1.018,-0.433,1.308,0.893,0
236.43,0.664,1.227,-0.051,-1.877,0.712,0
23.17,1.2,-0.271,2.56,-0.603,0.953,0
36.4,0.762,0.423,-0.56,-1.16,0.984,0
352.44,-0.677,-1.517,2.063,-1.025,0.961,0
39.08,0.005,-0.591,-0.149,-0.609,0.96,0
28.49,-1.037,1.08,0.073,-0.583,0.942,0
49.77,0.818,0.24,-0.6,0.568,0.913,0
64.24,-0.038,1.684,0.195,-1.037,0.843,0
67.02,-1.977,-2.075,2.74,2.124,0.976,0
94.09,0.251,-1.771,1.459,1.328,0.87,0
21.63,-0.073,-0.211,-0.679,-0.112,0.936,0
40.85,-0.028,-0.693,-0.025,-0.141,0.969,0
46.24,-0.277,-0.571,-1.36,-0.009,0.835,0
158.85,-0.502,-0.757,-1.724,1.176,0.945,0
112.2,0.251,-0.805,-0.317,-0.501,0.752,0
21.15,1.105,2.022,-0.872,-0.169,0.735,0
79.53,0.053,0.352,-0.078,0.627,0.826,0
63.92,-0.961,1.432,0.52,-2.851,0.876,0
32.46,-0.576,-2.702,1.059,0.724,0.914,0
40.52,-0.791,-0.623,-0.486,-1.895,0.947,0
133.07,-0.459,0.706,-1.591,0.686,0.732,0
102.97,0.414,-0.882,1.105,0.527,0.74,0
135.06,0.775,1.204,1.607,-0.545,0.91,0
89.86,-0.243,1.405,0.159,-1.019,0.777,0
46.24,-0.039,-0.16,0.188,1.362,0.703,0
58.94,-0.2,-1.853,0.683,-0.151,0.712,0
102.81,0.127,-1.312,-0.001,-0.604,0.736,0
159.66,0.035,-1.015,0.479,0.021,0.89,0
33.85,-0.514,-0.359,0.798,1.073,0.877,0
8.54,0.682,1.263,0.089,0.472,0.788,0
45.84,0.555,-0.807,-0.924,0.641,0.746,0
11.81,-0.147,0.228,-1.283,-0.911,0.82,0
111.41,-0.203,0.237,-1.07,1.353,0.984,0
35.19,0.008,-0.236,1.068,0.912,0.834,0
101.03,2.193,0.646,1.69,0.986,0.758,0
31.6,-1.804,-2.011,-0.612,1.267,0.747,0
29.62,0.7,-0.862,1.841,-0.262,0.821,0
192.41,0.025,1.127,0.229,1.494,0.775,0
42.24,-1.749,1.255,0.902,-0.266,0.948,0
82.64,-0.19,-1.76,-1.747,-1.095,0.73,0
71.58,1.033,-1.274,-0.693,-1.821,0.715,0
421.32,-0.445,0.007,1.078,0.12,0.924,0
107.59,0.392,-0.897,0.405,1.488,0.959,0
32.57,0.529,-0.369,0.937,-0.385,0.708,0
5.28,0.453,-0.239,0.044,0.934,0.86,0
39.3,0.707,-0.575,-0.031,-0.976,0.884,0
14.3,2.625,0.664,-0.848,0.776,0.785,0
76.64,-0.316,-0.143,0.118,-0.032,0.731,0
75.24,-0.325,-0.266,1.16,-0.697,0.731,0
27.2,1.587,0.665,-0.934,0.397,0.873,0
16.98,1.366,-1.956,-1.008,0.156,0.71,0
141.06,-0.396,0.214,-0.083,-1.681,0.769,0
87.87,0.206,-0.455,2.401,-0.121,0.955,0
119.61,0.338,-0.027,-0.991,-0.112,0.988,0
6.96,-1.866,0.488,2.92,0.177,0.77,0
74.18,-0.816,0.895,-1.447,-0.728,0.938,0
114.73,-0.109,0.123,0.12,-1.233,0.982,0
42.57,-0.088,-1.926,1.536,-1.093,0.983,0
84.26,-0.455,0.245,-0.775,2.147,0.957,0
46.77,-1.093,0.721,-0.717,-1.393,0.788,0
29.89,0.111,2.876,2.736,-0.322,0.783,0
97.44,-2.104,0.031,0.546,0.783,0.814,0
164.92,0.072,0.821,1.193,-0.907,0.968,0
91.2,0.148,-0.622,0.003,0.53,0.715,0
26.25,-0.761,-1.197,2.06,0.188,0.719,0
9.73,0.938,0.209,1.05,0.079,0.935,0
11.71,0.587,-1.11,-1.765,-0.476,0.821,0
55.08,0.302,-1.769,0.949,1.441,0.973,0
139.96,-1.443,0.289,1.858,-0.472,0.943,0
278.05,0.611,2.393,-1.677,-1.019,0.885,0
70.21,-0.711,2.436,0.132,-1.967,0.732,0
11.25,1.59,-0.464,0.449,-1.659,0.781,0
46.82,-1.603,0.098,0.567,-0.547,0.807,0
365.8,-1.437,-1.276,0.372,0.111,0.983,0
109.4,0.388,1.558,0.575,0.409,0.841,0
87.21,2.384,1.424,-0.298,0.805,0.76,0
56.79,-0.008,-1.467,0.233,0.8,0.948,0
20.45,0.214,0.844,0.089,-0.315,0.976,0
12.01,0.799,0.159,-2.136,-0.35,0.882,0
9.6,0.04,-1.95,-1.492,-0.953,0.941,0
237.12,0.064,1.074,-1.604,-0.672,0.728,0
60.44,0.087,0.64,-0.757,0.328,0.742,0
58.08,-0.141,0.457,1.414,1.644,0.949,0
5.28,-0.568,-0.628,0.04,-0.543,0.853,0
162.95,0.055,0.643,0.16,0.305,0.777,0
229.14,-0.902,1.759,-0.906,1.654,0.733,0
112.89,0.555,0.786,1.718,-1.316,0.956,0
393.84,-0.14,1.377,0.747,0.486,0.835,0
135.68,-2.398,-0.367,2.012,0.298,0.911,0
42.5,0.845,0.147,0.585,-1.017,0.82,0
7.08,1.099,-0.549,-0.026,1.441,0.837,0
78.64,0.14,-1.508,-0.015,-0.29,0.797,0
100.5,-1.31,1.521,-0.633,0.197,0.731,0
93.52,-0.786,1.127,0.677,-0.016,0.974,0
36.23,0.382,1.261,-0.021,0.443,0.925,0
129.24,1.45,-0.013,-0.566,-0.358,0.823,0
249.45,2.287,0.013,-0.955,0.323,0.813,0
109.33,-0.845,-0.187,-0.646,-1.35,0.857,0
27.28,0.715,-0.701,-0.071,0.185,0.9,0
30.37,0.212,0.524,0.68,2.426,0.785,0
30.87,1.683,0.652,0.069,-0.478,0.749,0
17.86,-1.495,0.973,-2.011,-0.849,0.888,0
58.98,-0.101,0.316,-0.877,0.869,0.848,0
73.36,-0.336,-2.032,0.694,-0.986,0.924,0
32.95,-0.474,-0.094,0.75,-0.706,0.876,0
24.58,0.754,-0.578,-0.627,-1.1,0.893,0
75.0,0.932,-0.091,0.716,-0.832,0.746,0
86.3,-0.122,1.076,0.812,0.568,0.739,0
109.0,0.142,0.783,-0.243,-0.205,0.775,0
14.29,-0.773,0.024,-0.32,-1.474,0.837,0
75.83,-0.135,0.061,-0.535,-0.09,0.916,0
26.45,-0.022,0.718,1.47,-0.281,0.907,0
84.45,-0.123,0.691,-0.465,1.197,0.943,0
30.53,0.995,-1.179,-0.667,-0.707,0.789,0
101.57,0.326,0.726,0.169,1.275,0.72,0
14.0,-1.925,0.608,-0.182,-1.505,0.893,0
46.32,0.632,0.802,0.959,-1.357,0.948,0
78.64,-0.403,1.362,-0.613,0.125,0.986,0
141.81,0.398,0.755,-0.288,1.012,0.777,0
75.11,1.837,-0.958,1.919,-0.158,0.947,0
23.5,-0.699,-1.886,-0.109,0.375,0.811,0
95.08,0.58,-0.104,0.033,0.972,0.887,0
10.08,1.09,1.03,-1.22,-0.613,0.965,0
52.29,-0.251,0.083,1.25,-0.339,0.812,0
83.56,-0.393,-1.365,0.117,0.751,0.962,0
202.45,-0.161,-0.474,-1.36,1.681,0.707,0
60.01,1.563,-0.352,-0.91,-0.71,0.774,0
35.77,-0.693,2.415,-1.15,-1.492,0.808,0
310.17,0.66,-0.554,-0.869,1.674,0.861,0
29.82,0.69,0.822,-0.303,-1.248,0.823,0
126.29,1.53,0.368,-0.484,0.393,0.852,0
170.65,-0.738,-1.788,-0.424,0.808,0.7,0
27.68,-1.01,0.681,0.028,0.745,0.833,0
53.42,-0.463,1.866,-0.754,-0.127,0.854,0
93.59,0.86,-0.642,1.179,1.331,0.822,0
282.78,0.559,-1.626,1.089,-0.849,0.714,0
8.99,-0.279,1.318,1.098,-1.621,0.904,0
151.09,-6.109,6.755,-4.658,5.878,0.147,1
24.69,1.034,-0.296,-1.241,0.561,0.876,0
46.06,0.184,-0.89,1.145,1.163,0.885,0
63.96,2.252,0.323,1.065,1.309,0.87,0
19.4,-0.682,-0.823,0.122,0.197,0.86,0
29.69,-0.251,1.398,1.163,-0.856,0.878,0
133.71,-0.218,-0.512,-1.148,-1.218,0.846,0
33.28,-2.06,-0.867,0.657,1.493,0.89,0
25.1,-0.31,-0.516,0.155,-0.655,0.989,0
14.03,-0.084,0.071,1.161,1.377,0.962,0
15.28,-0.599,-0.27,0.804,-0.181,0.927,0
114.09,1.019,0.088,-1.163,-0.168,0.943,0
32.88,1.525,1.554,0.886,-0.935,0.924,0
220.22,1.403,0.427,-0.825,0.862,0.79,0
60.34,-0.98,-0.065,-0.105,-1.065,0.912,0
157.51,-1.436,2.633,-1.215,-0.458,0.743,0
138.43,1.454,-0.175,-0.922,0.615,0.848,0
54.9,1.29,-2.307,-0.404,-1.646,0.886,0
64.06,0.229,-0.219,-2.824,-1.106,0.928,0
13.31,0.343,0.768,-0.906,0.04,0.748,0
38.23,-0.872,0.541,-2.564,-1.855,0.843,0
70.21,1.469,-0.065,-0.562,0.657,0.714,0
108.26,-0.044,0.394,-0.688,-0.482,0.783,0
38.78,1.85,-0.906,0.999,-0.356,0.845,0
289.43,-1.791,0.029,0.606,-0.955,0.856,0
83.74,0.821,0.927,-2.334,0.705,0.856,0
85.57,-0.263,-1.115,-1.212,-1.332,0.726,0
19.8,-0.4,-1.068,-0.152,0.204,0.821,0
36.74,-0.579,-0.607,0.018,0.125,0.74,0
32.01,-0.021,1.442,-1.455,1.132,0.861,0
30.32,1.05,-1.324,0.351,-1.046,0.947,0
15.91,1.17,-1.6,-0.892,0.131,0.932,0
312.5,0.711,0.093,0.495,-0.549,0.717,0
187.52,-1.091,1.465,0.499,-0.488,0.875,0
42.99,1.264,-0.217,-0.661,-0.259,0.964,0
46.65,-1.138,-0.584,-0.184,0.258,0.885,0
185.77,1.752,-0.992,1.462,-0.954,0.774,0
6.88,-0.395,0.387,1.178,-0.394,0.76,0
175.66,-2.296,-0.038,-1.242,1.271,0.801,0
117.41,-0.99,-0.629,0.532,0.536,0.844,0
68.57,0.091,1.932,0.286,-1.088,0.957,0
103.79,-0.342,0.795,0.706,-0.458,0.814,0
110.13,0.437,-0.602,-1.693,0.358,0.843,0
106.48,-1.493,0.222,-0.819,1.054,0.78,0
59.16,0.509,0.209,-0.3,-1.039,0.719,0
125.79,1.789,-0.452,0.897,-0.463,0.855,0
249.41,0.028,-0.826,0.528,1.405,0.707,0
309.96,-1.034,-0.832,2.945,-1.002,0.922,0
47.47,1.414,-2.428,0.765,-0.195,0.947,0
56.59,-0.348,-0.512,-0.322,-0.349,0.933,0
78.64,0.428,-0.013,0.546,0.78,0.755,0
129.7,0.425,-2.12,1.534,1.531,0.911,0
97.13,-0.074,-0.75,-1.254,1.008,0.791,0
109.87,-3.164,4.133,-4.482,1.369,0.347,1
6.16,-0.233,0.824,-0.432,-0.862,0.8,0
165.01,0.184,-0.21,-0.0,1.53,0.762,0
90.55,-0.372,-0.413,0.216,0.909,0.856,0
551.41,-2.232,1.324,-0.168,0.259,0.728,0
90.46,-0.244,-0.777,1.383,-2.224,0.988,0
26.23,-0.953,-0.322,1.497,0.708,0.84,0
28.98,0.721,2.227,-0.34,-1.184,0.826,0
349.45,0.463,0.69,0.32,0.528,0.962,0
9.77,1.636,-0.291,-1.224,0.314,0.799,0
37.5,-0.822,-1.251,1.169,0.049,0.915,0
158.28,-0.21,0.961,-0.483,-0.168,0.97,0
10.79,-0.708,1.4,-0.107,0.598,0.937,0
33.24,0.773,-1.625,0.004,0.117,0.972,0
136.15,-0.3,1.385,-1.217,-0.448,0.98,0
277.33,-0.849,1.03,-1.029,-1.833,0.941,0
13.07,0.431,-0.139,1.04,0.812,0.92,0
10.31,-0.042,-1.443,-1.198,-1.773,0.927,0
6.26,-0.138,-0.659,-0.181,0.174,0.861,0
101.46,0.071,-1.565,0.026,0.882,0.746,0
89.01,-0.376,0.073,-0.408,-0.617,0.832,0
44.5,0.251,0.875,0.076,1.059,0.726,0
57.89,-0.474,0.499,-0.268,-0.642,0.813,0
36.08,-0.397,-0.581,-0.975,1.557,0.883,0
70.32,-1.605,0.313,-0.435,0.02,0.825,0
77.26,-0.573,-0.748,-0.57,-2.111,0.889,0
93.87,0.582,-1.338,0.278,0.866,0.983,0
13.99,0.388,-0.049,1.411,-0.709,0.709,0
105.89,-0.169,0.626,0.318,0.56,0.731,0
9.77,0.534,0.525,-0.365,-0.698,0.926,0
68.35,-0.025,0.599,0.112,2.034,0.973,0
48.23,-0.719,-1.12,-0.007,1.181,0.803,0
71.8,0.733,-1.531,0.84,0.544,0.969,0
50.15,-0.264,0.149,-1.438,-0.256,0.783,0
93.72,0.819,-2.019,-1.19,-0.315,0.721,0
27.91,0.154,-0.573,-0.6,1.107,0.812,0
148.98,-0.394,-0.287,2.218,0.017,0.874,0
111.36,-0.105,-0.647,0.779,-0.786,0.953,0
33.08,-0.241,-0.395,-0.308,-0.687,0.856,0
314.18,-1.356,-0.487,-0.367,-0.374,0.756,0
127.11,2.704,1.386,1.381,-1.034,0.837,0
38.92,0.294,-0.162,-0.53,-1.741,0.802,0
12.66,-0.495,-0.501,-0.798,1.655,0.927,0
109.91,0.273,-1.335,0.738,1.348,0.874,0
119.37,0.001,-0.002,0.519,-1.641,0.77,0
160.14,2.209,-0.3,0.195,0.145,0.912,0
18.69,0.342,1.023,0.72,0.187,0.772,0
173.25,-1.014,4.357,-2.308,2.754,0.231,1
85.12,-0.438,0.442,0.998,0.678,0.83,0
38.19,-1.146,-1.381,-0.016,-2.112,0.904,0
130.61,1.619,-1.067,-0.968,1.052,0.728,0
196.3,1.128,1.349,1.154,0.219,0.983,0
272.66,-0.46,0.735,-0.442,0.105,0.924,0
15.07,1.242,-0.349,-0.501,-0.106,0.895,0
300.13,-1.179,0.664,0.117,-0.035,0.765,0
75.08,1.401,-0.52,-0.375,0.865,0.892,0
72.69,-0.965,-0.938,-1.196,0.134,0.935,0
11.08,-0.271,-0.695,-0.066,-1.032,0.816,0
113.75,-0.571,-2.387,-1.646,-0.588,0.96,0
39.33,-1.496,0.452,0.624,0.677,0.786,0
102.27,0.541,1.765,1.4,1.892,0.724,0
99.3,-2.53,-1.243,-0.525,-0.345,0.71,0
32.41,-0.792,0.34,0.195,0.041,0.785,0
165.17,1.096,-1.204,-0.304,0.319,0.831,0
37.68,0.712,-0.427,-1.823,-0.887,0.875,0
26.05,0.117,-1.561,-1.638,-0.725,0.716,0
67.52,0.35,0.316,0.532,-1.413,0.948,0
49.67,-0.672,-0.814,-0.488,-0.513,0.963,0
232.43,0.121,-0.582,-2.02,1.185,0.883,0
255.28,-0.094,-0.323,-0.8,-1.878,0.846,0
125.54,-1.611,-1.026,0.304,0.285,0.768,0
37.12,-0.572,-1.929,-0.476,-0.465,0.823,0
124.39,0.253,1.598,-1.067,-0.625,0.781,0
52.67,-0.261,1.163,0.846,1.182,0.762,0
40.2,2.256,0.215,-1.612,2.56,0.829,0
63.62,1.455,-2.31,0.288,0.842,0.91,0
82.35,1.017,1.857,-0.093,-0.414,0.73,0
13.67,-0.347,1.374,-0.639,0.847,0.774,0
29.59,1.184,0.437,-2.16,-0.854,0.982,0
15.55,-2.571,-0.376,-0.273,-0.474,0.708,0
183.09,1.206,0.413,2.466,0.534,0.903,0
207.82,-0.269,-0.65,-0.235,-0.189,0.974,0
53.37,0.3,-0.517,-0.738,0.224,0.798,0
18.81,-0.531,2.426,-1.274,-0.793,0.765,0
19.7,1.0,-0.254,-1.324,1.431,0.961,0
122.74,0.651,-1.232,-0.007,0.821,0.913,0
306.24,-0.64,0.307,0.544,-1.46,0.78,0
273.53,-1.032,-2.285,0.227,1.885,0.811,0
11.78,1.013,0.266,-0.974,1.526,0.737,0
149.05,-0.149,0.591,-0.613,1.572,0.846,0
158.92,0.062,-0.846,-0.637,-1.135,0.887,0
7.35,-1.59,0.689,-0.871,0.412,0.913,0
93.18,1.097,1.657,0.815,0.168,0.963,0
18.96,-0.473,-0.119,1.629,-0.198,0.929,0
63.75,-0.233,-0.795,1.133,-0.828,0.913,0
211.78,0.316,-2.42,0.78,-0.059,0.923,0
156.34,0.316,-0.397,-0.386,-0.054,0.717,0
101.3,0.943,-0.328,-0.98,0.595,0.823,0
88.31,-0.125,1.064,0.57,0.621,0.82,0
64.08,0.258,0.373,1.126,-0.751,0.832,0
118.35,-0.483,-0.721,1.046,-1.096,0.938,0
201.93,0.632,-0.808,-0.044,-1.525,0.822,0
218.18,0.557,-0.179,0.528,-0.046,0.914,0
155.28,0.196,-0.9,-0.437,-0.772,0.881,0
115.11,0.038,-0.562,-0.79,0.122,0.845,0
111.35,1.202,0.276,0.563,-0.476,0.727,0
48.96,0.305,-0.243,0.36,-0.985,0.893,0
246.95,0.137,0.389,-0.238,3.807,0.875,0
279.78,0.742,-0.521,-0.554,0.8,0.912,0
99.76,-1.425,-0.126,0.33,0.72,0.749,0
108.71,0.515,0.321,0.319,-1.096,0.891,0
51.15,0.986,-0.063,-0.046,2.223,0.737,0
5.63,0.045,-0.117,-0.793,-0.234,0.865,0
32.94,1.259,1.27,-0.702,-2.295,0.933,0
78.41,-1.604,-0.374,0.357,-0.841,0.766,0
6.63,-1.728,-0.744,-0.569,-1.886,0.894,0
86.46,0.03,0.729,-1.479,-0.142,0.919,0
17.9,-2.698,-0.304,0.628,0.238,0.975,0
20.61,0.783,-0.598,-2.823,1.099,0.906,0
83.29,0.074,0.416,2.329,-1.851,0.934,0
85.62,0.213,0.066,-1.484,1.467,0.9,0
96.56,-0.022,-0.321,-0.007,1.699,0.926,0
55.95,-0.147,-0.857,-2.077,0.574,0.77,0
99.77,1.477,-1.381,0.708,0.757,0.809,0
76.32,1.067,-0.145,-0.34,0.825,0.727,0
20.59,0.961,-1.989,-1.29,1.199,0.894,0
241.0,-0.986,0.439,1.219,2.318,0.953,0
41.66,1.855,-1.449,1.799,0.201,0.712,0
75.47,-0.364,-0.745,-0.953,0.45,0.79,0
108.19,-0.695,0.256,-1.115,0.244,0.773,0
57.25,0.472,-0.561,1.025,-0.195,0.978,0
21.13,-0.711,-0.033,1.242,1.842,0.759,0
140.92,0.033,-0.098,-0.15,-0.254,0.909,0
32.97,0.861,0.023,1.259,0.591,0.814,0
20.0,1.48,-0.361,-0.693,0.722,0.751,0
220.28,-0.28,0.561,-0.036,-0.797,0.787,0
50.88,-1.105,0.628,1.206,-0.61,0.887,0
38.57,1.167,0.723,-1.451,0.515,0.7,0
143.02,0.552,0.901,0.151,-0.75,0.938,0
46.97,0.38,-1.308,1.706,1.156,0.875,0
94.24,-0.928,0.33,0.603,-1.344,0.705,0
90.61,-1.172,0.743,0.823,2.368,0.776,0
57.85,-0.151,0.843,-0.364,0.102,0.723,0
12.21,-0.642,1.193,0.745,-0.82,0.749,0
29.06,-1.86,-0.762,-1.773,0.934,0.814,0
173.89,0.205,1.071,0.784,2.005,0.928,0
73.06,0.095,-0.119,0.679,0.552,0.755,0
31.94,0.075,-1.89,-0.308,-0.982,0.753,0
31.14,0.768,0.447,0.053,-0.383,0.71,0
12.57,1.035,0.901,-0.111,1.355,0.949,0
20.51,-0.574,-0.393,-0.627,0.688,0.745,0
87.94,0.566,1.793,-0.66,-0.717,0.935,0
64.23,-0.438,1.842,-1.057,0.188,0.818,0
38.96,-0.213,0.27,1.241,-0.699,0.76,0
81.11,1.01,1.31,1.038,1.036,0.98,0
41.16,-0.097,-0.046,-0.744,0.282,0.945,0
93.41,0.392,0.881,-0.744,1.423,0.795,0
60.55,-0.389,0.577,0.082,-1.942,0.738,0
202.66,0.215,0.127,-0.971,0.565,0.789,0
61.71,0.695,0.175,1.514,-0.865,0.979,0
19.05,-0.233,1.066,-0.916,1.031,0.797,0
7.34,1.057,0.314,-0.165,-0.647,0.894,0
14.57,-2.877,-0.557,-0.695,-0.988,0.98,0
33.95,0.186,-1.47,1.203,0.914,0.919,0
8.19,1.36,-0.527,0.208,0.823,0.715,0
47.95,0.12,-0.205,-1.071,-2.38,0.818,0
57.91,-0.87,1.419,-1.849,0.449,0.803,0
85.87,1.794,-0.076,1.358,0.271,0.829,0
62.41,-1.115,0.68,1.537,-1.405,0.708,0
53.83,0.418,0.088,-0.372,0.639,0.847,0
9.94,0.77,-0.726,-0.359,-0.558,0.974,0
152.6,0.452,0.35,-0.518,0.341,0.85,0
54.93,0.896,-0.506,-0.705,-0.058,0.78,0
27.06,0.308,0.809,0.318,2.886,0.889,0
124.51,0.699,0.087,0.505,0.198,0.817,0
171.87,-0.333,1.178,-0.46,-0.945,0.923,0
27.54,2.672,-0.888,0.645,0.154,0.892,0
136.17,1.19,0.292,-0.835,-0.68,0.969,0
105.51,-0.384,2.015,0.941,-2.084,0.735,0
56.55,1.906,-2.219,0.419,0.123,0.889,0
187.9,2.069,0.918,-1.838,1.404,0.932,0
71.59,-0.317,-1.062,-1.251,1.061,0.777,0
147.85,-2.67,1.1,-2.038,2.174,0.846,0
24.33,0.23,0.365,0.324,0.13,0.782,0
12.19,-0.652,0.116,-1.754,0.315,0.965,0
56.02,-0.304,0.602,0.552,-0.139,0.758,0
78.43,1.342,-0.546,-0.178,-1.053,0.903,0
49.42,0.138,-0.297,-0.302,0.002,0.878,0
219.56,0.215,-0.923,-0.294,0.157,0.707,0
58.04,-0.508,0.436,0.46,0.989,0.796,0
66.65,2.358,-0.009,-0.41,-0.058,0.739,0
38.15,0.615,-0.149,-0.089,-2.503,0.771,0
5.01,-0.226,-1.077,-0.522,0.236,0.769,0
19.83,0.097,-0.507,-1.055,-1.722,0.735,0
122.24,-1.666,1.246,0.338,-1.188,0.926,0
36.84,-0.175,-0.418,0.751,-0.168,0.723,0
132.6,1.23,-0.413,-0.57,0.017,0.974,0
12.34,0.965,0.25,0.104,-0.807,0.939,0
369.83,-0.954,0.966,1.071,1.039,0.903,0
168.7,0.431,0.134,0.562,-0.042,0.972,0
203.23,0.559,0.918,-1.258,1.096,0.93,0
61.96,1.27,-1.031,0.001,-1.866,0.937,0
19.49,0.847,0.069,0.443,-0.702,0.712,0
61.44,0.283,1.39,-0.057,-1.371,0.967,0
86.62,-0.918,1.242,-0.596,-0.76,0.855,0
32.95,1.816,0.367,-0.734,0.513,0.918,0
99.93,-1.235,1.553,0.213,1.753,0.973,0
87.05,-0.949,0.985,-1.077,0.269,0.817,0
7.87,1.085,-0.355,1.106,-0.407,0.89,0
65.55,0.122,-0.076,0.14,-0.33,0.88,0
54.44,-0.406,-1.522,-0.155,0.357,0.812,0
6.61,-0.164,0.426,0.819,-0.192,0.853,0
75.98,-0.005,-1.318,0.114,0.814,0.774,0
7.69,0.822,-1.853,0.115,-0.481,0.852,0
135.04,-2.284,0.368,-1.95,0.45,0.853,0
73.3,0.259,-0.659,1.274,0.636,0.726,0
34.99,-0.907,0.375,-0.417,0.168,0.797,0
164.41,0.645,1.222,0.395,0.7,0.851,0
336.33,0.837,1.609,0.855,-0.194,0.786,0
5.79,-0.167,-0.13,0.947,-0.526,0.889,0
20.73,0.022,1.481,-2.257,0.208,0.951,0
37.57,-0.28,-0.576,0.936,1.279,0.755,0
15.08,1.271,1.159,1.031,-0.403,0.984,0
24.57,-0.658,1.637,0.61,-0.741,0.935,0
15.02,-0.106,-0.292,1.231,0.528,0.858,0
78.89,0.136,1.417,0.353,2.418,0.955,0
27.83,-0.601,-0.381,-0.341,1.236,0.801,0
343.46,0.208,-2.459,0.094,-0.974,0.938,0
45.31,-1.343,-1.228,-1.66,-0.387,0.959,0
13.58,-1.69,-1.606,-0.23,0.314,0.887,0
17.27,0.111,0.54,-1.041,1.984,0.799,0
25.32,0.515,0.118,0.847,-0.31,0.743,0
238.82,-1.227,-1.525,1.78,-0.303,0.909,0
60.52,-0.492,0.024,-1.033,-1.312,0.862,0
74.46,1.021,0.988,0.754,-0.739,0.706,0
112.04,0.291,-0.504,-2.59,1.119,0.9,0
8.15,0.555,-1.317,-0.36,1.052,0.775,0
67.16,-1.213,1.857,0.066,1.059,0.71,0
26.45,1.838,-0.459,0.352,-1.967,0.706,0
188.76,-0.607,0.576,-0.192,0.452,0.901,0
150.28,0.331,0.191,-0.568,-0.924,0.885,0
117.26,-0.789,0.064,-1.392,-0.478,0.706,0
28.03,0.536,0.26,0.116,-0.884,0.902,0
32.5,1.694,0.55,-0.172,1.225,0.917,0
35.53,-0.597,-0.548,-0.333,-0.101,0.782,0
94.78,-0.604,0.21,0.558,-1.705,0.792,0
51.01,-0.699,-0.437,0.503,-2.291,0.913,0
9.13,0.653,-0.509,-0.341,0.971,0.809,0
125.21,-0.662,-0.354,-0.667,-1.435,0.715,0
60.37,0.098,1.709,-0.106,-0.756,0.906,0
10.09,-0.165,-0.563,-1.657,0.634,0.904,0
44.94,-0.369,-0.517,-0.471,0.15,0.779,0
24.85,0.622,-1.018,0.548,0.827,0.887,0
216.0,-1.804,-1.211,-1.355,-0.378,0.743,0
65.49,-0.173,0.684,-0.999,-0.818,0.794,0
114.37,0.342,1.239,-1.181,-1.107,0.736,0
235.14,-0.231,0.068,-0.642,1.971,0.982,0
150.32,0.539,-0.804,-1.366,-0.063,0.903,0
72.38,0.076,-0.243,-0.977,0.37,0.801,0
79.94,0.075,-1.02,-1.358,1.694,0.784,0
145.86,-0.161,-0.317,-1.126,-0.541,0.778,0
151.21,0.464,-0.558,-1.184,1.194,0.859,0
54.96,0.998,0.183,-0.446,-0.368,0.941,0
173.62,-0.959,0.068,0.259,-0.301,0.969,0
23.91,2.239,-0.134,-1.763,-1.01,0.764,0
130.12,-0.994,1.395,0.17,-0.601,0.849,0
53.5,0.015,1.301,-1.095,-0.373,0.938,0
77.98,0.258,-0.707,1.298,-0.312,0.966,0
82.98,1.563,0.369,2.587,-0.09,0.961,0
23.77,0.294,-0.619,0.323,0.297,0.886,0
157.24,-0.527,0.256,-0.672,0.549,0.769,0
47.67,-1.13,-1.175,-0.528,-0.847,0.706,0
59.43,0.516,0.383,-0.324,1.242,0.912,0
33.86,0.156,-0.394,1.129,0.557,0.879,0
19.51,0.363,1.007,0.585,0.657,0.786,0
11.59,-0.252,-1.599,1.287,-1.119,0.737,0
142.27,-0.238,0.678,-0.78,0.457,0.9,0
6.84,0.466,-0.776,0.911,1.367,0.838,0
100.51,0.191,0.252,0.666,1.749,0.735,0
20.38,0.487,0.514,-1.095,2.049,0.708,0
38.68,-0.475,-2.66,-2.276,0.325,0.987,0
173.26,-1.273,0.054,-1.495,0.305,0.885,0
240.59,-0.696,0.879,-0.399,-0.188,0.783,0
13.26,1.871,-0.005,-1.27,-0.959,0.73,0
43.26,0.95,-1.417,-0.119,1.011,0.917,0
18.42,-0.04,-0.032,0.512,-1.859,0.987,0
139.03,1.203,-1.897,1.136,0.434,0.914,0
76.6,1.183,0.814,-0.295,-0.361,0.9,0
166.5,0.301,-0.057,-0.408,-1.39,0.81,0
231.4,-0.247,-1.813,0.093,-1.363,0.949,0
35.81,0.063,-0.105,-0.727,-0.548,0.874,0
108.94,-0.462,-0.106,0.247,0.438,0.779,0
63.39,-0.031,-0.092,2.057,2.692,0.76,0
132.45,0.679,-1.698,-0.533,-1.626,0.76,0
90.21,-0.287,-0.044,-0.029,-0.473,0.753,0
79.76,1.739,-1.034,0.04,0.625,0.928,0
123.88,-1.593,-0.917,0.136,0.481,0.81,0
138.4,-0.905,-0.547,2.259,1.5,0.939,0
56.91,-0.572,0.955,-1.379,0.356,0.812,0
170.64,0.613,-0.562,0.304,-0.482,0.776,0
95.25,-1.015,1.306,-2.459,-0.641,0.975,0
37.77,-0.478,-1.126,1.226,1.053,0.968,0
186.47,-0.379,-1.791,0.306,0.182,0.798,0
54.96,-0.272,0.767,0.917,-0.044,0.933,0
28.71,-1.137,-1.355,-0.088,1.546,0.703,0
106.63,1.584,-1.318,-0.437,2.434,0.974,0
6.99,-0.688,1.62,0.976,1.191,0.703,0
33.56,-0.446,-0.416,-0.911,0.799,0.838,0
29.11,1.634,0.595,1.003,-1.644,0.939,0
13.41,-0.994,1.184,0.126,-1.04,0.766,0
151.4,2.538,0.599,-0.923,0.881,0.944,0
265.15,1.615,-0.006,-0.768,0.044,0.795,0
12.78,-1.389,0.875,-1.149,0.608,0.928,0
14.98,-0.475,0.196,0.433,-0.351,0.735,0
19.41,-1.73,0.337,0.391,-1.433,0.808,0
17.88,-2.295,0.708,-0.489,0.289,0.88,0
53.75,-1.421,-0.498,1.199,-1.149,0.975,0
75.75,-1.506,-0.669,0.19,0.453,0.893,0
52.21,0.481,0.777,0.718,-1.563,0.825,0
5.56,-0.254,0.207,-2.107,0.128,0.799,0
60.15,0.422,-1.181,-0.381,-0.254,0.715,0
6.97,-1.846,-1.734,0.545,-0.604,0.737,0
214.85,-0.393,0.073,-1.758,-0.408,0.911,0
61.52,-0.92,0.789,-0.002,-1.136,0.933,0
32.78,0.777,-0.52,0.344,-1.037,0.977,0
161.46,-0.177,-0.43,0.932,0.463,0.768,0
22.67,-0.029,-0.161,-0.28,-0.352,0.818,0
133.94,0.3,2.423,-0.846,0.193,0.839,0
416.08,0.041,-0.879,0.359,-1.837,0.866,0
78.23,-0.329,1.052,-0.293,0.01,0.929,0
30.54,-0.581,0.785,-0.042,-0.017,0.848,0
25.44,-1.146,0.062,1.94,-1.39,0.718,0
48.24,-1.04,-0.791,1.471,1.736,0.883,0
19.71,-0.919,-0.678,-2.049,2.132,0.796,0
136.06,0.285,-0.4,0.946,-0.341,0.722,0
44.91,0.604,2.209,-0.284,-0.296,0.987,0
56.24,-0.299,-0.392,0.083,-1.751,0.797,0
56.59,-0.493,-0.948,0.627,-0.735,0.801,0
59.67,1.022,-1.086,-0.483,0.778,0.77,0
102.24,0.527,-1.149,0.232,-0.784,0.849,0
15.28,-0.724,2.019,-0.618,-1.192,0.843,0
13.16,0.112,0.31,0.912,-1.671,0.78,0
117.37,0.402,1.721,-0.798,-0.84,0.811,0
18.32,1.265,-1.114,-0.494,0.976,0.768,0
156.95,-0.211,0.916,1.582,1.701,0.81,0
122.76,1.819,-0.739,-1.651,0.112,0.876,0
118.5,-0.074,0.291,0.532,0.148,0.73,0
40.58,0.112,-0.123,0.004,1.046,0.754,0
16.56,0.19,2.626,-1.092,1.092,0.817,0
6.84,-1.312,1.88,0.223,0.659,0.816,0
31.01,0.412,-0.161,0.447,2.103,0.759,0
157.32,-0.651,-0.765,-0.428,-0.385,0.976,0
83.32,0.435,0.132,0.201,2.536,0.839,0
10.43,-1.785,-0.383,-0.899,-0.73,0.796,0
42.03,0.122,0.71,-0.772,-2.028,0.978,0
84.74,0.674,-1.021,-0.606,-1.11,0.766,0
28.89,-0.51,-0.251,0.115,-0.846,0.988,0
18.32,-0.14,-0.907,-1.755,0.541,0.788,0
51.96,0.561,-0.251,0.453,0.418,0.732,0
314.45,-1.094,0.93,-1.833,-0.397,0.744,0
34.25,1.226,0.301,-1.408,-1.263,0.836,0
92.92,-0.796,1.156,-1.777,1.387,0.908,0
20.29,-0.479,-1.574,0.178,0.948,0.98,0
14.27,-2.348,-1.156,1.238,0.398,0.944,0
99.29,0.468,0.147,1.116,-0.39,0.967,0
62.49,-0.765,1.425,0.291,-1.149,0.757,0
57.0,0.086,-0.379,-0.865,-1.78,0.818,0
12.7,-0.372,-1.42,0.021,-0.986,0.912,0
106.88,-0.257,1.576,-0.141,-1.3,0.888,0
84.73,0.995,-0.764,-1.235,-0.35,0.835,0
76.53,0.821,-0.093,0.944,-1.26,0.733,0
47.33,-0.841,0.737,-1.119,0.29,0.73,0
67.96,-0.738,0.334,-0.025,0.038,0.735,0
24.25,-0.022,1.439,0.529,-0.131,0.808,0
20.53,-0.92,-0.797,-1.87,-0.011,0.85,0
99.05,0.727,0.96,-0.287,-0.22,0.857,0
23.85,0.056,-0.856,1.149,-0.777,0.791,0
332.24,2.847,0.403,-0.022,1.939,0.84,0
44.0,-0.434,-0.181,0.226,-0.211,0.87,0
133.23,0.484,0.462,-1.288,0.202,0.743,0
77.53,0.886,-2.037,2.52,-0.038,0.709,0
7.84,-0.855,0.618,0.626,2.046,0.985,0
158.36,1.782,-1.33,-0.27,-0.91,0.913,0
87.84,-1.317,-0.063,-0.632,0.844,0.938,0
85.39,-0.421,-0.117,0.394,-0.271,0.937,0
77.7,2.134,-0.488,2.148,-0.502,0.789,0
159.97,-1.03,1.223,-0.049,1.284,0.751,0
11.88,0.752,0.411,0.551,1.089,0.741,0
13.39,0.926,-0.405,0.423,1.501,0.709,0
71.55,-0.621,0.849,-0.24,0.362,0.722,0
19.81,-0.288,1.174,0.15,1.428,0.839,0
144.79,1.333,-0.338,0.266,-0.78,0.904,0
199.96,0.514,-1.36,-1.989,-1.133,0.731,0
17.25,0.499,0.673,1.129,-0.405,0.723,0
88.32,1.367,-0.709,1.179,-0.251,0.854,0
128.04,0.161,-0.754,2.167,0.991,0.902,0
217.7,-0.661,0.673,-0.067,0.058,0.88,0
187.2,0.018,1.436,-0.819,-1.655,0.981,0
24.15,-0.796,0.152,0.695,-0.744,0.788,0
366.43,3.687,0.182,0.152,-1.29,0.815,0
50.66,1.371,1.212,-0.001,-1.215,0.929,0
54.78,-0.504,-0.902,-0.381,-0.293,0.809,0
71.18,0.169,-0.697,-0.536,0.754,0.706,0
157.41,-1.302,0.18,0.481,0.58,0.919,0
148.95,0.719,-0.881,1.366,-1.185,0.735,0
108.94,-1.718,-0.57,-0.118,1.387,0.841,0
112.31,-1.389,-1.306,0.772,0.708,0.704,0
18.2,-0.607,-1.174,0.992,-1.228,0.94,0
23.13,-2.001,0.953,2.38,0.114,0.959,0
23.15,0.225,-0.73,-1.124,-0.353,0.734,0
74.57,-1.347,-0.44,-1.333,0.672,0.843,0
61.01,1.414,-0.222,0.184,-0.129,0.929,0
39.44,-0.572,-0.828,0.657,-1.931,0.713,0
213.9,-0.285,-0.519,-0.304,-0.488,0.943,0
86.17,0.459,-0.337,0.631,0.749,0.946,0
87.17,-2.347,0.027,0.308,-1.481,0.958,0
81.62,-0.224,0.657,1.023,1.342,0.894,0
93.04,-0.5,-0.39,-2.473,-1.065,0.804,0
134.47,0.398,0.241,1.241,-2.02,0.959,0
437.73,0.353,0.336,-0.858,0.96,0.886,0
37.31,-2.156,-0.905,-0.14,0.218,0.868,0
43.06,0.754,1.903,0.702,-0.736,0.807,0
20.41,2.181,0.048,0.09,1.379,0.71,0
33.15,-1.165,0.539,0.516,0.957,0.837,0
215.16,-1.383,-0.565,0.842,1.854,0.797,0
40.79,-1.574,-0.767,0.948,1.316,0.828,0
48.12,-1.392,-0.868,-0.222,-0.397,0.793,0
72.44,-0.521,1.366,1.405,1.665,0.738,0
113.93,0.175,2.528,-0.531,1.833,0.852,0
48.19,0.647,0.374,0.439,0.523,0.704,0
211.47,0.57,-0.331,-0.271,-1.361,0.917,0
91.91,1.744,-0.821,-1.724,0.376,0.887,0
24.42,-2.205,1.087,0.153,-1.921,0.887,0
290.72,0.523,0.802,-2.416,-0.471,0.709,0
42.81,-0.351,1.054,-1.731,-0.291,0.779,0
10.43,-0.977,2.142,0.979,2.212,0.932,0
123.18,-0.004,1.563,0.566,-0.191,0.716,0
19.08,1.847,-1.303,-0.732,2.811,0.823,0
67.3,1.019,-1.023,-0.574,2.551,0.866,0
74.64,-0.607,-0.291,0.219,0.868,0.902,0
58.01,0.491,1.491,-0.78,-0.419,0.726,0
113.34,1.048,1.068,-0.239,0.658,0.863,0
87.13,0.652,1.295,1.681,1.518,0.963,0
58.58,-0.298,-0.054,0.479,-1.448,0.979,0
14.29,0.369,-0.691,-1.186,0.795,0.936,0
16.72,-0.236,-0.617,0.118,-1.362,0.899,0
62.39,-1.199,1.426,2.087,-0.786,0.755,0
78.33,-1.449,0.167,0.409,-0.567,0.794,0
28.78,0.891,0.898,0.643,-0.386,0.9,0
41.06,1.641,-0.525,-0.159,-1.467,0.89,0
70.91,0.944,2.212,-0.39,-1.308,0.854,0
133.73,-0.893,1.872,-0.606,-1.12,0.766,0
88.47,1.022,-1.152,0.251,0.317,0.753,0
75.83,-0.195,1.374,-0.202,-1.151,0.757,0
47.46,-2.182,-0.176,0.1,0.699,0.944,0
126.56,-0.041,2.127,-0.842,-0.317,0.829,0
118.06,-0.11,0.404,1.167,0.142,0.797,0
18.04,0.54,-0.295,-0.467,-0.932,0.835,0
164.63,-0.115,0.68,-1.362,0.042,0.842,0
134.95,0.22,0.197,1.061,0.201,0.848,0
84.4,-0.436,1.512,-0.211,-0.6,0.881,0
23.16,-0.457,-0.777,-0.566,-0.363,0.903,0
162.34,-0.145,0.561,-0.106,0.207,0.763,0
25.48,0.151,0.154,1.011,0.499,0.76,0
46.72,0.883,0.332,0.969,0.459,0.837,0
112.39,0.041,0.79,0.863,0.327,0.819,0
51.11,-0.386,0.022,-1.868,-0.03,0.969,0
12.81,0.651,-0.059,0.295,0.588,0.871,0
33.01,-0.734,-0.238,-0.661,1.074,0.894,0
42.62,2.392,-1.551,-0.586,0.612,0.816,0
16.85,0.176,-0.713,0.082,0.949,0.739,0
9.67,-0.078,-1.039,1.165,1.389,0.742,0
90.32,-0.878,-2.368,-0.592,1.066,0.743,0
180.71,-0.684,-0.956,1.023,1.151,0.932,0
22.27,-0.868,-0.343,-1.82,0.36,0.9,0
5.03,-0.103,-0.672,-0.092,-0.215,0.896,0
17.34,-0.298,-0.134,-1.461,-0.126,0.726,0
50.02,0.532,-2.108,-0.482,0.31,0.929,0
7.26,2.099,-1.366,0.089,0.548,0.746,0
66.95,-0.484,-2.442,0.004,-1.416,0.744,0
120.83,-0.748,0.167,0.26,0.871,0.792,0
8.97,-1.386,1.448,-0.934,0.725,0.903,0
177.59,-0.237,-0.363,-0.064,-1.904,0.928,0
63.06,-0.226,-0.033,-1.024,0.186,0.922,0
30.33,1.141,1.36,-1.444,0.723,0.777,0
173.99,1.193,0.414,1.373,-1.268,0.862,0
10.67,1.173,0.455,-0.948,1.776,0.703,0
85.99,-0.295,-0.916,-0.775,-1.332,0.843,0
42.83,-1.555,0.314,0.984,0.377,0.765,0
65.27,0.846,1.947,1.408,-1.331,0.708,0
44.26,-0.398,0.027,2.165,0.107,0.92,0
15.23,-1.313,-0.716,0.986,0.188,0.851,0
97.07,-1.246,-1.585,1.002,-1.042,0.804,0
22.99,0.996,-0.368,-0.842,1.213,0.963,0
11.61,1.042,1.667,1.351,1.059,0.919,0
24.73,1.215,1.856,0.171,-0.492,0.915,0
33.3,-0.667,0.107,-0.88,-0.159,0.916,0
199.77,0.738,-1.374,-0.117,-0.47,0.785,0
27.06,-0.894,0.35,0.4,0.876,0.906,0
237.79,0.079,0.676,-2.107,-0.059,0.908,0
70.67,-1.112,-1.147,-2.271,-1.391,0.721,0
49.96,-0.745,0.023,0.582,0.013,0.984,0
69.48,-1.833,0.129,-0.075,-0.007,0.801,0
11.3,0.403,1.609,-1.691,0.572,0.936,0
5.28,1.218,-1.271,-0.179,0.276,0.857,0
70.63,-1.271,-0.302,0.199,0.556,0.733,0
79.13,-0.992,-1.541,-2.021,-1.564,0.893,0
129.32,0.553,-0.223,-0.042,-0.269,0.871,0
32.68,0.853,-1.15,-1.151,0.352,0.957,0
101.85,1.414,-1.058,-0.082,-1.001,0.749,0
8.6,-0.928,-0.43,1.44,1.105,0.743,0
7.12,-0.075,-2.156,0.393,0.37,0.91,0
177.78,-4.929,5.69,-4.511,1.856,0.322,1
9.63,0.3,1.033,1.158,-0.239,0.911,0
78.66,-1.019,-0.608,-1.655,-0.631,0.798,0
66.62,0.437,-0.472,-0.063,-1.169,0.916,0
61.41,-0.4,-2.213,1.214,0.542,0.704,0
185.48,0.094,0.568,0.083,1.643,0.783,0
167.54,1.492,1.82,0.91,0.407,0.912,0
25.16,0.388,-0.027,0.699,0.087,0.936,0
98.22,-1.331,-1.025,-0.912,1.94,0.932,0
126.47,1.129,-1.047,-2.038,-0.063,0.82,0
196.86,-1.37,-0.905,-1.179,-0.612,0.858,0
18.56,-0.548,0.633,-0.976,0.255,0.984,0
56.53,0.537,0.644,0.831,0.542,0.729,0
101.45,0.851,-0.697,-0.292,-0.862,0.806,0
16.09,-0.233,-0.814,0.022,0.157,0.88,0
59.13,0.333,0.118,-0.676,0.138,0.843,0
423.79,1.419,-1.701,-0.38,0.714,0.789,0
46.63,-0.519,1.044,-0.873,-0.356,0.742,0
125.86,-0.44,-0.652,-0.568,-1.163,0.722,0
170.16,-0.257,1.064,1.583,1.25,0.917,0
67.51,2.303,0.181,-0.991,1.312,0.796,0
31.72,-2.083,0.727,-2.315,0.993,0.943,0
11.46,1.809,1.728,-1.266,-1.864,0.932,0
33.0,1.204,0.664,0.528,2.361,0.98,0
33.24,-0.478,-0.778,-1.189,0.433,0.964,0
50.0,-0.451,0.629,-0.384,-0.163,0.775,0
62.29,-0.14,0.562,-0.988,1.91,0.714,0
64.52,-0.657,1.371,-0.825,0.298,0.904,0
152.06,-0.563,0.839,0.156,-1.72,0.981,0
220.24,1.223,-0.614,-0.176,0.309,0.941,0
31.51,-1.104,-0.574,1.226,0.025,0.853,0
16.2,0.402,-1.586,1.654,1.789,0.722,0
124.1,0.023,0.893,0.453,0.239,0.886,0
100.36,-0.96,0.887,1.152,0.278,0.786,0
198.35,-1.204,1.887,-1.339,1.681,0.943,0
60.96,0.023,0.937,0.449,-0.669,0.74,0
160.17,0.643,0.142,0.286,-1.026,0.85,0
20.69,0.182,-1.052,0.572,0.615,0.705,0
9.15,0.156,0.016,-1.267,-1.284,0.739,0
100.36,-0.758,0.279,2.038,-0.397,0.843,0
100.37,0.564,0.96,1.033,0.339,0.961,0
46.86,0.424,-0.436,1.409,0.457,0.816,0
412.44,-0.749,-0.866,1.959,-0.493,0.899,0
181.41,0.719,1.912,0.997,0.836,0.754,0
14.87,-0.197,-0.665,2.419,-0.042,0.978,0
39.14,0.191,1.593,0.54,-1.31,0.98,0
16.28,-0.66,0.011,1.026,-1.52,0.944,0
116.4,0.882,-0.08,1.049,-0.815,0.837,0
199.57,0.043,0.032,0.65,-1.105,0.914,0
120.29,-0.301,0.002,-0.859,-1.16,0.947,0
161.24,-0.337,-1.25,0.457,-0.361,0.917,0
42.08,-0.975,0.562,-1.5,-1.436,0.769,0
182.65,-1.169,0.95,0.371,-2.128,0.781,0
107.47,-1.708,-0.821,-0.042,0.077,0.815,0
45.95,-0.761,-0.697,0.762,-0.413,0.922,0
102.12,0.556,-3.074,-0.304,-0.166,0.796,0
63.17,-0.764,-1.362,-0.927,-0.259,0.765,0
30.78,-0.198,-0.492,0.2,-0.42,0.812,0
38.63,-0.328,-0.448,-1.413,0.677,0.73,0
108.94,-0.164,-1.072,0.853,2.069,0.984,0
135.95,-0.645,1.224,-0.861,-0.532,0.838,0
140.53,0.687,-0.269,-1.803,2.337,0.928,0
14.09,-0.733,0.78,0.707,-1.557,0.962,0
78.42,1.2,0.646,0.734,-0.54,0.821,0
21.42,-1.252,-0.739,-0.754,-0.941,0.752,0
98.65,1.836,0.989,1.189,-0.689,0.738,0
76.96,0.217,-1.768,1.062,-0.645,0.958,0
120.35,-0.554,-0.798,-0.12,0.803,0.973,0
47.36,0.794,-0.192,-0.113,0.139,0.816,0
158.42,1.138,0.255,-0.737,-0.042,0.793,0
41.8,0.607,0.798,-0.033,0.048,0.882,0
10.42,1.981,1.01,-0.076,-0.163,0.947,0
14.08,-0.376,-1.411,-0.483,0.674,0.989,0
42.31,-0.932,-0.28,-1.118,0.785,0.882,0
26.46,1.029,-0.323,-0.687,0.475,0.876,0
89.2,-0.074,-0.883,-0.232,-1.69,0.925,0
19.64,-0.368,-0.6,-0.055,-0.269,0.775,0
91.4,0.526,-0.046,0.434,-1.389,0.903,0
153.43,1.673,-0.833,-0.585,-1.784,0.96,0
259.48,-0.824,1.434,0.295,-0.726,0.784,0
262.03,-1.909,-1.728,1.107,0.737,0.838,0
25.47,-0.716,1.089,0.448,-1.105,0.726,0
306.98,0.12,-0.041,-0.038,-0.51,0.724,0
66.01,-1.188,-1.247,-1.049,0.422,0.922,0
79.15,-0.228,0.701,0.047,0.3,0.982,0
7.33,0.808,0.582,0.108,-0.614,0.933,0
74.98,0.175,-0.395,0.821,-1.385,0.983,0
15.66,-0.36,-0.981,-0.121,1.246,0.793,0
75.02,-0.619,-1.499,1.058,-0.582,0.968,0
126.15,0.206,-2.893,0.361,-0.548,0.873,0
202.82,0.632,-0.728,-1.129,0.89,0.894,0
224.47,0.221,0.421,-1.292,1.076,0.754,0
15.5,-0.418,-2.47,0.575,-0.998,0.724,0
73.83,-0.344,-0.399,-0.843,-0.226,0.75,0
243.13,-1.741,2.757,-4.126,4.836,0.174,1
152.13,-0.199,-0.168,0.527,-0.242,0.779,0
207.41,1.117,-0.012,-0.132,0.34,0.821,0
112.97,1.039,-0.818,0.044,-0.795,0.735,0
34.51,0.698,-0.497,0.53,-0.527,0.93,0
63.73,-0.745,-0.727,-0.246,-0.018,0.854,0
264.5,0.245,-1.154,0.302,0.328,0.79,0
1045.8,-3.51,5.471,-6.07,1.387,0.184,1
25.3,1.072,2.029,-0.909,-0.084,0.931,0
21.34,0.28,-0.877,-0.621,-0.143,0.803,0
130.58,-1.551,1.303,0.497,-1.163,0.957,0
93.33,0.094,1.363,0.555,0.305,0.924,0
1132.85,-2.183,3.931,-3.661,4.337,0.066,1
96.16,-0.299,0.319,1.013,0.504,0.784,0
49.17,0.74,2.683,-0.276,-0.464,0.771,0
120.23,1.496,0.412,-0.027,-0.774,0.794,0
166.22,0.709,0.399,1.291,0.159,0.847,0
71.04,0.146,-0.389,0.877,-0.367,0.978,0
248.9,-0.774,-0.469,-0.192,2.25,0.729,0
101.2,1.089,0.189,1.295,1.912,0.828,0
57.82,1.991,-0.687,-1.699,-0.525,0.783,0
27.62,0.856,-0.359,-1.618,0.033,0.812,0
14.51,-0.192,0.845,-0.505,0.698,0.722,0
7.74,-1.595,0.899,1.299,-0.23,0.772,0
36.37,-0.025,1.216,-0.426,1.111,0.816,0
20.55,-0.044,0.216,-0.333,1.247,0.832,0
155.62,-0.52,-0.6,1.034,-0.665,0.808,0
42.69,0.667,-1.365,-0.399,0.102,0.853,0
30.25,-0.325,-1.907,0.195,0.396,0.972,0
96.69,0.258,0.73,-0.946,-1.397,0.795,0
29.68,2.022,-0.803,-0.522,-0.234,0.905,0
57.22,-1.726,2.185,0.145,0.961,0.968,0
65.73,-0.944,-1.355,2.593,1.913,0.899,0
26.61,1.158,0.66,-0.208,2.024,0.988,0
49.1,0.688,-0.928,-0.387,-1.07,0.731,0
23.72,0.755,0.741,0.388,0.361,0.822,0
959.7,-7.09,8.0,-5.893,4.874,0.366,1
52.7,-0.962,-0.711,-0.498,0.554,0.968,0
98.56,0.127,0.932,0.949,1.514,0.941,0
158.6,1.767,1.197,0.519,-1.394,0.867,0
34.04,0.654,-0.723,0.354,-0.913,0.933,0
138.14,0.592,0.336,-0.294,-0.212,0.878,0
151.84,0.488,0.086,0.651,0.959,0.717,0
14.69,-0.628,0.593,-0.226,0.314,0.926,0
9.18,0.835,-1.452,-1.084,-0.659,0.99,0
99.49,-0.73,-0.162,1.692,1.178,0.937,0
33.94,-0.043,0.344,-0.981,-1.321,0.851,0
239.59,0.523,1.594,-0.239,-0.23,0.846,0
637.05,-4.705,5.524,-5.085,2.748,0.417,1
72.0,-1.159,-1.182,-0.08,-1.1,0.929,0
299.07,-1.276,0.006,1.106,0.788,0.721,0
166.33,-0.107,1.283,1.735,0.491,0.896,0
6.42,-0.366,1.563,1.519,0.253,0.799,0
122.46,-2.067,-0.971,0.207,-0.074,0.924,0
6.73,0.962,-1.486,-1.466,0.762,0.829,0
25.24,0.025,-0.65,0.578,-2.062,0.974,0
18.15,1.832,-0.33,-0.17,2.694,0.803,0
36.54,1.404,-1.556,0.495,-0.606,0.867,0
31.65,0.556,0.001,2.069,-0.771,0.762,0
232.76,0.867,0.327,0.972,-0.504,0.81,0
29.77,-0.064,0.681,0.017,0.215,0.92,0
5.6,1.726,-0.024,-0.532,0.44,0.822,0
51.17,-0.134,-0.933,-0.608,0.935,0.825,0
280.67,0.083,-0.425,0.849,0.793,0.908,0
115.18,0.054,-0.698,-0.167,0.117,0.703,0
148.23,-0.674,1.63,1.635,-0.12,0.894,0
146.81,-0.497,0.412,-0.774,-0.88,0.937,0
146.49,2.694,-0.155,-0.529,0.923,0.715,0
61.01,-0.586,-0.18,1.054,0.432,0.893,0
52.05,-0.907,-0.737,1.167,1.498,0.793,0
6.75,0.354,-1.291,0.097,-1.367,0.848,0
83.73,0.801,-0.37,1.806,-0.502,0.884,0
15.59,0.88,2.129,1.614,1.195,0.763,0
26.85,-0.878,-0.151,-1.913,1.365,0.785,0
37.26,-0.406,-1.342,0.644,-0.966,0.736,0
256.7,0.501,0.925,-0.549,-0.717,0.771,0
36.64,-0.42,0.067,-1.383,-0.642,0.876,0
362.94,-2.667,0.634,1.238,-0.573,0.721,0
278.12,-1.735,-0.764,-0.794,1.2,0.813,0
19.69,1.678,0.161,0.196,-0.101,0.756,0
10.83,0.978,0.404,1.854,1.963,0.828,0
358.0,0.164,-0.566,0.134,-1.442,0.926,0
29.08,0.538,-0.127,0.419,1.506,0.764,0
52.08,0.627,0.536,0.76,-1.197,0.728,0
7.0,-1.5,0.265,0.195,-0.357,0.844,0
140.23,1.231,0.878,-1.09,-0.887,0.874,0
23.98,0.098,1.35,0.595,-1.298,0.974,0
12.28,-0.462,-2.11,0.293,2.791,0.965,0
129.43,-0.017,0.356,-0.156,0.618,0.77,0
26.81,-1.292,-0.033,-1.106,1.453,0.794,0
57.58,-1.135,0.135,0.652,0.354,0.781,0
21.91,-0.688,0.567,0.116,-0.447,0.77,0
21.02,0.008,1.341,0.187,-0.337,0.959,0
20.13,-0.415,1.702,0.825,0.979,0.708,0
21.74,0.747,-0.05,1.198,-1.468,0.704,0
110.55,1.551,0.742,0.486,-0.757,0.91,0
102.65,-0.704,-0.674,-1.034,0.548,0.892,0
62.66,-1.534,-0.871,0.012,0.665,0.863,0
258.38,0.352,0.118,1.049,-0.556,0.948,0
31.92,1.572,-0.634,0.241,-0.378,0.732,0
213.99,0.555,-1.641,-0.346,-0.574,0.817,0
61.74,2.024,-2.494,0.476,-1.294,0.856,0
20.25,0.691,-1.075,-1.108,-1.295,0.738,0
77.83,1.289,-1.154,0.542,1.545,0.78,0
65.39,0.4,-0.246,-0.042,1.586,0.98,0
72.26,-0.662,-0.281,1.123,0.136,0.951,0
83.86,1.63,-1.156,-0.492,1.458,0.838,0
563.61,-3.093,4.832,-4.519,4.247,0.206,1
79.61,-0.655,0.639,-0.496,0.286,0.959,0
18.73,1.087,1.6,0.277,1.49,0.717,0
109.01,-1.543,-1.003,0.005,0.026,0.906,0
68.52,0.751,0.804,1.828,-0.356,0.931,0
45.09,0.486,-0.044,-0.061,-0.172,0.841,0
5.12,-0.297,0.555,0.747,-0.565,0.781,0
96.11,0.504,0.554,-0.084,0.057,0.723,0
36.14,0.001,-0.546,1.14,-2.103,0.787,0
61.53,-1.064,-0.577,1.34,1.154,0.94,0
181.58,1.037,1.131,-0.575,0.673,0.803,0
18.35,0.594,-0.658,-0.355,-1.659,0.744,0
101.3,-0.821,1.355,-0.687,0.752,0.901,0
116.28,-0.249,-0.427,-0.913,-1.762,0.962,0
23.5,0.772,0.677,0.477,-2.838,0.97,0
45.39,1.287,0.299,0.194,-0.679,0.772,0
203.54,-0.729,-1.157,-0.946,0.325,0.827,0
24.42,1.308,-1.434,0.449,0.547,0.962,0
36.73,-0.188,0.795,-1.068,1.889,0.824,0
72.24,1.172,-0.577,1.433,1.009,0.767,0
301.86,-1.087,0.575,-0.701,0.538,0.718,0
68.74,-1.337,0.23,0.464,-0.158,0.783,0
19.37,-1.096,0.736,-2.159,0.952,0.979,0
53.2,0.62,0.117,-0.39,1.106,0.873,0
44.96,-1.123,-0.326,1.431,2.229,0.755,0
71.33,0.854,-0.039,-1.062,0.219,0.859,0
21.97,-0.92,-1.968,-1.662,-0.608,0.93,0
86.74,1.428,-1.512,-0.225,-0.61,0.933,0
60.13,0.161,0.868,2.211,-1.565,0.942,0
26.29,0.267,1.049,-0.384,0.206,0.922,0
36.64,0.042,1.404,1.411,-1.282,0.877,0
103.88,-0.157,0.841,-0.508,1.361,0.963,0
72.02,-0.631,0.282,0.886,0.308,0.752,0
118.76,0.305,-0.755,-0.018,-0.493,0.779,0
59.5,0.026,-0.108,-1.515,0.341,0.888,0
188.26,0.786,-0.527,-0.213,0.074,0.809,0
65.25,-0.921,1.002,-0.782,-0.247,0.753,0
61.84,1.58,-0.031,-0.856,0.648,0.873,0
6.77,1.409,-0.541,1.143,-0.342,0.983,0
84.43,-0.345,-1.017,0.453,1.121,0.928,0
141.76,-0.458,0.688,0.358,0.863,0.784,0
376.09,0.099,0.597,-0.483,0.695,0.821,0
22.28,-0.697,3.506,0.652,-1.084,0.734,0
10.41,-1.368,-1.746,-1.14,-0.849,0.798,0
20.16,0.835,-0.199,0.713,-1.065,0.741,0
42.13,0.443,-0.181,1.773,-0.67,0.875,0
17.92,-0.176,0.503,-0.062,-0.141,0.797,0
13.27,-1.53,1.198,1.27,0.938,0.75,0
15.07,-0.458,-0.628,0.499,-0.952,0.822,0
70.6,-0.452,-1.065,1.247,1.073,0.896,0
73.28,0.01,0.631,-1.598,-0.32,0.729,0
72.53,0.256,-1.969,0.5,-0.435,0.99,0
38.08,-0.787,0.743,1.464,0.892,0.915,0
24.73,-0.256,1.129,0.221,-1.475,0.95,0
295.18,-0.242,-0.825,-0.777,-0.325,0.956,0
86.23,-0.525,1.213,-1.702,-0.838,0.827,0
85.12,1.251,-0.026,-0.071,0.935,0.77,0
251.83,0.795,1.334,-0.247,0.143,0.72,0
19.13,-0.25,-1.112,0.171,-0.165,0.868,0
44.04,0.148,-0.7,0.332,-0.524,0.933,0
71.74,0.399,-0.487,-1.031,-0.714,0.836,0
222.55,0.56,-0.28,-0.933,0.599,0.792,0
17.46,-1.224,-0.935,0.896,1.048,0.977,0
114.56,1.091,1.095,-0.354,0.665,0.787,0
119.9,0.194,-0.128,-1.871,0.326,0.925,0
36.83,-0.762,0.329,0.112,-1.723,0.947,0
22.38,1.024,0.019,0.906,0.537,0.934,0
135.68,-0.275,-0.989,1.57,0.768,0.976,0
55.8,0.397,-0.854,-0.338,1.326,0.728,0
20.72,-0.005,0.375,1.26,-0.008,0.859,0
14.12,-0.558,-1.392,0.803,-0.256,0.846,0
316.72,-3.101,7.711,-4.805,5.395,0.139,1
144.02,0.348,-0.164,-0.688,-0.517,0.843,0
9.41,-0.005,-0.55,-0.208,-1.876,0.814,0
17.37,1.672,0.633,-0.977,1.615,0.74,0
63.83,-0.079,0.985,-1.134,-1.036,0.96,0
21.62,1.806,0.296,-0.472,-0.106,0.766,0
202.27,1.35,0.099,0.664,0.083,0.964,0
61.06,0.914,-1.634,-0.019,2.05,0.938,0
22.21,1.247,-1.108,-0.373,-1.572,0.979,0
88.57,0.643,1.574,0.064,-1.153,0.773,0
568.08,-0.881,-0.762,0.208,2.35,0.706,0
16.79,-0.072,1.374,-0.114,-1.162,0.773,0
26.51,-0.122,0.406,-0.659,0.791,0.819,0
173.52,0.918,-1.942,-2.358,0.833,0.885,0
59.49,-0.093,-1.0,1.687,0.656,0.819,0
118.06,0.364,-0.876,-1.746,0.742,0.747,0
41.04,-1.388,0.183,0.064,-0.483,0.929,0
28.93,-2.482,0.631,0.465,-1.23,0.988,0
43.64,-1.934,0.589,-1.174,1.573,0.854,0
94.86,-0.101,-0.219,-1.706,-0.286,0.714,0
12.71,-0.459,-0.636,0.392,0.131,0.787,0
169.26,0.603,0.008,0.596,-0.078,0.833,0
69.19,0.626,0.856,-1.267,1.825,0.93,0
256.68,0.022,-0.125,0.371,0.888,0.932,0
196.62,0.838,0.969,0.337,-1.548,0.906,0
35.71,-0.278,-0.599,0.44,0.316,0.965,0
45.48,-1.268,-1.732,1.503,-1.123,0.804,0
6.75,-1.476,-0.326,-0.03,-0.478,0.76,0
56.24,0.714,-1.53,0.023,0.234,0.888,0
218.92,-1.088,-0.411,-0.704,-1.573,0.887,0
5.39,0.436,-0.757,0.149,-0.111,0.792,0
38.64,-0.335,-1.314,0.989,1.345,0.894,0
185.24,0.061,-1.048,0.828,1.371,0.83,0
6.47,-0.808,-0.331,-1.258,-0.289,0.926,0
179.4,0.251,-2.441,0.048,0.613,0.989,0
18.03,-0.009,1.135,-0.1,0.397,0.977,0
17.92,-1.003,0.586,0.787,-0.714,0.809,0
5.61,-1.429,-0.451,-0.998,0.599,0.944,0
31.41,-1.564,-0.828,-0.764,0.276,0.839,0
39.61,-0.364,0.362,0.05,-0.955,0.987,0
7.97,-2.259,-0.771,-1.267,-1.208,0.96,0
6.63,-0.735,0.818,-1.269,-1.855,0.788,0
13.35,-0.345,-0.66,-0.245,0.216,0.915,0
33.98,-0.183,0.979,0.264,-1.26,0.865,0
44.65,-0.912,-0.097,-0.603,1.342,0.755,0
61.12,-0.264,1.125,-0.87,-1.562,0.936,0
5.89,0.73,-0.979,-1.7,-0.945,0.953,0
216.9,0.222,0.387,0.344,-1.079,0.708,0
109.75,0.847,0.684,0.433,-1.105,0.752,0
254.13,-0.651,0.282,0.546,-1.046,0.838,0
118.3,0.917,-1.273,0.175,-1.296,0.978,0
89.1,0.488,-0.768,-1.849,0.292,0.751,0
21.63,-0.952,-0.084,-0.035,1.025,0.827,0
49.47,0.43,-2.232,-0.753,2.345,0.96,0
37.49,-1.712,0.67,-0.407,0.259,0.755,0
142.31,0.457,-1.151,0.024,0.49,0.754,0
37.87,-0.486,1.06,0.907,0.731,0.845,0
134.95,0.176,-1.993,-0.91,0.511,0.779,0
94.73,-0.093,2.159,-0.088,1.445,0.956,0
118.17,-0.909,-1.609,0.722,0.307,0.752,0
66.45,-0.357,-0.617,-0.519,0.228,0.892,0
201.41,0.194,0.114,-0.175,-0.831,0.967,0
24.26,0.047,0.747,-0.115,-0.92,0.795,0
33.18,-1.144,2.891,-0.878,-0.038,0.933,0
60.82,0.429,0.424,0.174,0.275,0.731,0
107.83,-0.917,0.059,-0.537,0.184,0.794,0
44.51,-1.279,-0.074,-1.616,1.95,0.975,0
238.91,1.952,0.885,-0.369,-0.484,0.961,0
107.1,0.296,-1.31,-0.19,0.533,0.754,0
247.06,-2.362,-1.105,0.526,-0.312,0.945,0
48.84,-0.054,-0.473,-0.309,-0.276,0.814,0
13.87,-1.14,-0.333,-0.516,0.231,0.859,0
131.08,0.103,0.234,-0.863,0.702,0.83,0
324.25,0.355,0.328,0.329,0.994,0.916,0
42.8,-1.603,0.662,0.168,-0.963,0.802,0
79.39,1.625,2.257,-0.163,-1.028,0.935,0
220.35,-3.984,-1.084,-4.34,5.151,0.09,1
175.32,0.514,0.673,1.605,-0.211,0.839,0
118.4,1.127,-0.142,2.038,0.648,0.744,0
59.32,0.206,-0.819,0.441,0.659,0.81,0
436.99,1.04,0.538,0.08,1.325,0.806,0
102.43,1.762,1.229,-0.853,-1.879,0.862,0
160.39,-0.455,0.314,1.186,-2.032,0.905,0
264.78,1.496,0.829,0.819,-0.444,0.831,0
551.23,0.67,-0.485,-0.109,0.574,0.981,0
88.8,1.313,-0.365,-1.038,-0.907,0.89,0
47.08,0.654,1.071,0.891,-0.198,0.819,0
110.31,2.012,0.124,1.789,-1.049,0.775,0
53.49,1.042,0.253,2.017,-0.484,0.75,0
9.96,1.337,0.08,-0.094,-0.289,0.892,0
16.91,0.211,-1.573,-2.511,-0.313,0.96,0
11.34,1.162,0.222,-1.303,-1.774,0.802,0
83.66,0.759,0.569,1.635,-0.629,0.966,0
220.57,0.939,1.4,-1.337,0.133,0.736,0
61.52,0.264,-1.169,0.382,2.174,0.711,0
10.05,-0.204,-0.095,1.417,1.259,0.751,0
218.88,-0.618,0.688,-2.953,-1.004,0.801,0
149.65,-0.2,-0.924,-1.085,-2.496,0.95,0
25.92,0.247,-0.832,-1.429,-0.374,0.805,0
30.56,0.129,-0.872,1.286,-1.046,0.935,0
32.82,0.69,0.517,-0.638,0.584,0.902,0
169.45,-0.032,0.577,-0.076,0.404,0.763,0
66.32,-0.584,2.08,-1.937,1.552,0.852,0
264.17,-1.68,-0.001,-0.746,1.189,0.937,0
9.97,-0.667,-0.276,0.246,-0.645,0.812,0
179.39,-1.881,0.151,0.807,1.438,0.932,0
92.69,0.491,-0.959,-0.781,-2.299,0.967,0
42.93,-1.578,1.294,-0.103,-0.896,0.873,0
49.49,1.182,-0.403,0.929,-0.21,0.758,0
26.27,-0.232,-0.399,0.061,1.608,0.832,0
79.58,0.459,0.21,0.53,-0.45,0.902,0
6.24,0.544,-1.38,3.382,0.291,0.767,0
100.53,-0.695,-1.469,1.456,-1.11,0.726,0
24.56,-0.189,-0.144,0.473,-1.292,0.912,0
96.77,-0.66,-0.037,0.627,0.256,0.902,0
25.91,1.513,1.51,0.575,0.766,0.741,0
41.31,-0.069,2.264,-0.531,0.434,0.75,0
156.08,1.484,1.589,2.667,-0.798,0.875,0
297.11,-0.686,-0.666,0.167,-0.467,0.859,0
15.02,-1.106,-0.466,0.362,-0.135,0.898,0
5.65,-0.257,1.809,1.403,0.082,0.904,0
28.75,2.526,1.365,-1.3,-0.198,0.765,0
33.05,1.135,1.114,1.775,0.678,0.985,0
46.34,-0.906,1.37,-0.741,-0.409,0.832,0
63.15,0.868,-0.948,0.689,-0.449,0.752,0
43.9,1.388,1.611,1.0,0.265,0.952,0
72.11,-0.126,1.318,-0.963,0.982,0.799,0
103.48,-0.839,-0.044,0.423,-0.618,0.795,0
65.23,0.765,0.812,1.521,0.574,0.743,0
44.54,-0.813,-0.089,-0.847,-0.768,0.769,0
62.88,-0.991,0.218,0.266,0.865,0.873,0
375.98,0.637,0.19,-0.972,-0.8,0.85,0
65.39,0.736,-1.008,1.899,-0.43,0.838,0
326.88,0.186,-0.44,1.298,-0.184,0.929,0
141.89,-0.11,-1.505,-0.827,0.712,0.733,0
93.26,0.044,0.21,0.583,1.82,0.927,0
321.33,-2.283,1.211,0.217,-1.03,0.93,0
69.78,1.746,-1.021,-0.849,-1.293,0.988,0
91.01,0.233,0.282,0.987,0.441,0.783,0
91.16,1.753,1.297,-0.529,-0.787,0.783,0
83.3,-0.735,-1.028,-0.097,-0.444,0.942,0
1163.29,-4.678,2.609,-5.567,2.234,0.372,1
93.48,0.402,1.383,-0.841,-0.749,0.703,0
134.08,0.442,0.572,0.015,-0.025,0.713,0
14.49,-1.066,-2.661,0.558,0.982,0.744,0
26.79,-0.659,-0.375,1.006,-0.935,0.77,0
158.34,-1.994,-0.343,1.639,-0.685,0.85,0
5.62,0.197,1.542,-0.793,0.011,0.769,0
132.76,0.073,0.982,-0.52,-0.173,0.898,0
32.74,0.159,-0.425,-0.308,-0.009,0.732,0
107.11,-0.574,-0.263,0.151,1.606,0.789,0
49.29,1.4,-0.878,1.468,1.244,0.93,0
89.78,-1.832,-1.352,0.284,-0.387,0.921,0
29.03,0.258,1.049,-0.372,-0.016,0.811,0
92.0,-0.086,-0.874,1.695,2.406,0.713,0
273.08,0.21,0.493,-0.104,-0.142,0.753,0
67.31,0.66,-0.985,-0.354,0.033,0.916,0
22.79,-0.475,1.066,-0.871,-0.167,0.903,0
33.25,-0.311,-0.557,-0.19,-0.11,0.982,0
10.26,0.405,0.539,-0.152,-0.039,0.702,0
24.39,-3.107,-0.452,1.431,0.449,0.809,0
19.86,-0.597,1.07,0.969,-0.781,0.971,0
214.5,0.01,-1.134,-0.627,-0.59,0.958,0
297.18,-0.702,0.366,1.349,-0.06,0.866,0
17.09,0.209,-0.189,1.859,0.244,0.808,0
69.63,-0.963,0.514,0.284,-0.378,0.945,0
98.8,-0.473,-0.623,-0.256,0.498,0.937,0
33.63,-0.482,-0.56,2.346,-1.235,0.794,0
77.81,0.658,2.692,1.057,1.338,0.96,0
57.29,0.249,2.026,-1.107,1.187,0.743,0
97.84,-0.274,-1.601,-3.265,-1.2,0.874,0
7.54,-1.31,-0.317,0.236,-0.576,0.792,0
27.16,1.337,-1.727,1.154,1.365,0.95,0
25.98,-0.781,0.268,2.226,1.271,0.763,0
47.25,-0.294,0.273,0.722,-0.109,0.846,0
114.77,-0.475,0.525,0.7,-0.763,0.918,0
10.28,-0.939,-1.642,-0.289,1.217,0.969,0
488.33,0.666,1.124,-0.654,-0.163,0.866,0
43.16,1.343,-1.067,1.626,-0.234,0.815,0
18.9,0.628,-0.054,-0.578,0.592,0.813,0
228.4,-0.357,-0.546,0.479,-1.604,0.819,0
12.08,-0.788,0.254,0.163,2.481,0.843,0
10.94,-0.957,1.94,1.701,-1.568,0.876,0
6.29,-0.34,-0.484,0.771,1.788,0.92,0
119.7,-0.355,1.017,1.014,-0.475,0.769,0
57.56,-1.353,-0.434,-1.07,0.804,0.974,0
43.95,-1.221,1.299,0.49,0.404,0.73,0
224.12,0.947,0.319,-1.013,0.627,0.877,0
13.1,-0.773,1.662,0.67,1.007,0.89,0
14.53,0.19,0.11,-1.937,1.964,0.981,0
58.03,-1.315,1.464,1.379,0.854,0.881,0
66.43,0.983,-1.366,0.224,0.584,0.976,0
79.31,1.441,-0.189,-0.38,-1.086,0.835,0
35.13,-0.677,-0.207,-0.585,-1.074,0.931,0
22.13,-0.535,-0.189,2.095,1.075,0.951,0
150.34,-0.71,-0.42,-0.277,0.105,0.74,0
61.54,0.596,-0.573,1.922,1.25,0.834,0
30.14,1.608,0.663,0.089,-2.325,0.944,0
18.68,-2.056,0.613,-0.702,0.301,0.719,0
114.62,0.792,0.281,2.716,1.778,0.905,0
38.21,-0.737,-1.174,-1.476,-0.358,0.862,0
186.03,0.508,-3.227,-0.229,-1.052,0.812,0
41.84,0.071,0.658,-0.91,0.589,0.89,0
186.62,-0.858,-0.497,0.328,-0.716,0.762,0
98.47,0.381,0.907,0.191,-0.99,0.814,0
40.75,0.487,-0.206,-0.601,0.398,0.838,0
37.56,-1.107,-1.351,-0.515,2.472,0.762,0
96.8,1.211,-1.307,1.517,-0.882,0.894,0
65.43,-0.35,1.838,-0.072,-0.087,0.771,0
10.55,-0.886,1.412,-0.496,1.905,0.772,0
18.99,1.004,-0.108,0.288,-1.309,0.979,0
91.16,1.724,-0.478,0.337,1.21,0.953,0
66.44,2.498,0.03,1.324,0.515,0.939,0
7.35,0.857,0.705,1.066,1.0,0.712,0
54.59,0.425,-1.453,0.619,0.746,0.879,0
6.6,0.912,0.747,0.927,0.777,0.825,0
436.42,0.422,1.453,0.264,1.305,0.853,0
38.88,0.083,-1.666,-1.515,0.461,0.968,0
74.26,-2.597,1.069,1.077,-1.383,0.876,0
79.65,-1.334,0.108,0.198,-1.798,0.929,0
53.08,-0.86,1.829,0.369,-0.791,0.76,0
65.46,0.428,-0.192,-0.426,-1.446,0.978,0
37.62,-1.37,1.081,0.278,-0.848,0.966,0
56.21,1.37,1.587,1.8,-1.33,0.775,0
45.36,1.091,-0.173,1.263,-1.417,0.762,0
29.74,1.238,0.701,-2.029,-0.466,0.964,0
17.41,0.959,1.114,0.414,0.181,0.911,0
35.51,-1.197,-1.611,0.208,-0.443,0.912,0
162.77,1.708,0.405,1.06,-0.851,0.8,0
203.17,-0.494,-0.903,1.542,-0.007,0.917,0
25.11,-0.44,-0.798,2.902,-1.209,0.824,0
97.47,0.626,-0.102,0.736,-1.382,0.877,0
33.11,-1.78,-1.169,-0.09,-1.294,0.812,0
21.69,-2.185,-1.401,1.34,0.957,0.973,0
12.74,2.265,0.595,1.302,-0.422,0.899,0
366.88,-0.187,0.413,-1.894,0.546,0.771,0
19.05,0.997,-1.552,0.055,0.448,0.854,0
8.05,0.085,0.897,-0.182,-1.252,0.989,0
35.94,-0.578,-0.349,-0.801,0.189,0.922,0
218.87,-0.898,0.13,1.288,0.295,0.856,0
179.77,-0.637,0.86,-1.407,-0.558,0.972,0
49.19,1.275,0.846,0.746,0.865,0.784,0
103.48,2.205,1.11,-0.181,0.371,0.827,0
22.56,-0.342,-0.424,0.814,0.104,0.795,0
38.21,-1.965,0.88,-0.225,0.755,0.842,0
69.79,0.327,1.443,-0.489,-0.339,0.972,0
142.47,0.53,2.543,0.636,-0.843,0.705,0
140.27,-0.722,-0.488,-1.82,-0.159,0.988,0
78.73,-1.45,0.345,-0.984,-0.239,0.921,0
39.19,-0.685,1.346,0.136,0.42,0.725,0
71.09,0.406,-0.43,0.318,0.604,0.988,0
13.04,1.907,0.471,0.957,0.661,0.966,0
43.15,-0.124,-0.413,-1.09,0.653,0.935,0
26.09,0.005,-0.284,-0.864,1.301,0.917,0
54.04,-0.818,1.508,0.084,0.861,0.801,0
41.48,0.258,-1.014,1.329,0.364,0.758,0
34.21,-0.289,-0.568,0.495,-0.077,0.889,0
134.82,-0.867,-0.426,-0.865,-0.864,0.869,0
40.51,1.292,-0.988,-1.088,0.561,0.966,0
23.91,-0.819,1.274,-0.717,-2.138,0.951,0
17.84,-0.13,-0.592,0.147,-0.349,0.92,0
168.97,0.326,0.191,-0.001,-1.397,0.988,0
102.27,0.389,0.732,0.349,-0.202,0.894,0
219.12,0.71,-0.088,-1.427,-0.179,0.744,0
437.23,-0.949,-0.464,0.087,0.99,0.883,0
222.27,1.248,0.047,0.202,-0.379,0.892,0
23.09,-1.568,-0.931,0.178,-0.849,0.988,0
74.7,-0.56,0.055,0.042,-1.141,0.986,0
182.85,0.547,-2.031,1.878,0.534,0.899,0
137.57,-0.043,-0.772,-0.025,0.836,0.718,0
27.13,-0.823,0.157,-1.81,-0.808,0.936,0
14.92,-0.859,1.68,-1.337,0.399,0.877,0
100.27,1.521,1.67,0.056,0.475,0.971,0
100.7,0.422,1.717,0.292,-0.954,0.935,0
123.86,-0.822,-0.863,0.951,-0.533,0.747,0
23.63,0.245,1.103,0.669,-0.462,0.933,0
14.05,1.338,0.869,0.992,0.96,0.749,0
37.17,-0.338,0.991,-1.18,-1.315,0.821,0
45.4,-0.789,0.124,-1.151,0.662,0.714,0
13.89,0.045,-2.043,-0.019,0.142,0.852,0
105.98,-1.769,0.23,0.174,0.605,0.84,0
78.77,-0.653,0.469,1.826,0.671,0.949,0
44.92,1.794,-0.769,-1.001,0.056,0.931,0
75.63,-0.469,0.402,1.557,0.224,0.987,0
188.4,-0.395,0.57,-0.33,0.338,0.757,0
14.92,-0.403,-0.574,0.994,0.19,0.821,0
72.17,-0.52,-0.741,-0.254,-1.032,0.871,0
33.4,-0.593,0.556,-1.178,-1.636,0.966,0
96.41,-0.616,-1.017,1.249,-0.057,0.791,0
45.16,-0.688,-0.394,0.763,-0.017,0.729,0
54.42,1.381,0.976,0.897,-0.061,0.819,0
66.35,0.202,1.923,-0.58,-0.986,0.727,0
53.17,-0.924,0.265,0.824,0.274,0.798,0
26.34,0.321,0.657,-0.208,-0.893,0.895,0
77.61,1.124,1.984,-0.621,1.031,0.905,0
406.15,1.288,-0.487,-0.826,-0.961,0.971,0
7.23,-0.091,-1.506,1.689,-1.284,0.756,0
11.22,0.422,-2.263,2.045,1.249,0.859,0
28.97,-0.242,0.155,0.635,-0.801,0.781,0
62.82,0.083,-2.059,1.306,-1.465,0.958,0
91.35,1.864,1.773,1.394,-0.016,0.715,0
188.94,1.116,0.276,0.361,-0.62,0.821,0
102.14,-1.07,0.408,-1.792,0.118,0.863,0
118.85,0.032,-0.84,-1.502,0.864,0.976,0
67.44,-2.192,0.732,1.986,1.341,0.741,0
83.25,0.122,0.154,-0.496,-0.419,0.829,0
87.16,-0.429,0.561,2.181,-0.301,0.829,0
56.47,2.52,-1.909,0.076,-1.513,0.774,0
24.22,-1.955,1.219,0.431,-0.427,0.933,0
40.34,0.09,2.086,-0.448,0.426,0.814,0
23.12,1.038,1.179,1.841,0.445,0.885,0
132.34,-0.413,-1.514,-0.231,-1.145,0.903,0
104.93,-1.016,1.112,-1.18,1.445,0.974,0
40.75,1.449,0.597,-0.134,0.875,0.805,0
52.78,1.146,-1.313,0.922,0.141,0.729,0
62.88,-0.45,0.014,0.199,-0.903,0.736,0
18.76,0.744,0.807,0.484,-0.439,0.909,0
144.37,-1.954,0.211,1.933,0.972,0.797,0
130.27,0.126,-0.183,-0.002,-0.514,0.95,0
12.69,-1.235,0.064,-0.781,0.586,0.788,0
63.38,1.382,0.435,-0.458,-0.336,0.84,0
19.6,0.681,1.745,-0.089,0.049,0.98,0
5.0,1.193,-1.159,0.146,-0.756,0.96,0
73.91,-1.652,1.111,0.36,0.14,0.805,0
117.7,-1.34,-1.024,0.533,-0.495,0.775,0
33.3,0.175,-0.028,-1.419,-1.385,0.94,0
36.78,-0.426,-1.476,-0.087,0.038,0.808,0
41.13,0.744,-1.23,0.786,-1.547,0.846,0
25.81,-0.755,-0.535,0.152,-0.564,0.895,0
20.43,0.181,0.043,-0.018,-0.802,0.913,0
9.0,-1.01,-0.345,-0.785,-0.012,0.851,0
6.66,-0.093,1.765,-1.386,-0.187,0.805,0
22.06,-0.817,0.639,-1.474,0.781,0.891,0
71.09,1.803,-0.798,1.237,-0.324,0.912,0
71.12,-0.758,0.056,-1.947,0.888,0.857,0
93.54,1.368,1.142,-0.707,0.324,0.756,0
89.64,1.445,-0.505,-0.217,-0.264,0.862,0
64.04,-0.607,-1.546,0.164,-0.863,0.95,0
30.62,-1.088,-0.364,0.293,-0.778,0.981,0
101.37,-0.04,0.292,-0.116,0.157,0.734,0
108.05,-1.468,-1.036,-1.198,1.232,0.866,0
35.25,-0.685,1.035,-0.422,0.031,0.93,0
87.32,-0.57,-0.616,0.511,-1.587,0.859,0
32.2,0.669,0.334,-0.098,-0.538,0.872,0
80.05,0.108,-0.684,-1.009,0.431,0.797,0
39.02,-0.484,0.507,1.469,0.251,0.941,0
98.36,0.889,-0.552,0.871,1.032,0.72,0
8.76,0.311,0.136,0.599,0.495,0.858,0
35.88,1.179,0.989,0.377,0.148,0.806,0
8.44,0.727,0.385,0.904,-0.519,0.796,0
139.4,0.203,-0.562,-0.098,2.034,0.899,0
1204.85,-1.382,-0.416,-4.991,3.2,0.169,1
46.53,-0.219,0.694,-0.147,0.799,0.948,0
67.7,-0.503,-1.873,-1.58,-0.498,0.784,0
22.54,1.139,-1.501,1.508,-0.806,0.986,0
45.24,-1.244,-0.138,1.499,-0.712,0.763,0
22.08,1.15,-0.446,0.446,0.121,0.962,0
18.93,-0.11,-0.499,1.969,2.792,0.739,0
16.33,-0.883,-1.071,0.041,-2.273,0.898,0
64.67,-0.599,1.08,1.469,-0.862,0.97,0
112.06,0.729,0.802,1.122,-0.782,0.928,0
69.79,1.59,0.225,-0.532,1.035,0.932,0
148.07,0.776,-0.951,0.847,0.155,0.71,0
153.88,1.141,0.02,0.583,0.457,0.751,0
35.79,0.807,-0.857,-0.336,-0.366,0.955,0
109.02,-1.557,-0.725,-0.772,-0.228,0.864,0
46.07,0.06,-0.134,0.755,0.518,0.841,0
299.34,0.105,0.844,0.532,1.728,0.972,0
81.67,-0.123,0.324,0.376,-0.444,0.928,0
25.19,0.454,1.468,0.005,-0.994,0.97,0
65.02,-2.122,-0.006,0.666,0.235,0.751,0
48.95,-0.012,-1.224,0.673,0.061,0.82,0
76.14,-0.34,0.733,1.143,0.774,0.796,0
20.26,-2.236,0.045,1.163,0.007,0.757,0
243.35,0.577,0.55,-0.317,-2.432,0.872,0
137.56,-1.251,0.371,0.2,1.311,0.937,0
148.34,0.199,-0.77,0.673,-0.025,0.786,0
24.61,-1.136,1.06,1.979,1.155,0.821,0
318.44,-0.291,-0.986,1.947,-1.034,0.818,0
13.68,-0.113,0.602,-0.673,-1.989,0.763,0
13.98,-0.245,-0.259,-0.351,-1.324,0.881,0
89.26,1.395,-1.186,0.404,-0.423,0.747,0
38.53,2.566,-0.249,-0.922,0.138,0.822,0
222.84,0.244,1.002,-0.955,0.178,0.758,0
29.75,1.752,-0.089,-1.062,-0.112,0.827,0
20.09,-0.678,0.511,1.937,-0.175,0.766,0
11.72,-0.641,0.091,1.491,0.516,0.796,0
61.96,-0.052,0.777,0.958,1.311,0.953,0
13.24,-0.674,-0.403,-0.12,0.71,0.964,0
34.64,-0.384,-0.706,1.11,0.312,0.812,0
214.34,0.804,-1.063,-0.903,0.942,0.708,0
43.63,-0.92,0.804,1.865,0.608,0.926,0
49.77,0.359,-0.433,1.276,-0.18,0.827,0
25.79,0.532,-0.718,-1.872,1.47,0.843,0
72.8,-0.63,-1.347,-0.821,-1.528,0.845,0
21.18,-1.579,-1.468,0.207,-0.617,0.751,0
160.52,-0.186,0.78,-0.549,0.71,0.741,0
37.27,-1.074,-1.657,-1.24,-1.773,0.906,0
28.95,-0.008,-0.388,-0.691,-0.081,0.739,0
65.62,0.464,-0.326,0.297,-0.032,0.884,0
42.15,-0.011,-0.368,0.583,-1.157,0.869,0
31.19,1.147,0.286,0.806,-1.266,0.734,0
34.33,1.028,0.494,1.031,-0.618,0.897,0
41.44,0.026,1.065,-0.065,2.204,0.831,0
165.12,0.021,0.024,-1.136,-0.482,0.896,0
11.97,-0.815,-0.15,-0.366,0.076,0.882,0
100.07,-1.31,-0.052,-0.303,-0.647,0.835,0
92.36,-0.457,1.754,0.969,-0.443,0.928,0
352.73,0.761,-0.239,-0.173,-0.805,0.835,0
54.42,-1.105,0.419,0.153,1.086,0.962,0
5.22,-1.203,1.787,1.694,0.035,0.766,0
24.49,0.198,1.883,-0.095,-1.582,0.833,0
104.95,1.454,0.626,-0.148,0.966,0.799,0
14.18,-0.531,-0.201,0.548,0.54,0.821,0
30.55,-0.363,0.586,-1.4,0.706,0.765,0
6.82,-1.127,0.248,1.114,-1.227,0.759,0
190.78,-0.977,-1.225,-0.708,-0.81,0.721,0
34.68,0.424,0.808,-1.529,-0.251,0.909,0
303.73,-0.95,-1.085,-1.569,-1.643,0.924,0
17.96,0.389,-1.053,-1.154,0.239,0.947,0
38.92,-1.111,-1.858,0.612,-1.89,0.813,0
30.53,-0.285,0.601,-1.014,1.318,0.826,0
27.87,0.83,0.883,-2.955,2.708,0.936,0
17.67,-0.334,2.135,1.289,2.108,0.944,0
101.02,-1.045,-0.265,0.913,0.318,0.722,0
74.38,1.165,1.151,1.042,0.292,0.723,0
14.45,0.01,1.124,0.937,-0.893,0.959,0
104.44,-0.673,0.903,0.718,-0.416,0.878,0
27.68,1.965,0.255,0.641,-1.165,0.712,0
35.77,-0.886,0.44,0.401,-0.294,0.896,0
63.73,-0.621,-1.131,-1.155,0.249,0.84,0
49.7,-0.969,-0.057,-0.053,0.345,0.929,0
95.65,-0.354,-0.666,0.853,-1.659,0.868,0
223.5,0.449,0.365,0.136,0.177,0.797,0
25.58,1.777,0.673,1.061,-0.345,0.979,0
76.62,1.206,-0.153,0.477,0.711,0.821,0
191.74,1.282,-1.422,-1.129,0.481,0.783,0
215.55,-0.442,-0.429,-0.899,-0.045,0.959,0
13.97,-1.556,1.132,0.382,1.294,0.813,0
355.82,0.125,-0.7,-1.243,-0.985,0.742,0
38.93,1.349,-0.705,0.394,0.584,0.887,0
128.42,-0.173,1.706,-1.244,-0.94,0.897,0
277.14,0.817,0.161,0.369,0.996,0.971,0
80.77,-0.756,-0.69,0.881,0.121,0.721,0
83.82,-0.409,0.287,-0.301,-0.862,0.779,0
23.79,-0.339,-0.277,1.568,0.924,0.904,0
69.6,-0.116,0.475,0.329,0.473,0.799,0
14.58,-0.812,0.408,0.003,-1.882,0.897,0
226.58,1.704,0.927,1.113,-1.129,0.827,0
170.28,-0.692,-2.345,1.313,-0.285,0.977,0
38.7,1.862,-0.226,-0.015,0.969,0.732,0
44.09,-2.188,1.336,0.239,0.546,0.944,0
30.1,-0.584,0.163,0.108,1.129,0.929,0
249.85,0.647,-0.627,0.601,-0.367,0.729,0
21.68,-0.812,0.551,0.194,-1.196,0.942,0
31.57,0.389,0.431,1.845,0.996,0.712,0
43.89,-0.68,-0.46,-1.599,-1.216,0.911,0
82.48,0.055,-0.703,-3.404,1.704,0.805,0
44.95,-0.297,-0.042,0.01,-0.855,0.744,0
133.22,-0.497,-0.279,-0.677,-1.254,0.71,0
118.75,-5.284,2.211,-4.253,4.459,0.127,1
16.25,1.168,0.514,1.565,-0.577,0.94,0
78.94,-5.247,5.994,-4.825,2.776,0.113,1
118.53,0.689,0.486,-0.226,-1.687,0.901,0
45.91,1.745,2.593,0.4,-1.09,0.827,0
145.24,-0.682,0.335,1.897,-0.105,0.725,0
138.67,0.017,-1.532,0.108,0.665,0.823,0
5.58,0.225,-1.049,-2.278,-0.103,0.968,0
39.36,2.397,1.296,-2.057,2.521,0.798,0
208.52,1.476,-2.553,-0.545,0.197,0.927,0
66.07,1.18,0.682,-0.277,0.961,0.935,0
30.46,-0.729,0.294,-1.456,1.036,0.914,0
9.0,-0.445,-1.369,-0.964,-0.306,0.988,0
33.45,-0.912,0.72,-0.278,0.935,0.961,0
40.56,0.009,-0.259,-1.041,0.068,0.768,0
135.06,-0.012,-0.552,1.936,0.312,0.711,0
79.89,0.884,-0.001,-0.065,-0.073,0.894,0
44.93,0.92,0.009,-0.103,-0.882,0.809,0
34.7,1.144,-0.387,1.082,-0.03,0.777,0
26.51,0.247,-1.619,-0.767,-0.454,0.988,0
201.09,0.821,0.283,0.187,0.463,0.85,0
186.65,-1.034,0.188,-0.84,-2.069,0.971,0
96.5,0.347,0.505,1.115,-0.969,0.757,0
49.58,0.449,1.229,-0.544,0.722,0.917,0
24.21,-2.234,1.523,-1.09,0.169,0.805,0
98.44,1.76,2.103,0.689,0.017,0.971,0
250.93,-2.381,0.576,-5.142,3.081,0.142,1
26.49,-1.294,1.55,-0.587,-0.145,0.731,0
32.46,0.417,-0.312,0.605,1.57,0.923,0
254.74,-1.1,0.323,0.293,-1.175,0.797,0
209.91,1.579,0.999,-0.001,-0.216,0.825,0
109.02,0.264,-0.065,1.195,1.272,0.967,0
458.91,0.542,-0.528,-0.156,-1.23,0.729,0
88.0,2.239,-0.548,1.026,1.528,0.785,0
159.17,-0.578,2.944,1.974,0.303,0.736,0
42.17,-0.62,0.71,2.313,-0.119,0.895,0
115.76,-0.292,0.999,1.03,0.917,0.787,0
297.99,-0.413,0.717,1.189,0.956,0.825,0
174.42,1.073,1.29,-0.457,-1.384,0.826,0
117.45,-0.743,0.212,-0.27,-1.926,0.914,0
120.68,-1.031,-0.025,-1.017,-0.859,0.926,0
21.87,2.011,-0.413,0.839,0.798,0.95,0
262.73,-2.13,-1.385,2.046,-0.506,0.925,0
178.78,-2.128,-0.682,0.727,-0.938,0.752,0
48.34,-0.841,-0.527,-1.859,1.172,0.834,0
23.53,-0.745,1.077,-1.232,-0.782,0.826,0
57.94,0.509,0.032,0.219,0.81,0.711,0
85.53,0.26,-0.506,1.112,-0.362,0.973,0
50.88,2.336,-1.022,-1.218,-0.245,0.921,0
26.03,0.197,-1.119,0.749,1.848,0.89,0
15.43,-2.195,-0.368,0.31,-0.141,0.985,0
153.1,0.113,-0.778,1.26,-0.411,0.716,0
23.66,-1.229,-0.039,0.923,0.554,0.904,0
54.33,-0.075,-1.712,0.594,-0.137,0.963,0
58.32,-0.261,-0.29,-1.254,-0.529,0.724,0
100.21,-1.669,0.651,0.692,0.7,0.842,0
13.63,0.24,0.595,0.617,-1.413,0.817,0
90.75,-1.631,-2.934,0.699,1.449,0.723,0
10.75,-0.632,-1.768,0.875,-1.298,0.757,0
108.52,-0.439,0.319,0.327,0.107,0.756,0
209.02,1.47,1.714,1.792,-0.176,0.935,0
68.06,-0.652,-0.43,0.021,-0.019,0.736,0
46.28,0.854,-0.387,0.156,-0.007,0.914,0
166.78,-0.255,-0.415,-0.111,-1.11,0.908,0
20.74,0.299,-0.966,-0.12,-1.563,0.715,0
102.01,2.095,0.587,-0.953,-0.967,0.932,0
112.77,1.859,1.156,0.477,1.423,0.966,0
20.7,0.075,0.03,-1.213,1.508,0.759,0
199.25,-0.794,1.225,0.987,-0.902,0.943,0
111.95,-1.246,0.641,0.441,0.623,0.85,0
65.91,1.236,0.26,0.638,0.434,0.847,0
88.29,-0.414,0.549,2.088,-0.969,0.965,0
6.36,-0.672,-0.727,-1.197,-0.951,0.871,0
189.3,-1.294,0.686,0.345,0.952,0.763,0
43.16,0.68,0.825,-1.104,0.238,0.933,0
36.24,0.662,1.219,-0.841,-0.69,0.738,0
28.55,0.368,-1.077,1.521,1.744,0.886,0
148.33,-0.123,0.189,-0.756,0.157,0.735,0
95.3,1.621,-0.084,-1.029,-0.205,0.953,0
12.35,-0.603,-0.84,1.571,0.01,0.885,0
161.53,0.477,-0.014,-0.432,1.3,0.811,0
230.42,0.994,1.51,0.366,1.551,0.746,0
37.68,-0.343,0.041,1.555,-0.381,0.748,0
10.67,0.384,1.101,0.467,-0.494,0.891,0
39.56,-1.052,-0.379,0.034,1.263,0.862,0
187.73,1.213,1.433,-0.477,-0.393,0.742,0
265.33,0.749,1.697,-0.695,-1.842,0.726,0
539.96,0.65,1.364,0.129,2.634,0.775,0
26.82,-0.756,0.087,0.11,-0.77,0.967,0
213.81,1.123,0.268,-1.035,0.614,0.721,0
9.14,-0.42,0.102,0.887,0.999,0.723,0
206.54,0.917,0.05,-0.975,-0.319,0.925,0
64.62,-0.526,0.202,-1.233,0.341,0.709,0
39.67,0.847,-0.686,1.401,-0.76,0.705,0
6.27,1.366,-1.596,0.306,0.61,0.929,0
16.27,-0.364,0.448,0.25,2.217,0.858,0
23.48,-0.421,0.125,-0.136,-0.349,0.941,0
30.27,-0.373,-0.022,0.186,-0.725,0.756,0
105.73,0.493,0.402,-0.133,-1.095,0.975,0
130.7,0.007,-1.032,-0.112,0.789,0.943,0
63.21,0.295,0.773,0.717,1.407,0.812,0
25.78,0.028,0.801,0.168,-0.006,0.811,0
168.63,-0.384,0.521,2.394,-0.02,0.925,0
248.41,-0.646,-0.567,-0.366,1.326,0.966,0
8.69,-0.366,0.305,-0.092,-1.313,0.815,0
61.6,0.175,0.49,-0.846,-0.542,0.822,0
56.07,-1.506,0.652,-0.314,0.209,0.863,0
88.04,0.539,-0.485,1.559,1.235,0.844,0
209.29,-0.925,1.517,0.871,-0.204,0.749,0
52.09,0.76,0.17,0.398,0.93,0.764,0
116.51,0.022,0.413,0.488,-1.59,0.9,0
24.85,0.642,1.61,-1.55,0.898,0.745,0
88.02,-1.767,0.941,-0.984,-1.314,0.842,0
317.94,0.575,0.431,3.345,0.724,0.759,0
113.52,1.562,-0.505,-0.91,-0.211,0.75,0
146.87,-0.876,-0.898,0.206,0.56,0.733,0
18.18,0.642,-1.556,-0.831,0.931,0.952,0
14.83,-0.424,0.203,2.626,-2.255,0.97,0
51.46,-0.982,-0.135,-1.2,0.578,0.722,0
496.51,-0.671,-0.431,0.897,0.556,0.719,0
14.47,0.973,1.758,0.074,2.117,0.937,0
72.25,-0.029,0.84,-0.427,1.339,0.826,0
165.69,0.156,-0.944,0.93,0.841,0.872,0
55.52,0.398,-0.232,1.199,-0.522,0.709,0
27.46,1.307,-1.176,-0.222,-0.087,0.75,0
30.5,-0.487,-0.532,-0.469,1.434,0.818,0
293.95,0.765,-0.095,-0.794,-1.606,0.815,0
72.14,-1.509,0.505,-0.017,1.459,0.702,0
81.06,-0.644,0.769,-0.176,0.549,0.973,0
93.95,0.215,0.293,-1.089,0.076,0.834,0
267.9,-0.102,-1.883,1.534,-1.368,0.756,0
30.59,0.297,0.342,0.659,0.704,0.833,0
115.94,-0.831,-0.235,-1.105,-0.345,0.813,0
35.01,-1.687,1.209,0.111,1.88,0.967,0
13.11,1.111,1.209,-0.14,0.49,0.789,0
21.08,0.014,-1.739,-0.506,0.793,0.746,0
32.0,-0.384,0.748,0.361,-0.225,0.701,0
83.01,0.018,0.857,1.307,-0.475,0.943,0
342.2,-2.716,1.675,-5.872,2.693,0.373,1
19.24,1.885,-0.083,0.66,1.134,0.882,0
98.15,-0.747,-1.451,-0.629,0.168,0.786,0
49.33,-1.215,3.007,-0.219,1.8,0.962,0
265.35,-3.715,4.213,-3.866,3.337,0.183,1
29.81,-0.811,0.084,-1.896,0.305,0.811,0
138.21,-0.655,1.967,1.472,0.428,0.916,0
22.42,-1.009,-1.323,0.452,-0.478,0.858,0
40.53,1.46,0.66,-0.499,-2.14,0.719,0
82.27,-0.901,-1.947,1.877,-1.097,0.866,0
51.61,0.031,-0.124,0.309,0.436,0.985,0
17.73,0.213,-1.507,-1.584,-0.729,0.776,0
265.21,-0.51,-0.36,0.229,-0.28,0.907,0
16.79,0.714,-0.809,-1.368,0.18,0.949,0
37.72,-0.985,-1.206,-0.633,0.52,0.811,0
7.66,-0.495,1.016,0.483,-1.523,0.904,0
147.47,1.085,-0.529,-0.939,-0.083,0.945,0
72.43,0.637,0.149,-0.128,0.015,0.952,0
33.49,-1.452,0.009,1.044,-1.136,0.825,0
88.85,-0.505,1.026,1.452,0.357,0.907,0
70.98,-1.368,-1.725,-1.924,-0.851,0.903,0
16.39,1.008,0.909,0.879,-0.958,0.718,0
126.51,0.385,-0.734,0.601,0.043,0.711,0
34.36,0.885,2.376,-0.033,-1.103,0.816,0
37.25,1.067,0.484,0.23,0.381,0.782,0
82.99,0.986,0.389,-1.441,0.335,0.877,0
25.53,0.12,-1.009,0.414,0.809,0.937,0
31.32,-0.279,0.874,-0.096,1.173,0.778,0
30.62,-0.788,0.127,-0.152,0.287,0.797,0
27.58,1.271,0.372,0.624,-0.255,0.731,0
120.79,-1.85,1.035,0.182,-0.732,0.708,0
64.14,1.498,0.672,-1.148,-1.283,0.912,0
233.28,0.518,-0.143,-0.647,0.51,0.713,0
25.52,0.594,1.257,0.734,-0.837,0.741,0
151.63,-0.945,-1.789,2.248,-0.559,0.988,0
82.88,-0.126,0.22,0.112,-2.522,0.794,0
325.15,-0.166,1.771,-0.212,1.635,0.705,0
71.6,0.144,0.038,0.015,-0.582,0.728,0
18.71,-1.364,0.561,0.095,1.664,0.763,0
62.87,0.322,0.076,-0.431,0.618,0.757,0
88.62,-0.468,1.094,-0.98,-0.172,0.744,0
76.41,-0.098,-0.131,-0.323,-1.531,0.713,0
63.88,1.066,0.416,-0.777,-0.395,0.713,0
92.77,-1.515,0.292,0.526,0.741,0.78,0
123.99,0.785,-1.142,0.357,-0.709,0.769,0
77.23,0.543,-0.787,0.483,0.373,0.702,0
15.66,0.385,0.048,-1.167,1.49,0.742,0
19.1,1.385,-0.889,-0.047,0.17,0.952,0
22.58,-0.581,-0.068,0.131,1.367,0.852,0
122.41,1.199,-0.725,2.251,-0.245,0.98,0
59.18,0.853,-0.171,-2.008,0.656,0.77,0
7.95,-0.91,0.774,0.752,0.193,0.976,0
5.38,0.904,-0.49,1.375,0.163,0.947,0
54.68,-0.665,-2.105,-1.248,1.435,0.925,0
204.18,0.911,0.296,-0.275,-0.439,0.793,0
35.66,0.175,-0.156,0.488,-0.086,0.869,0
17.66,0.186,0.017,0.157,1.966,0.794,0
33.24,-1.702,0.093,-1.936,0.224,0.712,0
56.62,0.472,0.297,1.605,0.613,0.806,0
63.28,0.93,0.938,1.324,-2.288,0.968,0
89.97,1.202,0.602,0.061,-1.018,0.978,0
43.16,0.783,-1.586,0.295,-1.473,0.745,0
78.7,-1.443,1.81,-1.382,-0.637,0.796,0
63.64,0.785,-0.701,-1.02,0.924,0.728,0
5.02,-1.336,0.448,0.024,0.057,0.949,0
18.29,-0.056,0.129,-2.277,-0.874,0.912,0
36.54,0.159,0.011,1.856,-2.024,0.846,0
143.17,-0.755,-0.534,-0.498,1.5,0.965,0
92.83,-0.742,0.111,0.909,1.126,0.886,0
31.51,-0.146,0.365,-0.528,1.526,0.971,0
13.12,0.26,-0.588,-0.489,0.859,0.958,0
8.73,0.722,0.081,-0.387,0.955,0.753,0
25.09,2.526,0.379,-0.082,-0.444,0.941,0
54.94,0.829,-0.649,-0.33,-1.315,0.842,0
64.03,-1.541,0.092,-2.625,2.284,0.761,0
382.31,-0.887,0.484,1.268,0.269,0.711,0
63.21,-1.318,-0.476,0.103,-0.026,0.91,0
35.26,-1.431,0.595,0.851,0.238,0.861,0
117.35,1.379,-2.667,0.938,0.586,0.891,0
327.48,0.535,0.617,-0.481,0.759,0.825,0
75.65,1.19,-0.129,-0.66,-1.211,0.918,0
74.82,-0.389,0.667,-0.01,-1.643,0.721,0
46.23,-1.013,-0.43,-0.318,1.007,0.985,0
200.47,0.024,-1.405,1.207,0.385,0.957,0
88.15,-0.022,-0.536,0.347,0.623,0.952,0
554.5,-3.349,2.408,-5.555,5.822,0.105,1
65.73,-1.222,-1.339,0.824,0.31,0.862,0
103.9,0.636,1.99,-0.969,-1.5,0.792,0
217.07,0.298,1.225,0.762,1.517,0.913,0
30.98,-0.773,1.669,0.448,0.507,0.761,0
22.27,0.405,1.748,1.582,0.358,0.948,0
28.21,1.254,0.212,-0.387,0.679,0.73,0
27.53,-0.056,0.667,-0.223,-0.037,0.715,0
98.9,1.55,1.843,-0.303,-0.798,0.936,0
21.34,-0.086,-1.279,-0.156,0.407,0.891,0
80.51,-0.448,-0.623,-0.251,-0.946,0.765,0
26.29,0.327,-0.833,0.825,1.149,0.968,0
18.38,-1.126,-1.305,-0.536,-0.401,0.841,0
157.87,0.42,0.418,-0.881,-0.251,0.987,0
95.6,-0.013,0.378,-1.434,-0.595,0.985,0
29.82,0.012,-0.44,-1.402,-0.722,0.884,0
43.5,-0.32,-0.066,-0.979,0.231,0.762,0
112.33,-0.894,-0.496,-1.4,0.38,0.779,0
87.54,0.881,0.882,-2.841,-1.104,0.928,0
23.23,0.438,-0.925,1.625,-0.7,0.774,0
38.39,-0.179,0.904,-0.901,0.208,0.752,0
8.11,0.203,-0.031,0.322,0.906,0.95,0
81.65,-1.1,-0.442,-1.099,0.548,0.821,0
153.54,0.282,-1.495,0.022,-1.673,0.788,0
64.99,1.694,-0.051,-0.09,1.908,0.769,0
65.76,-0.431,1.945,-0.895,-0.441,0.963,0
21.44,1.547,-0.771,-0.095,1.35,0.753,0
31.85,-1.843,-1.103,-0.883,-0.363,0.965,0
7.57,0.357,-0.045,-1.232,1.36,0.742,0
287.26,-1.102,1.804,0.151,1.045,0.917,0
80.33,-0.043,-0.267,0.305,-0.275,0.918,0
77.37,-1.69,-0.076,2.201,-0.39,0.927,0
12.24,1.014,0.871,-1.438,0.297,0.856,0
64.38,-2.626,-1.621,-0.229,-0.358,0.776,0
28.9,0.684,-0.84,-0.541,0.997,0.788,0
162.94,-1.466,0.879,-0.94,1.292,0.87,0
422.43,0.419,-0.193,0.438,-1.952,0.833,0
134.93,0.167,-0.576,-0.171,1.598,0.731,0
28.87,0.683,0.31,1.554,-2.016,0.766,0
50.17,1.231,-1.292,0.33,-1.307,0.719,0
29.1,-0.499,-0.995,-0.007,2.028,0.971,0
25.33,-1.425,-1.138,0.597,-0.153,0.813,0
24.4,-1.514,-0.49,-0.972,0.311,0.721,0
154.52,0.643,-2.654,0.107,-2.303,0.922,0
64.1,-0.348,0.256,0.737,0.773,0.741,0
7.68,0.834,0.435,-0.754,0.644,0.869,0
125.38,0.19,-1.675,-1.063,-0.719,0.981,0
212.15,-1.099,-0.164,-0.929,0.866,0.749,0
45.84,-0.923,0.068,-0.282,0.042,0.959,0
220.48,-0.247,1.718,0.857,-0.86,0.97,0
19.67,-1.946,-0.36,-1.137,-1.728,0.976,0
30.44,0.638,-0.01,1.123,-0.074,0.717,0
264.95,-0.219,-1.275,-0.626,-1.794,0.773,0
290.73,1.039,-1.317,0.221,-0.247,0.857,0
335.2,-1.323,-0.333,1.267,-0.823,0.891,0
133.06,0.139,-0.739,0.272,-0.51,0.791,0
96.34,0.308,0.029,0.329,0.718,0.776,0
30.81,0.215,0.965,-0.249,1.438,0.73,0
39.38,0.454,-0.546,-0.534,0.26,0.88,0
181.17,0.108,1.924,0.696,-0.338,0.823,0
169.37,0.604,0.54,0.003,-0.724,0.708,0
59.38,0.263,0.422,-1.971,0.338,0.843,0
74.22,0.989,0.742,-1.642,0.498,0.817,0
13.58,-1.459,0.442,-0.341,1.345,0.886,0
33.75,0.421,-0.858,-1.546,-0.29,0.74,0
78.83,-0.949,0.99,-0.781,0.58,0.798,0
121.11,-1.25,0.872,-0.299,-0.439,0.829,0
137.57,0.278,-1.611,-0.076,-0.881,0.752,0
25.16,1.301,-0.663,-0.535,1.535,0.734,0
33.0,1.1,0.016,0.088,0.299,0.802,0
105.5,1.144,-1.494,-0.815,-0.897,0.722,0
51.32,1.271,0.52,-0.015,-0.878,0.851,0
143.75,-0.251,-0.136,-0.222,0.846,0.954,0
7.83,1.13,-0.926,-0.652,-0.602,0.95,0
86.34,-1.373,-1.046,-0.344,0.534,0.803,0
18.1,-0.721,0.758,-0.11,-0.729,0.814,0
21.62,-0.264,0.847,1.018,-1.183,0.904,0
133.69,-0.531,0.758,-0.792,0.406,0.848,0
85.67,-0.342,-1.314,0.082,0.998,0.917,0
21.26,-0.263,-0.398,0.489,-1.893,0.956,0
52.2,-0.185,0.007,-0.133,1.913,0.756,0
81.33,-0.866,0.094,1.258,0.661,0.783,0
103.86,0.631,-0.738,-0.12,0.85,0.771,0
48.3,-0.368,0.121,0.683,-0.889,0.893,0
11.47,0.546,0.203,-0.147,-0.74,0.912,0
98.65,-0.584,-0.474,0.684,0.167,0.9,0
208.63,0.38,-0.407,-1.998,0.193,0.713,0
338.83,0.69,0.286,-0.746,-0.579,0.849,0
84.19,-2.348,-0.574,-0.217,-1.238,0.725,0
175.24,-0.13,-0.493,0.196,-0.285,0.791,0
15.2,0.847,0.064,-0.215,0.351,0.909,0
7.61,-0.002,-1.107,0.687,-0.624,0.97,0
5.37,-0.343,-1.514,0.822,0.125,0.959,0
91.17,0.822,-0.704,0.012,-0.086,0.726,0
49.5,1.425,1.014,0.443,1.357,0.773,0
192.04,-0.421,0.386,-1.378,0.867,0.876,0
40.65,0.497,1.951,0.18,0.656,0.762,0
114.77,-1.067,-0.934,-0.033,-0.007,0.981,0
69.6,-0.743,0.839,0.431,1.581,0.823,0
304.98,2.147,-0.084,0.29,0.435,0.856,0
200.86,2.767,-0.573,1.49,-1.462,0.793,0
46.39,-0.925,-1.636,0.108,-0.893,0.869,0
123.18,0.067,0.266,0.646,1.193,0.747,0
29.83,0.415,1.569,-1.362,0.399,0.882,0
130.16,0.332,0.54,1.803,0.795,0.841,0
26.87,0.088,1.026,0.083,0.016,0.986,0
80.02,-0.093,-0.419,-0.148,0.305,0.99,0
12.49,0.621,2.736,-1.329,0.587,0.811,0
113.58,0.685,-0.365,-0.516,-0.733,0.742,0
14.35,-0.091,-0.128,0.753,-1.444,0.916,0
123.5,0.309,2.288,1.233,-0.501,0.8,0
27.22,-0.581,-1.828,0.494,-1.314,0.956,0
81.93,1.399,-0.251,-0.716,1.336,0.875,0
116.24,-0.692,-1.317,1.116,-0.062,0.803,0
129.41,1.109,1.407,-0.242,0.309,0.793,0
37.19,0.317,-0.54,0.241,0.164,0.922,0
153.32,0.921,0.227,0.307,-0.002,0.73,0
145.8,1.05,1.84,0.75,0.497,0.95,0
21.39,-0.395,-0.616,-0.196,1.79,0.92,0
61.66,-0.972,0.139,0.721,0.772,0.789,0
38.86,0.619,-0.553,0.634,1.436,0.769,0
21.03,-2.026,0.801,2.13,-1.247,0.891,0
93.8,0.784,-0.606,-0.243,0.552,0.705,0
200.0,0.523,-0.251,0.46,-0.361,0.72,0
30.67,1.095,-1.429,0.65,0.359,0.857,0
47.49,0.996,-0.405,0.485,0.268,0.98,0
35.32,2.232,0.502,0.106,1.095,0.866,0
73.81,-0.598,0.43,-0.621,2.321,0.96,0
67.32,-0.165,0.499,-1.806,1.04,0.809,0
130.95,-1.81,1.483,1.356,0.791,0.707,0
13.0,-0.185,-0.28,1.334,-0.321,0.802,0
6.5,0.157,-0.005,0.328,-0.107,0.729,0
21.16,0.01,1.792,0.525,0.383,0.773,0
102.61,1.018,0.303,-0.617,-0.096,0.867,0
276.25,1.086,-0.752,-1.125,-0.762,0.888,0
9.04,-0.331,-1.187,-1.353,-1.278,0.731,0
43.05,-0.384,1.328,-1.17,0.3,0.72,0
185.19,-1.185,-1.335,0.371,0.675,0.919,0
102.39,-0.177,0.275,-0.385,1.293,0.898,0
20.39,-1.065,0.11,-1.606,0.227,0.831,0
98.71,-0.242,0.867,0.045,1.222,0.95,0
97.41,-1.978,0.092,-1.108,-0.395,0.926,0
395.97,0.432,-0.23,-0.784,1.254,0.788,0
92.66,0.762,0.17,0.236,1.556,0.969,0
81.35,0.214,0.22,-0.925,2.454,0.842,0
57.36,-0.489,0.908,-1.411,-0.176,0.773,0
96.8,-0.137,-0.168,-0.598,0.037,0.737,0
174.18,-0.426,0.968,0.529,-0.184,0.707,0
440.69,-1.495,5.014,-4.968,4.514,0.225,1
99.57,0.885,0.414,-0.216,-0.73,0.704,0
21.61,0.859,0.291,1.444,1.168,0.73,0
97.92,2.054,-0.619,0.831,-1.772,0.823,0
74.52,-0.314,-1.062,1.396,-0.742,0.905,0
208.6,-1.445,1.029,-0.016,1.508,0.756,0
121.96,-0.201,-0.23,0.778,0.745,0.929,0
34.51,0.407,0.669,0.518,0.829,0.868,0
14.85,1.007,1.116,1.114,-0.886,0.86,0
74.67,-0.866,-0.299,0.685,-0.721,0.779,0
5.19,0.582,0.212,1.289,0.43,0.983,0
172.34,-2.031,0.863,1.23,-0.063,0.947,0
163.94,-0.585,2.47,-0.782,0.928,0.796,0
162.64,-0.936,-0.106,0.697,0.307,0.827,0
104.92,-0.563,0.882,-1.668,-0.563,0.829,0
5.43,-0.508,-1.824,1.415,1.362,0.869,0
34.48,-0.135,0.559,0.281,-1.457,0.917,0
6.05,0.802,-0.552,-2.596,0.199,0.97,0
12.97,-1.563,1.145,-0.291,0.079,0.872,0
272.16,-0.591,1.13,-0.109,-1.124,0.814,0
308.11,-0.023,0.126,0.056,1.457,0.806,0
55.53,0.001,0.832,-1.564,0.365,0.883,0
33.06,0.011,-0.88,-1.604,2.181,0.833,0
80.71,-1.103,0.079,-0.386,-0.326,0.901,0
68.92,1.362,-0.32,0.722,-1.847,0.722,0
120.95,0.963,0.622,0.309,0.46,0.945,0
41.05,0.46,-0.162,0.099,0.844,0.806,0
175.84,-0.894,-0.456,-0.404,0.123,0.81,0
145.12,0.388,-0.184,0.019,0.303,0.865,0
158.76,-2.582,-0.199,1.569,1.142,0.918,0
98.77,0.824,1.16,-1.118,-0.06,0.928,0
7.66,0.148,0.054,-0.577,0.146,0.862,0
32.59,-0.674,-2.176,0.017,1.548,0.838,0
35.56,-1.622,0.257,0.871,-0.809,0.799,0
73.75,-1.641,1.683,-5.345,6.099,0.17,1
16.8,0.18,2.327,-1.117,0.755,0.794,0
34.36,-0.513,0.465,-0.55,0.133,0.859,0
10.61,-1.298,-1.273,-0.514,0.611,0.725,0
83.63,-1.132,1.034,1.363,0.508,0.801,0
68.34,0.594,1.588,1.072,1.018,0.921,0
10.91,-1.655,-0.704,-0.145,-0.712,0.879,0
21.71,0.997,-1.396,1.038,0.223,0.929,0
291.45,1.623,0.795,0.13,0.138,0.908,0
63.96,0.612,-0.368,0.569,0.466,0.741,0
37.14,1.182,-0.262,-0.319,0.582,0.899,0
11.89,-0.38,-2.579,0.386,0.262,0.798,0
68.77,-1.351,1.163,0.074,-1.894,0.767,0
66.42,-0.573,0.254,0.255,1.007,0.987,0
7.2,0.465,0.528,-0.381,-0.85,0.957,0
67.11,0.826,-0.201,-0.06,-0.902,0.889,0
84.72,0.439,-1.636,0.673,1.655,0.898,0
30.14,-0.188,1.244,-1.158,-0.434,0.861,0
28.69,0.553,0.344,-0.516,-0.439,0.954,0
43.1,-1.453,-0.341,-1.472,-0.409,0.893,0
63.73,-0.668,1.027,-1.71,0.04,0.971,0
67.73,-0.546,-0.785,-2.08,0.331,0.979,0
20.97,-0.642,1.025,0.512,1.185,0.902,0
409.08,-0.874,0.205,0.19,-0.496,0.891,0
670.56,-0.454,5.45,-2.557,6.485,0.427,1
230.25,-0.492,-1.47,1.687,0.694,0.761,0
159.03,0.397,1.017,0.659,-0.614,0.976,0
17.58,1.542,0.125,0.679,0.841,0.854,0
94.47,-0.052,1.914,1.108,0.306,0.791,0
67.96,-0.087,-1.402,-2.67,-0.596,0.823,0
24.91,0.308,0.509,-0.109,-1.289,0.987,0
92.72,-0.121,-1.066,1.403,-0.148,0.966,0
12.29,-1.139,-1.051,0.007,0.058,0.955,0
299.83,-4.942,6.006,-4.913,5.108,0.371,1
30.11,-0.807,1.647,-0.08,-0.431,0.86,0
18.99,-0.149,-1.337,-0.736,-1.954,0.834,0
17.83,0.354,-0.324,0.472,-0.959,0.821,0
298.2,-0.206,-0.004,-0.599,-1.534,0.791,0
43.26,-0.228,0.683,1.484,-0.461,0.93,0
12.47,-0.161,1.883,-0.403,-0.627,0.713,0
42.97,-0.679,-1.408,1.593,0.551,0.876,0
101.42,0.016,-1.67,-0.909,-0.349,0.783,0
320.03,-0.964,-1.82,-0.891,-0.194,0.981,0
132.71,1.59,-0.673,0.655,-0.977,0.704,0
16.48,-0.224,-0.034,1.6,-2.67,0.88,0
13.99,0.418,-1.177,-0.039,0.013,0.857,0
135.65,-0.142,-0.704,0.608,-0.255,0.754,0
37.58,-0.297,0.699,-0.513,0.034,0.986,0
153.13,-0.557,0.17,0.083,-0.787,0.783,0
87.87,1.135,0.329,0.588,-1.651,0.925,0
62.36,-0.145,0.13,-1.144,-1.439,0.724,0
92.19,-0.554,0.063,0.686,0.526,0.963,0
72.07,1.044,-0.132,1.668,-1.087,0.878,0
44.57,-0.7,-2.672,-0.326,1.229,0.782,0
57.71,-0.29,-0.186,-0.336,-0.719,0.704,0
26.14,-0.672,0.728,-0.58,0.161,0.718,0
85.5,-0.752,0.07,-1.652,1.994,0.773,0
17.2,0.737,-0.17,-0.418,-1.337,0.713,0
79.71,2.081,-0.205,-2.267,0.95,0.914,0
7.15,-1.0,0.106,1.405,-0.309,0.741,0
238.4,-0.205,0.935,1.426,-0.137,0.829,0
75.57,-0.903,-0.478,1.057,0.23,0.764,0
39.41,-1.494,0.516,-0.389,1.014,0.869,0
26.79,-0.042,-0.614,-0.541,0.103,0.726,0
61.49,0.516,1.205,-0.244,0.582,0.879,0
62.62,0.014,0.701,1.167,-0.641,0.927,0
116.98,0.43,0.763,-0.648,2.147,0.835,0
49.3,-1.338,1.723,-0.131,-0.945,0.776,0
49.25,0.627,0.728,0.304,-0.716,0.877,0
111.21,-1.745,-0.194,-1.157,1.472,0.763,0
49.65,-0.146,1.59,0.864,-0.521,0.956,0
53.27,1.395,-1.551,0.154,-0.355,0.927,0
48.06,-1.355,0.805,-2.282,-0.725,0.751,0
65.35,2.204,-0.717,-0.798,-0.694,0.936,0
107.96,-0.438,0.317,0.394,-1.441,0.949,0
194.27,-0.119,-0.631,-1.557,0.213,0.85,0
189.55,-2.572,-0.457,-0.894,1.78,0.712,0
113.18,-0.339,-1.614,-0.046,0.635,0.723,0
73.24,-0.459,0.766,0.101,2.025,0.764,0
67.0,-0.2,-0.563,-1.552,0.131,0.891,0
9.52,1.83,-0.129,1.025,-0.192,0.883,0
275.46,0.267,-0.132,1.45,0.632,0.962,0
73.1,0.129,1.117,-1.18,2.132,0.742,0
73.54,0.749,1.294,-1.025,-0.472,0.765,0
5.54,1.015,0.565,-0.44,-0.249,0.797,0
34.36,-1.673,-0.348,0.678,-0.266,0.797,0
135.86,-1.491,1.155,0.367,1.227,0.702,0
11.05,-0.337,1.59,-1.077,-0.287,0.746,0
140.85,0.228,1.248,0.377,-0.178,0.881,0
140.39,-0.008,-0.08,-0.368,0.843,0.911,0
96.12,0.43,-0.544,0.331,-0.562,0.987,0
274.42,0.162,1.41,1.181,0.905,0.702,0
14.18,-0.023,0.896,-0.641,-1.462,0.947,0
227.7,0.272,-0.375,1.784,1.632,0.926,0
26.43,-1.975,0.339,0.314,-0.993,0.731,0
76.76,0.852,0.186,1.493,-1.531,0.79,0
19.73,0.49,0.271,0.425,-0.649,0.978,0
18.55,-1.903,-0.76,1.408,-0.62,0.892,0
299.42,0.184,-1.335,0.818,-0.099,0.703,0
389.67,2.31,-0.373,0.977,-0.388,0.863,0
97.4,-1.285,1.407,0.775,-0.467,0.877,0
42.1,1.728,1.119,0.87,0.558,0.746,0
250.22,1.059,-0.262,-1.815,0.759,0.985,0
14.38,0.393,-1.404,-2.193,0.081,0.726,0
27.63,0.58,-0.745,0.687,0.695,0.981,0
188.28,-2.661,-0.069,0.2,0.748,0.785,0
75.65,0.096,-0.259,1.075,-1.199,0.965,0
63.71,0.76,-0.154,1.18,-0.731,0.925,0
114.99,-1.368,1.303,-1.649,0.374,0.941,0
41.1,0.33,1.791,1.137,0.132,0.836,0
163.8,-1.089,-0.457,-0.115,-3.108,0.839,0
145.42,0.964,0.161,-1.541,0.079,0.738,0
177.35,-0.12,-0.686,-0.39,0.027,0.85,0
47.54,0.604,0.501,-0.281,1.964,0.763,0
164.64,-1.239,-1.365,0.4,0.722,0.785,0
264.82,-0.339,0.493,-0.776,-0.02,0.976,0
77.29,-0.818,-1.004,0.05,0.207,0.822,0
63.89,0.333,2.568,0.918,-1.956,0.721,0
249.99,-0.405,-0.195,-0.321,-1.239,0.914,0
32.02,0.747,-0.112,0.948,-0.657,0.746,0
21.69,-1.551,-0.256,1.638,1.529,0.719,0
643.49,-0.847,3.756,-5.422,5.24,0.244,1
30.68,-0.066,0.515,-0.592,-0.17,0.711,0
99.08,-0.185,0.833,0.581,0.518,0.863,0
31.16,-0.841,1.991,-0.009,-0.196,0.889,0
6.19,1.519,1.209,-0.237,-1.177,0.98,0
188.24,-1.764,-1.047,0.321,-0.148,0.978,0
147.3,-0.937,-0.392,1.717,1.12,0.823,0
105.0,0.807,0.703,1.468,0.012,0.707,0
101.96,-0.783,-0.902,-0.013,0.077,0.969,0
20.11,0.273,-1.396,1.294,-1.353,0.822,0
146.88,1.846,-1.746,1.175,-1.031,0.89,0
48.0,0.753,-1.478,0.202,1.405,0.852,0
282.26,1.151,0.369,-1.66,0.096,0.901,0
223.13,-0.405,0.458,0.184,-1.992,0.866,0
23.31,0.746,-0.778,0.737,0.5,0.971,0
36.33,0.405,0.877,0.924,-1.042,0.969,0
152.94,-0.733,1.477,0.883,0.639,0.918,0
101.01,0.134,-0.379,0.561,-0.026,0.876,0
84.65,0.891,-1.277,-1.095,-1.315,0.959,0
78.61,-0.308,-0.646,0.104,-0.784,0.75,0
170.39,-0.657,0.115,0.888,-1.519,0.797,0
66.19,-0.255,0.695,1.022,-0.525,0.792,0
11.9,-1.102,0.163,-1.003,0.557,0.714,0
153.1,-0.717,-0.32,0.499,0.635,0.898,0
210.86,-1.087,-0.031,-0.174,-0.421,0.725,0
70.18,-0.035,-0.3,-0.457,-1.116,0.896,0
41.74,0.115,1.812,1.862,1.23,0.707,0
12.11,-1.282,1.411,-0.126,-0.278,0.738,0
215.86,-0.42,-0.351,0.399,2.3,0.867,0
53.67,1.509,-0.178,-0.498,-1.347,0.978,0
22.91,-0.908,-0.607,-0.103,-0.03,0.918,0
139.95,0.239,-0.044,1.143,0.84,0.756,0
159.42,1.106,0.835,-0.246,-1.917,0.728,0
21.16,0.095,-0.692,0.717,0.216,0.857,0
30.66,1.715,-0.153,-0.008,-0.343,0.794,0
7.62,0.072,1.54,1.056,-0.576,0.83,0
5.3,0.412,0.43,-0.096,-1.245,0.712,0
42.21,-0.897,0.788,0.019,-1.033,0.856,0
100.75,0.792,1.048,-0.436,0.544,0.865,0
42.95,-0.068,0.527,-0.07,1.818,0.829,0
68.55,0.553,-0.282,0.592,0.578,0.826,0
11.27,-1.019,1.486,0.327,0.432,0.742,0
83.25,0.633,1.785,-1.556,0.08,0.768,0
129.19,0.732,0.045,-0.713,-2.51,0.759,0
13.88,1.314,0.339,-0.53,-1.571,0.861,0
207.71,-0.394,-0.541,1.243,1.391,0.811,0
58.67,-0.213,0.226,0.072,-1.574,0.819,0
77.61,-0.749,-1.022,-1.075,-2.183,0.933,0
66.15,-0.165,-1.008,1.41,0.839,0.887,0
15.79,1.079,-0.904,0.122,-0.388,0.859,0
19.35,0.432,0.044,-0.816,2.101,0.94,0
25.34,0.807,-2.491,0.829,0.009,0.785,0
9.94,0.583,-2.283,0.032,0.431,0.83,0
79.48,0.443,-0.484,0.485,0.867,0.891,0
54.42,1.322,0.788,-0.357,-0.555,0.756,0
161.42,-0.524,1.915,0.548,0.824,0.965,0
11.79,1.877,0.083,-0.632,-1.07,0.822,0
139.42,-2.954,-2.662,-1.475,-0.376,0.968,0
37.51,-1.137,0.218,0.884,-0.144,0.989,0
43.17,-0.465,-0.867,1.146,-1.37,0.844,0
129.36,-1.039,0.841,0.508,0.416,0.874,0
228.25,0.459,1.361,0.203,0.82,0.851,0
42.44,2.523,-1.787,2.0,0.721,0.847,0
30.23,0.402,0.911,-0.435,0.696,0.885,0
111.45,1.193,-0.446,0.685,2.3,0.883,0
20.55,-1.115,1.255,-1.977,-0.568,0.837,0
87.6,-0.061,1.246,-0.139,-2.032,0.9,0
41.19,1.471,-2.007,-0.949,-0.672,0.741,0
41.96,0.106,-0.573,-0.429,-1.133,0.778,0
89.6,0.382,1.003,1.991,0.5,0.709,0
16.14,0.226,-1.69,1.473,0.143,0.715,0
11.71,0.309,0.395,0.114,0.008,0.955,0
36.54,-1.5,-1.522,-0.847,1.249,0.743,0
121.86,-0.801,-0.079,0.4,1.361,0.842,0
100.1,2.202,0.08,0.302,0.979,0.891,0
85.88,-1.286,0.122,1.255,-1.068,0.823,0
49.29,-0.122,2.022,-1.508,-1.166,0.75,0
39.58,-1.174,-2.039,-0.528,1.96,0.931,0
91.78,-0.605,-0.843,0.521,0.084,0.917,0
62.54,-0.805,-0.943,0.852,0.717,0.853,0
15.96,-1.794,0.298,-0.468,-0.246,0.976,0
155.7,-1.14,1.195,0.262,0.994,0.946,0
58.85,-1.868,0.006,1.195,-1.981,0.975,0
82.91,-0.384,0.995,1.005,-0.618,0.974,0
122.17,-0.387,-1.161,0.318,0.202,0.99,0
65.91,-0.857,-1.429,0.444,-0.198,0.789,0
26.67,0.919,0.861,0.663,-0.041,0.759,0
212.96,-0.682,1.322,-0.323,0.271,0.738,0
230.96,-0.851,-0.238,-2.666,-0.629,0.856,0
26.8,-0.596,-0.302,2.13,-1.021,0.97,0
119.2,-0.95,1.103,1.646,1.199,0.786,0
419.9,-0.954,-0.703,-2.027,-0.182,0.968,0
54.3,1.763,-1.259,0.138,-0.226,0.923,0
59.61,0.096,0.55,0.474,0.218,0.893,0
53.05,-0.034,0.531,0.254,-2.112,0.911,0
5.06,-1.042,0.114,-0.85,0.403,0.847,0
13.36,-1.707,0.836,0.451,0.498,0.99,0
30.31,-0.091,-0.697,1.578,1.666,0.713,0
54.73,-1.728,0.225,-0.668,-0.48,0.734,0
184.5,0.964,-0.962,1.919,-1.017,0.969,0
163.25,-2.047,-0.658,0.357,0.137,0.727,0
129.21,-0.501,-1.24,0.129,1.057,0.72,0
65.3,0.146,1.464,-0.204,-1.237,0.968,0
96.25,0.867,0.697,0.166,-0.834,0.809,0
17.74,0.615,-0.651,-0.491,-0.885,0.783,0
9.24,1.561,-0.222,0.672,1.58,0.907,0
27.23,-0.093,1.406,-0.792,0.214,0.759,0
131.17,-0.208,-0.141,1.094,2.218,0.876,0
86.87,-4.186,0.133,0.064,0.801,0.879,0
31.4,-2.085,1.027,-1.648,1.225,0.908,0
6.75,1.175,-0.334,0.438,-0.003,0.719,0
11.17,-1.479,0.563,1.187,-0.322,0.758,0
112.99,0.918,0.01,-0.015,0.469,0.87,0
121.43,-1.082,-0.718,-0.072,0.496,0.7,0
159.57,-1.162,0.349,0.889,-0.5,0.828,0
95.3,0.202,-2.089,-0.317,-0.149,0.74,0
34.19,-0.517,0.634,-1.918,-1.86,0.812,0
8.9,-0.783,0.063,0.62,0.979,0.802,0
93.54,-0.771,-0.877,1.011,-0.633,0.761,0
75.32,-0.644,-0.897,0.683,-1.247,0.853,0
113.6,-0.728,0.341,-0.814,-1.062,0.917,0
88.57,0.381,-1.229,-0.816,1.529,0.771,0
101.58,-0.713,0.187,-0.144,2.089,0.918,0
22.99,0.297,-1.66,-2.393,-0.385,0.916,0
75.71,-0.783,0.475,-0.29,1.727,0.71,0
27.71,-0.04,-0.44,0.17,0.193,0.845,0
144.87,0.43,-1.654,-1.155,-0.376,0.721,0
74.44,0.284,-0.523,1.698,-0.207,0.783,0
220.5,-0.093,0.546,0.138,-0.522,0.785,0
239.62,0.583,1.148,0.992,-1.062,0.784,0
8.26,-3.029,2.258,0.525,0.377,0.803,0
55.73,-2.003,-0.337,0.153,1.685,0.965,0
94.31,-0.533,-0.458,-1.473,-1.228,0.818,0
22.24,-1.664,-0.811,-0.039,-2.403,0.874,0
79.45,1.033,0.392,0.326,0.531,0.723,0
281.4,0.086,0.182,-1.661,0.116,0.919,0
183.72,1.148,1.469,-0.525,-1.134,0.91,0
6.45,1.256,0.665,-0.573,-0.223,0.938,0
18.0,1.437,-0.896,0.293,0.256,0.854,0
59.91,0.209,1.157,-1.618,1.927,0.808,0
60.67,-1.422,-1.229,-0.773,-1.29,0.871,0
210.62,0.511,0.43,-0.245,-1.559,0.812,0
45.89,-1.092,1.693,-1.496,1.478,0.79,0
42.02,0.422,1.267,-1.624,-0.09,0.895,0
115.24,-1.545,-0.205,-1.609,0.374,0.973,0
89.26,-0.955,-0.699,0.988,1.031,0.873,0
85.98,-1.649,1.224,-0.034,0.727,0.706,0
41.4,-0.338,-0.915,-0.285,0.065,0.952,0
85.1,-1.038,-1.125,-1.63,-0.222,0.701,0
7.29,-0.875,-0.331,0.025,-1.783,0.752,0
9.07,-0.556,0.363,0.069,-0.374,0.704,0
53.72,-0.996,-1.165,2.687,0.629,0.893,0
140.76,1.393,0.573,-2.105,-0.838,0.939,0
175.41,0.131,-1.116,-0.561,0.248,0.97,0
67.41,-1.075,0.486,-0.573,-0.356,0.777,0
62.63,0.127,1.258,-1.216,1.858,0.985,0
133.61,-0.648,0.589,-1.323,2.159,0.866,0
17.17,-0.536,-0.05,0.112,-0.326,0.976,0
726.06,-4.52,4.115,-4.883,4.353,0.387,1
108.81,0.562,0.132,-0.257,-1.533,0.951,0
73.21,-0.767,-0.668,1.305,1.632,0.868,0
59.66,0.417,0.923,-0.352,0.258,0.714,0
7.46,0.426,-0.9,1.653,-0.039,0.756,0
43.86,0.562,0.256,-0.976,0.14,0.762,0
167.49,0.374,0.005,-0.22,-0.96,0.796,0
66.71,1.438,1.187,-1.025,-1.439,0.831,0
165.86,0.06,0.024,-1.314,0.785,0.851,0
318.49,-2.269,0.504,0.378,-0.094,0.908,0
103.78,0.336,-1.512,-1.265,-0.698,0.96,0
46.07,0.329,-0.166,0.629,-0.775,0.889,0
220.2,0.523,0.846,-0.048,-1.991,0.974,0
7.0,-0.659,0.782,-0.565,-0.664,0.717,0
415.19,0.062,1.093,0.458,1.741,0.935,0
163.34,-0.234,-1.551,0.147,0.042,0.898,0
198.73,0.269,1.136,-0.261,0.839,0.81,0
134.07,-0.408,-0.768,-1.357,1.844,0.973,0
275.49,3.185,0.21,-0.331,1.738,0.755,0
121.81,-0.878,0.819,0.383,1.122,0.769,0
94.73,-0.774,-0.878,0.217,-0.123,0.769,0
15.6,0.674,-0.181,-0.681,-1.305,0.913,0
35.57,-0.668,1.814,0.63,-0.816,0.708,0
34.39,-0.613,-2.109,-0.44,1.949,0.872,0
81.99,0.609,-0.178,0.098,0.545,0.721,0
62.42,-0.072,-1.353,0.595,-0.909,0.723,0
1428.84,-2.645,2.256,-5.0,4.285,0.424,1
46.83,0.448,-0.422,-0.59,-0.661,0.724,0
19.47,-0.805,2.097,-0.631,1.092,0.981,0
9.35,0.164,-0.355,0.194,0.255,0.842,0
31.71,0.006,-0.329,-2.123,-0.332,0.868,0
115.92,-1.053,0.893,-1.107,0.269,0.735,0
135.99,1.042,0.754,-0.775,-0.29,0.783,0
22.02,0.65,-0.013,1.029,-1.581,0.959,0
89.53,0.101,-1.363,-1.05,0.909,0.749,0
32.24,-0.339,-0.253,1.186,-1.745,0.951,0
292.64,0.576,1.461,0.945,2.324,0.945,0
38.11,-0.086,-0.519,-2.22,-0.465,0.801,0
81.86,2.098,0.41,-1.105,0.229,0.775,0
161.32,-0.624,1.974,-0.34,-0.144,0.84,0
151.61,0.765,-0.472,-0.698,0.381,0.887,0
18.98,-0.918,0.398,1.235,-1.993,0.715,0
124.89,-4.117,0.673,-5.152,4.371,0.189,1
59.9,0.899,-1.46,0.836,-0.747,0.846,0
90.62,-1.901,7.72,-5.292,2.077,0.13,1
78.23,0.744,0.444,1.355,1.054,0.876,0
364.77,-0.887,-0.907,-0.041,-1.077,0.728,0
31.77,0.593,-0.022,0.995,-0.302,0.954,0
1134.56,-5.254,5.188,-4.949,3.522,0.245,1
6.89,-0.27,0.517,0.74,-0.37,0.832,0
97.48,0.018,-1.622,-0.104,-0.204,0.959,0
60.59,1.679,1.108,-0.103,0.197,0.81,0
102.41,0.785,-0.888,1.143,-0.134,0.781,0
24.37,-0.499,0.953,1.339,-0.402,0.884,0
54.55,0.819,-0.775,0.36,-0.412,0.823,0
22.49,-1.371,-0.481,-0.387,-0.54,0.952,0
14.52,0.911,0.404,-0.639,0.323,0.802,0
116.9,-1.314,-1.085,0.377,1.49,0.912,0
94.79,-2.199,-0.833,-1.118,0.559,0.83,0
63.33,0.76,1.168,2.009,0.165,0.707,0
132.41,0.619,-1.141,-1.642,1.244,0.928,0
88.62,-0.256,2.37,0.313,-0.754,0.772,0
55.84,-0.942,-0.387,1.55,-0.066,0.744,0
17.06,1.084,-0.1,-1.026,0.546,0.795,0
17.43,2.032,0.605,-0.82,0.732,0.797,0
50.18,1.092,0.295,-0.197,-1.665,0.918,0
12.77,-1.166,0.042,1.55,0.227,0.769,0
165.96,-1.051,-0.562,1.055,-0.097,0.72,0
38.73,-1.271,1.367,-0.208,-0.532,0.938,0
297.67,0.08,-0.53,0.313,-0.685,0.702,0
6.26,0.124,-0.053,1.855,1.91,0.831,0
224.83,0.803,0.771,-0.47,-1.65,0.841,0
35.19,-0.505,-0.544,-0.805,-0.848,0.832,0
65.56,0.588,-0.276,1.441,0.266,0.968,0
20.14,-1.733,-1.872,-1.142,0.265,0.849,0
30.72,0.702,-0.528,-0.888,-2.151,0.944,0
12.81,1.51,1.827,1.22,-0.277,0.973,0
58.22,0.147,-3.116,0.918,1.219,0.765,0
10.61,1.072,0.452,0.958,-1.413,0.731,0
302.86,-0.094,-0.669,1.451,0.184,0.735,0
54.41,-1.059,-1.129,0.745,0.598,0.961,0
88.8,-0.806,-1.844,0.683,-0.056,0.939,0
201.65,0.833,0.426,-0.074,0.206,0.828,0
138.43,0.737,0.309,-1.675,-1.314,0.709,0
57.81,-0.95,1.071,-1.495,-0.199,0.924,0
10.31,-0.874,1.483,2.518,-0.311,0.912,0
95.48,0.899,0.791,-1.773,1.176,0.771,0
203.22,-0.078,0.258,-0.254,-0.355,0.894,0
21.14,-0.162,-0.793,0.098,0.043,0.748,0
16.62,0.506,-0.03,0.617,-0.273,0.913,0
309.89,-0.201,0.278,0.387,1.212,0.977,0
278.67,1.048,-0.044,-1.41,0.684,0.707,0
26.44,0.528,0.217,0.773,-0.369,0.815,0
36.33,-2.897,0.444,-0.066,0.861,0.78,0
162.14,-0.825,-0.788,1.915,-0.151,0.947,0
20.97,-1.586,-0.397,-0.857,-1.066,0.87,0
6.42,-1.255,-0.366,0.08,0.452,0.952,0
23.51,-0.352,1.281,0.544,-0.671,0.921,0
471.97,-0.495,0.392,-0.525,-1.93,0.737,0
136.86,0.68,0.041,0.646,2.519,0.721,0
18.75,1.282,-0.351,0.423,0.118,0.769,0
71.9,1.054,-2.305,-0.017,-1.757,0.881,0
12.2,0.869,1.022,-0.193,0.991,0.718,0
57.61,0.373,-0.917,-0.133,-0.479,0.724,0
5.29,-1.55,0.33,0.144,1.151,0.722,0
12.87,-1.868,-0.713,1.128,0.53,0.912,0
86.27,-0.764,-0.864,0.856,0.634,0.734,0
22.63,-0.971,1.578,2.026,1.117,0.925,0
144.27,0.331,-1.763,-0.476,0.82,0.747,0
11.18,-0.847,0.155,1.157,1.173,0.878,0
182.82,0.798,-0.241,1.703,-1.591,0.709,0
76.23,0.682,-0.339,2.418,0.916,0.974,0
127.8,-0.999,-2.666,-1.138,0.561,0.726,0
36.69,-0.723,0.83,-0.331,-0.435,0.897,0
85.9,-1.114,1.178,-0.11,0.918,0.849,0
257.63,0.062,0.668,-1.096,-1.143,0.862,0
83.96,0.992,-0.156,-1.639,-0.53,0.702,0
304.69,0.41,1.151,0.428,0.456,0.97,0
46.47,-0.909,0.124,-0.229,1.445,0.844,0
53.58,0.249,-1.854,0.741,-0.132,0.91,0
34.1,-0.744,0.809,0.187,-0.41,0.788,0
26.26,0.88,1.153,0.695,-0.029,0.897,0
195.3,-0.602,-0.916,-0.314,-0.635,0.982,0
284.9,0.13,1.606,0.28,1.469,0.701,0
64.18,-1.515,0.64,-0.656,-0.861,0.881,0
18.42,-0.578,1.647,1.119,-0.534,0.847,0
45.41,-0.31,0.89,0.013,1.151,0.76,0
85.65,-0.747,-0.454,-0.168,-0.27,0.914,0
159.71,-0.421,0.663,-1.171,0.699,0.881,0
190.49,0.526,0.657,1.048,0.742,0.988,0
129.99,1.208,-1.573,0.132,-0.046,0.961,0
76.27,0.129,0.089,0.467,-1.507,0.84,0
130.51,1.477,-0.855,-0.912,-0.228,0.731,0
15.77,0.036,-0.508,-0.805,0.371,0.877,0
82.41,-0.293,-1.079,-0.263,1.711,0.883,0
164.14,-0.467,0.912,2.263,-0.143,0.721,0
252.78,-1.97,-1.026,0.063,-0.156,0.812,0
127.91,-0.174,-0.647,0.779,-0.86,0.766,0
57.05,-0.529,1.663,1.776,0.674,0.954,0
191.52,0.441,-0.629,0.199,0.166,0.968,0
65.49,-0.943,2.562,1.625,-0.812,0.709,0
27.86,0.108,-0.599,0.636,-0.089,0.824,0
41.63,1.326,-0.219,-0.228,0.669,0.834,0
199.31,-2.166,-0.803,-2.144,-1.4,0.919,0
228.58,1.275,-0.033,-0.878,1.203,0.87,0
98.42,-0.067,-0.308,-1.192,-0.79,0.761,0
48.65,-0.335,-0.282,1.274,-1.619,0.742,0
8.86,0.172,-1.361,-1.956,-0.494,0.942,0
64.76,-0.269,-0.538,-0.702,-0.518,0.844,0
60.82,0.802,-2.454,-0.415,-0.289,0.865,0
234.25,0.422,-0.746,-1.758,-0.53,0.947,0
56.83,-1.428,2.089,0.173,-0.761,0.821,0
12.71,-0.068,0.013,0.638,-0.661,0.711,0
93.43,1.647,-1.808,2.145,-0.884,0.817,0
18.66,0.216,-0.363,0.597,-0.449,0.915,0
9.31,-0.644,-0.925,1.26,0.384,0.717,0
29.41,-1.157,-0.452,-1.324,2.726,0.792,0
66.84,-1.36,-1.25,0.293,-1.698,0.829,0
23.58,-0.083,-0.554,-0.415,-1.435,0.796,0
70.64,-0.165,1.78,-0.366,-1.399,0.713,0
38.75,0.184,0.168,0.962,-0.502,0.773,0
28.8,-0.657,0.287,-1.384,-0.945,0.946,0
66.42,-0.884,0.349,-0.208,0.504,0.905,0
267.89,2.553,2.93,-0.263,-0.917,0.947,0
17.34,0.242,0.604,1.321,-2.245,0.744,0
25.85,-0.807,-1.497,-0.225,0.705,0.852,0
20.03,0.42,1.643,0.635,-0.085,0.958,0
96.58,0.121,0.787,-0.332,1.2,0.725,0
441.99,-0.51,-0.686,-0.468,-0.97,0.784,0
83.12,-0.433,0.324,0.012,-0.042,0.953,0
21.49,-1.003,-0.479,-0.258,0.456,0.829,0
196.36,0.734,0.09,-0.071,0.784,0.869,0
27.25,-0.686,1.039,-0.658,-0.31,0.862,0
28.87,-0.418,-0.537,0.027,-1.67,0.812,0
11.67,1.465,0.183,0.396,0.062,0.729,0
151.3,3.41,0.899,-2.033,0.222,0.794,0
89.94,0.105,-0.538,-0.855,1.336,0.763,0
25.4,-0.901,-1.088,-0.546,-0.596,0.843,0
18.69,-2.53,0.102,0.976,-0.531,0.94,0
380.16,0.354,-0.253,2.352,0.973,0.96,0
247.95,-0.866,1.292,2.411,-0.217,0.94,0
96.19,-1.119,-1.834,0.16,-0.822,0.953,0
51.43,0.565,0.558,-0.129,-0.644,0.9,0
51.65,2.256,1.079,-0.281,-1.113,0.708,0
18.78,2.721,0.453,0.432,-0.598,0.808,0
220.38,-1.055,-0.339,0.403,1.533,0.812,0
42.4,-0.427,-0.936,0.003,-0.492,0.96,0
139.84,-1.354,-0.209,-0.799,1.138,0.773,0
19.95,-0.908,-0.03,-0.152,1.482,0.83,0
5.16,-0.03,1.345,1.538,-0.354,0.718,0
43.83,-1.228,2.359,-0.569,-0.902,0.787,0
415.1,-1.061,-0.625,-0.304,1.243,0.829,0
72.66,1.588,1.678,-0.62,-0.911,0.75,0
128.85,1.498,0.491,-0.754,0.292,0.787,0
65.16,-0.987,-0.658,0.379,0.566,0.8,0
128.1,-1.482,-0.847,-0.706,-0.802,0.973,0
61.62,-0.412,0.501,0.97,-0.011,0.718,0
215.98,-1.137,-0.279,1.02,0.63,0.714,0
375.43,-1.067,1.177,-0.331,-1.073,0.764,0
62.93,0.65,1.145,-1.001,-0.168,0.978,0
31.79,0.872,-1.331,-1.221,-0.237,0.869,0
6.48,-0.105,-1.33,-1.615,-1.318,0.941,0
100.53,-0.089,0.711,-0.608,-0.367,0.895,0
161.7,0.177,-0.147,-1.158,0.086,0.886,0
67.4,-0.079,-0.37,0.282,1.448,0.782,0
229.4,-0.785,-0.833,0.781,-0.288,0.847,0
102.43,0.488,-0.554,-0.822,0.764,0.794,0
110.26,-0.735,-0.659,0.677,0.362,0.722,0
55.19,1.608,0.978,-1.995,0.857,0.728,0
36.1,0.766,0.351,0.089,-0.899,0.786,0
98.55,0.774,0.09,-0.036,-0.551,0.756,0
70.41,1.235,-0.403,-0.69,-0.197,0.936,0
49.22,-1.733,-0.074,1.583,0.068,0.963,0
304.57,0.188,-0.028,-0.649,0.54,0.715,0
224.06,-0.192,0.141,0.549,0.442,0.963,0
71.69,1.012,0.785,1.055,1.356,0.859,0
60.45,0.156,-0.243,0.169,-1.476,0.728,0
87.08,0.073,0.145,-0.593,-1.804,0.844,0
402.78,0.192,-0.422,-0.657,-0.215,0.971,0
80.76,-0.81,0.791,0.654,0.521,0.825,0
77.13,1.951,-0.654,0.242,0.044,0.975,0
156.85,-1.338,0.529,0.864,0.422,0.733,0
215.98,-1.477,-1.24,-0.697,1.273,0.977,0
455.23,0.096,-2.001,2.064,1.5,0.809,0
20.43,-0.286,0.523,0.199,-0.681,0.722,0
11.17,1.311,1.744,-0.049,-0.574,0.826,0
72.25,-0.894,0.979,1.392,-0.32,0.968,0
193.65,2.28,-2.445,1.095,0.086,0.944,0
36.73,-0.39,-1.087,0.115,-0.054,0.777,0
21.99,-0.413,-1.626,-1.691,0.933,0.844,0
23.84,-1.869,1.506,-0.27,1.118,0.829,0
81.24,-0.681,0.872,-0.633,0.29,0.938,0
382.57,0.103,-2.343,0.944,-0.137,0.703,0
95.08,-1.194,1.547,-0.703,-0.758,0.932,0
10.81,-1.801,0.595,0.042,-1.738,0.96,0
86.82,0.462,1.325,-0.604,1.768,0.969,0
64.25,1.278,2.65,-1.081,-0.739,0.721,0
112.65,-0.802,-1.525,0.126,0.795,0.728,0
141.64,0.352,-1.63,-1.606,0.061,0.734,0
25.17,-0.278,-0.498,0.149,1.101,0.893,0
19.45,0.083,-1.783,-0.656,0.01,0.832,0
89.25,-0.61,0.413,-0.113,-1.262,0.989,0
42.41,-1.735,-1.861,0.85,-1.03,0.838,0
85.43,0.771,-1.162,0.19,1.413,0.798,0
329.05,-0.35,-1.086,-0.372,-0.216,0.986,0
126.89,-0.986,1.653,0.019,1.28,0.89,0
82.26,-1.259,0.645,-0.504,-0.142,0.87,0
57.26,-0.735,0.653,-1.286,-0.254,0.878,0
165.15,-0.942,-0.715,0.163,-0.017,0.82,0
23.87,-0.146,0.568,1.013,0.671,0.945,0
151.36,0.477,0.957,1.692,-0.973,0.943,0
41.7,-0.995,-1.296,-0.642,0.074,0.926,0
17.71,-0.284,-0.345,-1.669,0.599,0.807,0
233.06,0.149,0.147,1.051,0.223,0.926,0
265.33,-1.335,1.908,1.289,0.05,0.969,0
116.2,-0.771,1.115,1.011,-0.086,0.928,0
102.99,0.227,-1.031,0.686,0.056,0.901,0
34.59,0.237,-0.23,2.072,-0.545,0.864,0
14.66,-0.155,-0.559,1.409,-1.122,0.883,0
300.11,-0.011,1.155,2.054,0.0,0.733,0
780.21,0.888,0.041,0.079,0.451,0.73,0
77.4,1.331,0.449,-0.047,-0.626,0.968,0
408.27,0.292,-0.243,0.182,-0.189,0.78,0
277.81,-0.831,1.61,-0.944,-0.781,0.897,0
197.22,0.661,0.503,-0.753,0.67,0.93,0
38.04,-0.998,-0.793,-0.765,0.31,0.977,0
34.63,-0.118,-0.053,-0.482,-1.511,0.807,0
32.1,-0.322,1.465,-1.019,-1.092,0.861,0
35.6,-0.213,-1.294,-0.029,-0.583,0.969,0
5.99,1.295,-0.671,1.698,0.172,0.77,0
14.29,0.293,-0.268,-0.926,0.631,0.908,0
109.82,-0.16,1.092,0.315,-0.293,0.938,0
35.98,-1.683,1.389,0.126,-0.597,0.781,0
18.21,0.706,0.312,-0.459,-0.541,0.866,0
65.37,2.733,1.051,-0.774,0.754,0.808,0
12.95,1.366,-0.244,-0.283,-0.506,0.808,0
14.32,0.74,0.677,0.294,1.176,0.847,0
30.89,-0.709,1.984,-0.256,0.742,0.807,0
167.78,0.93,1.042,0.79,-0.522,0.868,0
55.33,-0.291,1.004,-0.465,2.098,0.872,0
8.52,2.322,-1.598,1.206,-0.025,0.79,0
188.16,1.636,-0.812,0.037,0.935,0.864,0
12.47,-1.025,-0.402,2.625,1.342,0.906,0
184.01,-1.566,-0.187,0.922,-0.442,0.742,0
88.88,-1.088,2.281,2.129,-0.086,0.768,0
33.02,0.402,1.935,-0.699,0.199,0.917,0
67.76,0.281,-1.396,0.753,0.171,0.915,0
35.55,-0.313,0.333,0.144,-0.299,0.91,0
21.57,-1.22,0.928,-0.854,-1.165,0.851,0
143.72,-1.904,-0.013,0.611,0.639,0.774,0
23.79,0.163,1.039,-1.315,-1.258,0.887,0
97.03,-0.942,-0.387,2.108,0.88,0.949,0
61.31,-0.482,0.158,-0.31,0.708,0.883,0
215.59,0.504,1.137,0.466,0.226,0.936,0
85.01,-0.924,0.416,-1.887,-0.283,0.825,0
97.26,-1.631,-0.946,0.713,-0.131,0.905,0
38.72,0.427,-1.157,-0.222,2.133,0.762,0
7.46,-0.31,-1.694,0.47,0.383,0.82,0
140.17,0.442,0.247,-0.006,0.324,0.928,0
147.28,0.918,-2.28,-1.496,0.213,0.734,0
71.67,-0.335,-0.826,0.588,-0.892,0.953,0
78.32,-0.871,-1.341,-0.761,-0.87,0.775,0
64.9,1.606,-1.256,-1.349,0.061,0.935,0
59.32,-0.274,-0.285,0.648,0.947,0.847,0
36.06,2.155,-0.623,0.15,1.02,0.78,0
8.71,0.486,-1.051,-0.067,-1.24,0.903,0
36.32,0.856,1.786,0.924,-0.142,0.901,0
43.01,0.626,0.8,0.573,1.186,0.81,0
41.43,-0.872,0.364,-0.457,1.128,0.883,0
63.76,1.714,0.139,-1.358,0.689,0.722,0
160.89,-1.113,-0.975,-0.394,-0.413,0.912,0
191.1,-1.009,-0.296,-1.36,0.402,0.719,0
189.76,-1.86,-0.235,-0.646,0.545,0.771,0
30.1,0.396,0.45,-1.046,0.589,0.839,0
83.47,-1.228,0.055,-1.382,-0.259,0.942,0
29.99,-1.756,-1.579,0.382,0.542,0.717,0
10.9,-2.147,1.521,0.876,-0.672,0.737,0
315.41,0.096,-1.971,0.704,-0.846,0.804,0
8.34,1.208,0.467,-0.36,-0.589,0.794,0
280.22,-0.242,0.006,-0.27,-1.565,0.794,0
7.83,0.133,-1.003,-0.8,1.639,0.912,0
20.16,-0.797,-1.891,-0.104,0.613,0.701,0
241.31,-0.334,-1.996,-2.233,1.154,0.925,0
231.9,-0.014,0.607,0.232,-1.15,0.776,0
58.06,0.946,0.319,0.741,1.291,0.946,0
10.12,-0.356,-0.741,-0.106,1.268,0.846,0
27.13,0.805,0.308,1.073,-1.535,0.796,0
138.76,-2.095,-0.327,-0.839,-0.164,0.951,0
274.6,-1.52,-0.123,-0.575,1.988,0.773,0
8.33,0.174,0.228,-0.228,1.248,0.918,0
78.99,1.054,-0.385,0.73,0.814,0.889,0
168.33,-1.344,-0.029,0.111,0.071,0.799,0
134.86,0.136,-0.07,0.684,1.81,0.926,0
147.62,-1.02,-1.544,0.256,-0.187,0.745,0
126.04,1.403,-1.196,-0.196,-0.391,0.823,0
170.44,-0.578,0.081,-0.789,-0.022,0.863,0
63.45,-0.462,-0.089,0.218,0.273,0.884,0
77.18,-0.801,0.439,-0.164,0.33,0.89,0
84.33,0.875,0.315,1.026,-0.841,0.874,0
11.72,1.164,-0.296,-0.19,-1.982,0.842,0
86.8,-2.741,0.167,0.473,-0.23,0.702,0
16.07,-0.91,0.898,0.783,0.526,0.774,0
23.12,-0.35,-0.414,0.625,-0.395,0.923,0
5.16,-0.95,0.423,2.377,-0.787,0.823,0
10.91,0.756,0.566,-0.118,-0.436,0.862,0
83.99,1.735,0.703,-0.093,0.399,0.861,0
107.08,-1.718,1.402,1.497,1.237,0.87,0
24.51,1.025,0.016,0.381,0.56,0.902,0
19.14,-0.986,-0.103,-0.577,0.875,0.922,0
148.24,0.282,0.436,2.009,1.324,0.793,0
21.56,-0.209,-0.242,-0.827,0.587,0.983,0
43.81,-1.709,-1.573,-0.541,0.608,0.941,0
95.97,-0.701,0.686,1.53,0.927,0.891,0
37.29,0.326,0.454,2.496,0.247,0.864,0
254.2,-0.243,0.365,-0.437,0.146,0.797,0
59.96,-0.492,0.956,0.52,-0.234,0.723,0
73.16,-0.698,0.007,-0.216,-0.754,0.739,0
60.27,1.574,0.896,-2.172,0.839,0.738,0
29.17,0.753,-0.143,-0.387,-1.329,0.912,0
108.82,0.161,-1.166,0.303,0.641,0.739,0
15.49,-0.027,0.882,0.17,0.304,0.988,0
179.23,1.48,-0.492,-1.568,-0.169,0.77,0
48.04,0.622,0.001,-1.821,1.546,0.77,0
23.53,0.942,0.428,1.092,-2.18,0.905,0
10.11,1.302,-0.845,-0.341,0.141,0.769,0
101.84,0.812,-0.59,0.375,-0.193,0.931,0
188.21,1.277,-0.236,-0.302,1.068,0.988,0
166.96,1.4,-0.396,0.692,-0.854,0.928,0
112.15,-0.275,1.111,-0.263,0.024,0.742,0
92.84,-1.359,0.28,-0.742,-1.221,0.908,0
84.97,0.857,-1.185,0.178,-0.309,0.857,0
12.64,-0.068,-0.233,0.988,1.3,0.777,0
11.86,-0.248,0.515,0.331,-0.71,0.763,0
59.87,-1.571,-1.181,-0.251,0.611,0.825,0
11.91,0.219,1.536,0.056,0.1,0.899,0
54.07,0.765,-1.111,1.498,0.717,0.806,0
373.64,0.234,0.66,1.136,-0.753,0.831,0
6.81,-1.24,0.729,-0.275,-0.386,0.838,0
9.35,0.156,0.996,1.024,-1.134,0.933,0
85.9,-0.223,-0.17,-0.397,0.538,0.706,0
92.53,0.287,0.98,-0.111,1.26,0.929,0
93.4,-0.596,1.568,-0.555,-0.509,0.742,0
26.19,1.894,0.522,0.496,-1.892,0.799,0
106.35,-0.036,-0.704,0.24,1.534,0.976,0
9.79,-0.961,-0.719,0.14,1.57,0.74,0
33.59,0.164,0.007,-1.025,-0.405,0.844,0
36.56,-1.246,2.469,0.555,0.254,0.758,0
151.32,-0.142,0.505,-0.976,0.683,0.829,0
78.33,0.533,-0.818,0.691,0.339,0.865,0
77.59,-1.448,0.764,0.747,1.189,0.943,0
129.4,-1.033,0.422,-0.217,0.684,0.98,0
48.69,0.616,0.635,-0.744,2.419,0.965,0
98.22,0.059,-1.108,0.783,0.268,0.781,0
139.39,-0.332,0.268,0.048,-0.286,0.929,0
73.71,0.458,1.173,-0.168,0.055,0.726,0
114.74,0.252,1.568,1.744,1.375,0.73,0
98.7,2.447,-0.514,1.524,0.366,0.792,0
44.75,1.39,-0.574,-1.26,-0.269,0.985,0
62.8,0.319,-0.732,0.002,1.718,0.887,0
21.11,-1.054,-0.412,1.132,-2.033,0.828,0
81.45,-2.009,0.019,-0.429,-0.619,0.758,0
109.47,0.57,0.827,-1.372,1.026,0.906,0
83.97,0.005,-0.835,1.254,0.049,0.965,0
243.68,1.823,0.709,-0.026,-0.881,0.96,0
56.7,-1.508,-0.405,-1.614,-1.041,0.792,0
13.13,0.353,0.702,1.383,1.603,0.815,0
152.34,0.234,-0.562,0.251,-0.161,0.894,0
44.04,1.708,-0.758,0.521,-0.715,0.712,0
52.99,-0.627,0.19,-1.815,-0.523,0.844,0
64.7,-0.38,0.288,-0.18,-0.764,0.957,0
169.29,0.968,0.149,-0.623,0.857,0.749,0
35.46,0.588,-1.307,1.758,1.516,0.755,0
138.41,-1.068,-2.573,1.616,-0.969,0.955,0
16.52,0.354,0.199,-1.673,-0.604,0.897,0
29.01,0.837,-0.244,-0.843,0.188,0.796,0
88.89,2.113,-0.244,-0.119,1.603,0.986,0
214.21,-0.056,-0.105,-0.913,-0.577,0.79,0
52.01,-2.08,-0.232,-1.381,0.653,0.94,0
10.39,-0.221,-1.596,1.525,-0.426,0.911,0
76.97,-0.034,0.014,1.438,-0.294,0.838,0
180.74,0.17,0.156,-0.37,-0.535,0.709,0
350.35,-0.653,-1.296,-0.447,-0.265,0.814,0
294.5,1.077,1.032,1.345,-0.202,0.963,0
281.96,-0.511,-1.367,1.308,-1.154,0.873,0
14.82,-0.309,1.447,-0.768,0.029,0.744,0
434.01,-1.853,1.232,-1.676,2.488,0.714,0
37.21,-0.032,-1.074,0.658,-0.409,0.936,0
51.84,-1.72,-0.196,-0.109,0.138,0.78,0
14.78,1.849,0.499,-0.779,0.652,0.971,0
68.59,-0.204,-0.808,-1.669,1.152,0.903,0
186.69,0.649,1.237,-1.683,0.083,0.832,0
34.47,0.33,-0.352,1.762,-0.291,0.85,0
11.11,-1.036,-0.876,0.936,0.99,0.982,0
36.59,0.157,0.61,2.088,-0.058,0.904,0
21.04,0.835,0.934,1.144,0.995,0.974,0
295.42,0.52,0.636,0.411,-1.589,0.818,0
41.04,0.82,-0.438,0.136,1.563,0.893,0
359.34,1.084,-2.173,0.73,0.056,0.802,0
369.4,-0.656,-0.328,-0.314,-1.312,0.888,0
66.83,1.016,-2.026,0.291,0.291,0.911,0
263.9,-0.995,-1.211,0.898,0.105,0.943,0
27.46,2.117,0.258,0.291,-0.022,0.983,0
39.13,-0.392,0.819,-0.193,0.5,0.877,0
113.83,-1.274,-1.332,1.253,-0.112,0.729,0
89.85,0.616,1.888,0.152,0.648,0.884,0
82.83,-0.679,0.414,1.275,1.554,0.76,0
8.53,-0.424,-0.67,-0.155,-0.321,0.958,0
27.95,-0.541,1.559,-0.405,-0.601,0.896,0
39.94,-1.293,0.457,0.695,-2.916,0.82,0
23.75,1.895,-0.378,-0.503,-0.75,0.723,0
17.39,-0.765,-0.635,-0.672,-0.715,0.787,0
16.41,0.951,-1.121,-0.647,-0.52,0.72,0
63.91,2.075,0.583,0.974,0.239,0.951,0
10.02,1.404,-1.143,-0.557,-0.817,0.921,0
59.2,2.199,0.955,-0.098,1.12,0.882,0
96.67,-0.134,-0.107,-0.658,-0.245,0.835,0
11.68,-0.023,-0.864,2.685,0.296,0.89,0
98.79,1.943,-0.907,-0.545,-1.814,0.814,0
38.93,-0.152,-0.094,3.175,0.503,0.797,0
321.47,0.97,0.142,-1.313,0.297,0.983,0
189.09,-1.614,-0.18,0.648,-0.587,0.72,0
91.38,-1.105,0.488,1.045,1.042,0.802,0
61.14,0.088,1.269,-1.315,1.781,0.743,0
536.12,-2.059,0.397,0.83,1.468,0.768,0
183.07,0.168,-0.682,-1.99,-0.242,0.94,0
95.77,-0.486,1.477,-0.168,0.479,0.854,0
235.59,-0.091,1.557,-1.699,0.042,0.825,0
52.98,-0.053,-0.526,2.079,-0.253,0.85,0
173.15,-1.202,-1.763,-1.364,0.328,0.814,0
103.51,0.838,-0.182,-1.065,0.355,0.841,0
128.01,0.83,0.309,0.31,-0.803,0.769,0
80.34,0.361,1.373,1.804,-1.042,0.742,0
114.18,0.141,1.922,0.878,-0.652,0.848,0
10.19,0.085,0.133,-1.489,1.999,0.978,0
131.8,2.098,0.479,-0.87,-0.627,0.779,0
34.49,-0.634,0.422,0.128,1.524,0.812,0
35.37,-2.0,0.145,1.601,-0.472,0.882,0
122.15,0.867,0.586,1.803,-0.2,0.897,0
75.98,-1.023,-0.215,0.575,-0.859,0.701,0
192.48,-0.901,2.03,-0.812,-0.366,0.967,0
110.9,-0.545,-0.208,-1.002,-0.554,0.928,0
113.08,1.018,-0.005,-0.197,-1.308,0.906,0
10.97,1.088,-1.933,-0.337,-2.266,0.876,0
44.06,-1.302,0.108,1.026,-0.468,0.855,0
19.72,1.56,0.993,-0.248,-0.557,0.702,0
37.34,1.156,-1.461,0.937,-0.531,0.816,0
50.59,1.635,-0.201,-0.894,-0.044,0.76,0
22.69,-0.496,0.008,0.757,-1.529,0.803,0
109.55,0.256,-0.058,-0.807,1.135,0.91,0
44.8,0.668,-0.75,-1.198,1.065,0.833,0
18.11,0.697,0.464,-0.203,-0.73,0.796,0
75.75,0.26,-1.297,-0.877,0.368,0.738,0
8.07,-0.75,1.157,0.706,-0.698,0.742,0
52.36,0.473,1.568,-1.195,0.188,0.752,0
79.26,-1.008,-1.808,0.561,-0.36,0.886,0
55.8,-1.802,1.285,-2.154,-0.521,0.819,0
37.16,-0.541,-0.71,0.25,0.878,0.978,0
40.27,1.561,-0.698,0.904,2.526,0.867,0
79.58,0.728,1.151,-0.484,-0.081,0.703,0
16.17,-0.198,-0.663,0.147,-0.525,0.755,0
66.33,-0.533,1.316,0.195,1.335,0.796,0
12.49,0.215,-0.195,-1.394,0.567,0.844,0
14.7,-2.13,-0.649,-0.126,0.561,0.798,0
32.1,1.764,1.965,0.515,1.28,0.952,0
32.5,0.603,-0.942,0.197,-0.295,0.708,0
34.05,0.368,-0.535,-1.455,0.017,0.918,0
122.96,-1.776,0.182,0.689,0.137,0.715,0
31.4,0.865,-1.411,-1.145,0.589,0.763,0
228.89,-0.348,1.173,0.307,-0.895,0.802,0
52.1,0.687,-0.117,0.916,0.258,0.966,0
74.53,-0.098,-0.332,-0.0,0.842,0.911,0
31.66,0.063,-0.384,0.183,1.176,0.877,0
152.75,0.626,0.043,-0.585,0.445,0.748,0
42.09,-0.422,-1.642,-1.239,2.029,0.716,0
320.73,1.126,-0.24,0.522,-0.951,0.892,0
209.49,-0.705,-0.323,-0.393,0.85,0.767,0
61.6,-0.449,-0.782,-1.478,-0.761,0.831,0
46.27,0.196,0.454,0.503,0.957,0.794,0
108.67,-1.377,0.043,0.547,-0.835,0.906,0
69.32,-1.336,0.006,1.039,-0.198,0.948,0
96.93,-0.302,-1.061,-0.101,-1.095,0.925,0
19.39,0.181,0.998,0.232,-0.78,0.943,0
180.98,-0.997,0.628,0.24,-0.192,0.733,0
103.48,-2.446,1.043,0.649,-0.087,0.95,0
175.2,-0.899,-0.214,-1.73,0.115,0.848,0
35.92,-0.705,-0.148,-1.139,1.508,0.986,0
12.96,0.36,-0.689,-0.179,1.606,0.78,0
36.52,-1.155,-0.681,1.495,-0.56,0.701,0
183.84,-0.417,0.202,-0.031,0.969,0.889,0
186.68,-0.23,0.96,-0.787,-0.851,0.922,0
230.35,-0.408,1.162,-0.837,-0.6,0.8,0
307.32,-0.379,0.467,-0.473,1.056,0.757,0
237.05,0.237,1.016,-0.791,-0.148,0.867,0
47.54,2.294,-0.288,0.373,0.113,0.89,0
40.24,-0.275,-2.048,-0.716,-1.394,0.944,0
171.97,1.186,1.83,1.911,-1.025,0.934,0
118.8,-0.523,0.287,0.399,-0.485,0.862,0
151.53,-0.172,-1.224,1.151,0.075,0.908,0
399.83,0.078,-0.846,0.894,-1.135,0.738,0
14.26,-2.208,-0.709,0.347,0.338,0.734,0
147.21,0.159,2.86,0.25,-0.422,0.717,0
32.65,0.069,-0.911,0.799,0.297,0.913,0
280.98,-0.789,1.02,-1.903,2.153,0.864,0
77.15,-0.497,0.241,-0.622,0.431,0.708,0
67.19,-0.471,0.082,2.936,1.306,0.715,0
110.69,0.623,-0.613,-0.228,-1.952,0.959,0
144.47,-0.544,0.451,0.124,-0.532,0.819,0
208.81,-1.047,-1.761,1.435,0.126,0.778,0
246.76,1.218,0.143,1.548,0.146,0.715,0
141.47,-2.675,1.267,0.315,-0.507,0.738,0
23.15,-1.242,0.877,-0.446,-0.868,0.845,0
64.5,-0.088,-2.301,1.254,-0.282,0.709,0
177.14,0.817,-0.943,-1.616,-0.746,0.878,0
129.51,-1.616,-2.42,-0.321,1.092,0.922,0
36.95,0.127,1.753,-0.679,-0.06,0.98,0
159.4,-0.655,0.985,0.591,-1.698,0.945,0
236.85,0.692,-1.489,-0.911,0.746,0.818,0
22.65,0.759,0.415,0.357,0.792,0.801,0
96.96,0.333,0.965,0.768,-0.159,0.942,0
186.97,-0.217,0.824,0.214,1.094,0.711,0
90.86,-1.763,-0.23,-1.231,-1.83,0.912,0
25.64,-0.242,0.178,0.674,-0.036,0.778,0
18.35,0.772,-0.026,-2.544,-0.353,0.889,0
1293.25,-5.031,2.857,-7.138,4.669,0.212,1
246.82,-0.35,-1.081,0.332,-1.642,0.914,0
149.35,1.168,0.05,-0.52,0.432,0.771,0
99.68,-0.069,0.265,0.481,-0.352,0.758,0
106.61,2.018,-0.624,0.408,-0.553,0.737,0
69.85,1.076,-0.817,0.082,-0.064,0.821,0
60.05,1.059,0.144,-1.74,-1.913,0.81,0
7.49,-0.215,1.444,-1.67,0.212,0.927,0
139.19,0.894,0.117,0.246,-0.33,0.862,0
27.33,-0.403,-0.744,0.372,0.461,0.887,0
13.05,-0.081,0.19,1.254,0.443,0.739,0
94.77,-0.744,0.482,-1.588,-0.356,0.822,0
11.83,-0.216,0.131,0.465,0.967,0.821,0
176.15,-0.591,-0.788,-0.322,-0.988,0.986,0
19.92,0.47,1.023,-1.525,0.009,0.813,0
85.96,1.477,-0.86,-0.607,0.618,0.817,0
273.94,-0.763,-1.244,-0.077,-0.212,0.808,0
13.94,0.251,1.07,0.195,-0.176,0.774,0
26.93,0.216,0.271,-0.222,0.905,0.709,0
74.12,-0.655,-0.722,0.48,-0.621,0.7,0
54.13,0.108,-0.848,-0.167,-0.055,0.834,0
76.85,0.809,-0.769,1.35,-0.698,0.868,0
177.93,-1.331,0.199,0.516,0.588,0.982,0
13.35,-0.237,2.595,1.946,0.338,0.801,0
35.19,-0.269,-0.096,-0.826,-0.544,0.833,0
57.51,0.014,1.592,-1.551,-0.213,0.947,0
13.11,-0.018,0.373,-0.51,-1.1,0.704,0
20.48,0.646,-1.954,0.382,-0.804,0.945,0
77.2,-0.686,-0.368,-0.421,2.278,0.73,0
24.72,-0.086,1.353,-0.638,0.793,0.767,0
29.87,0.371,1.214,-0.383,-0.39,0.843,0
263.01,0.68,-1.625,-1.039,-0.062,0.807,0
268.06,0.08,0.607,-1.247,0.606,0.915,0
9.58,1.051,-0.343,-0.861,0.889,0.851,0
118.39,-0.883,-0.006,-0.834,0.716,0.728,0
60.27,0.199,-0.655,-1.315,0.759,0.98,0
152.89,0.299,-0.469,1.272,-0.747,0.932,0
18.95,0.876,0.391,-0.564,-0.237,0.708,0
14.91,-0.645,-0.332,-0.257,0.416,0.923,0
239.81,-0.69,0.955,-0.025,-0.854,0.716,0
556.22,0.389,-0.12,-0.46,1.417,0.734,0
28.01,0.961,0.504,0.754,-0.563,0.757,0
72.47,-1.92,-0.591,0.047,2.4,0.797,0
575.37,-2.187,1.778,-2.96,3.193,0.374,1
38.51,-0.559,1.748,-0.57,0.887,0.972,0
77.69,-1.008,-1.833,-0.939,-0.404,0.72,0
38.0,-2.137,-0.639,0.04,-0.243,0.742,0
25.14,0.056,-1.047,-0.245,-0.408,0.831,0
20.6,-1.986,-0.679,0.337,0.412,0.988,0
68.98,0.62,0.105,1.177,-2.122,0.81,0
72.09,-0.627,0.73,0.62,-0.97,0.713,0
57.89,0.847,-0.077,-0.648,0.382,0.803,0
232.98,0.653,1.562,-2.08,1.206,0.87,0
130.54,-0.313,-1.559,0.042,-0.403,0.811,0
29.43,-0.04,0.269,-1.025,-2.38,0.734,0
47.45,-0.436,-2.047,-0.321,0.372,0.876,0
8.26,-0.294,-1.971,0.081,-0.785,0.79,0
424.48,-1.325,0.678,0.269,-0.612,0.948,0
19.49,-1.699,-1.14,-1.093,0.498,0.976,0
115.84,1.565,0.591,0.118,-1.027,0.791,0
184.44,-1.011,0.723,1.33,0.739,0.836,0
82.95,-0.469,-0.881,-0.887,1.397,0.801,0
23.33,1.261,0.386,-1.016,-0.081,0.943,0
11.3,-1.699,-0.201,0.077,0.141,0.864,0
98.66,-1.171,0.109,-0.065,1.866,0.884,0
8.93,0.267,-1.07,-1.524,-0.226,0.77,0
89.89,-0.1,-0.669,-1.936,0.233,0.938,0
9.97,0.409,0.67,0.783,-0.099,0.904,0
232.32,-2.573,-1.5,-0.74,0.052,0.963,0
98.65,0.675,0.186,0.492,1.533,0.834,0
327.94,0.458,0.816,1.549,-1.095,0.854,0
179.08,-5.668,3.751,-2.627,3.905,0.065,1
128.23,0.014,-0.401,1.505,0.423,0.921,0
50.93,0.185,-0.415,-2.088,0.137,0.768,0
15.84,-0.371,-1.831,2.564,-0.694,0.805,0
219.58,-2.737,-0.148,0.119,-0.545,0.875,0
79.41,0.287,0.423,-1.153,-1.156,0.891,0
55.6,-0.549,1.317,-0.723,-0.962,0.753,0
23.74,-0.726,1.562,-0.054,-0.199,0.963,0
65.85,0.025,0.306,1.018,-1.069,0.986,0
153.3,-0.838,0.108,-0.708,-0.232,0.79,0
30.46,1.11,-0.367,-0.459,-0.827,0.776,0
34.85,-1.291,-0.704,-0.116,0.641,0.733,0
58.59,-0.541,-0.602,-0.661,-0.379,0.909,0
138.45,1.597,-0.893,-1.117,-0.369,0.815,0
416.37,-3.329,3.591,-4.052,4.488,0.091,1
5.01,0.619,0.49,2.802,1.784,0.787,0
162.24,-0.376,1.149,1.188,-0.851,0.708,0
172.09,-1.999,-1.832,1.173,1.36,0.777,0
248.92,0.017,0.324,1.782,2.014,0.841,0
251.83,-0.432,-0.281,-0.775,0.652,0.978,0
138.11,-0.131,-0.82,1.129,0.553,0.77,0
214.14,0.457,-0.348,2.769,2.283,0.808,0
14.29,-0.899,-1.876,1.707,-0.15,0.802,0
49.36,0.223,0.358,0.412,1.07,0.781,0
95.32,-1.089,0.975,-0.618,-1.466,0.886,0
34.48,0.919,0.128,-0.943,-0.063,0.716,0
40.15,0.684,-0.48,0.54,0.334,0.871,0
53.6,0.577,-1.593,-1.437,1.584,0.972,0
91.83,0.388,1.087,1.132,-0.878,0.767,0
82.17,-1.088,-0.303,-1.701,-0.778,0.733,0
152.59,-2.172,-0.02,1.643,0.032,0.705,0
72.26,0.977,-0.052,-1.099,0.17,0.813,0
87.48,-0.941,-0.104,-0.35,0.42,0.795,0
21.63,0.052,0.087,2.603,0.783,0.811,0
38.0,-1.362,1.614,-1.069,0.587,0.769,0
80.14,-0.419,-0.264,-1.581,1.785,0.921,0
68.81,2.208,0.16,0.374,-0.788,0.842,0
150.83,-0.423,-0.768,0.073,0.622,0.969,0
104.29,-0.216,0.505,0.474,1.215,0.868,0
214.44,0.415,-1.151,1.278,-0.25,0.913,0
315.43,-0.125,-0.478,-0.887,-0.818,0.822,0
17.83,0.833,-0.023,0.663,0.481,0.933,0
46.96,0.999,0.821,0.416,-0.34,0.833,0
6.4,1.378,1.118,-1.443,0.26,0.84,0
48.44,-0.677,0.556,-1.088,-1.528,0.843,0
7.61,-1.739,1.138,-0.201,0.025,0.793,0
129.43,1.481,0.006,0.792,0.444,0.702,0
30.75,0.687,0.076,-0.468,1.939,0.738,0
62.77,1.469,-0.311,-1.723,-0.824,0.726,0
9.05,-1.958,-0.778,1.758,0.459,0.712,0
63.28,-0.138,1.115,-1.828,2.939,0.813,0
14.92,-0.16,-0.186,-0.672,0.875,0.975,0
146.24,1.141,0.955,0.089,-0.589,0.973,0
8.39,-0.186,-0.086,-0.98,0.178,0.839,0
113.19,0.5,-0.657,0.886,-0.658,0.947,0
26.16,-0.991,0.433,1.051,0.163,0.72,0
12.43,0.869,-1.292,0.448,-0.456,0.918,0
74.98,-2.985,-0.621,-2.291,-1.231,0.728,0
226.9,-0.475,0.86,0.808,0.779,0.766,0
85.84,0.802,-0.678,0.448,-0.918,0.795,0
8.13,0.346,-0.839,0.662,-1.313,0.82,0
105.3,-1.958,-0.072,-0.412,-0.918,0.884,0
119.66,0.462,-0.955,-0.53,-0.611,0.854,0
34.02,0.345,0.122,0.227,-1.133,0.968,0
21.51,-0.894,-0.316,1.384,1.163,0.893,0
71.4,0.51,0.636,1.48,0.696,0.984,0
23.38,1.649,0.029,-0.64,-0.095,0.732,0
83.33,-0.712,-0.423,-1.098,-0.588,0.707,0
19.0,0.735,0.794,-1.403,0.309,0.955,0
59.78,-0.269,-1.24,-0.487,-1.197,0.844,0
42.92,0.519,0.187,-1.285,-1.353,0.914,0
69.28,1.295,-0.294,0.212,0.913,0.754,0
58.37,-2.82,0.182,-0.199,-1.706,0.829,0
24.98,-0.546,1.432,1.419,-0.85,0.876,0
83.01,0.293,-0.931,0.119,-2.125,0.899,0
12.98,0.386,-0.445,0.07,-1.019,0.722,0
19.46,1.408,1.448,0.71,-0.268,0.975,0
257.94,-0.824,0.846,0.185,-1.002,0.804,0
156.14,-0.864,0.947,-0.789,0.126,0.891,0
99.67,0.342,-1.173,-0.497,2.416,0.976,0
14.73,0.948,-0.231,-1.259,-1.9,0.894,0
98.1,-0.038,-0.411,1.134,-1.479,0.861,0
94.44,-1.253,0.786,-0.683,-1.336,0.77,0
102.6,-1.336,0.485,-0.104,1.012,0.737,0
25.36,-2.037,0.502,-0.018,1.188,0.965,0
14.13,0.76,0.332,-0.731,-0.415,0.832,0
281.49,1.418,1.315,-0.25,0.093,0.829,0
11.86,0.95,-0.544,-0.367,-1.169,0.935,0
25.65,-0.241,-1.152,0.212,-0.051,0.832,0
172.7,-0.995,0.963,-0.97,-1.301,0.794,0
24.0,-1.89,-1.727,0.781,-0.171,0.799,0
7.62,0.564,-0.819,0.56,0.113,0.901,0
23.36,0.057,-1.047,-0.971,0.48,0.874,0
175.23,0.889,1.233,-0.225,0.165,0.759,0
8.3,0.669,-1.147,1.034,1.363,0.861,0
61.59,0.795,-0.153,-2.077,-0.092,0.818,0
527.04,0.422,0.308,-1.311,-0.661,0.923,0
145.08,0.942,0.119,-0.032,0.512,0.765,0
66.88,1.52,0.922,0.423,-1.368,0.791,0
168.67,0.83,0.546,-0.34,1.052,0.752,0
13.19,-1.192,0.056,1.659,0.487,0.855,0
203.92,-0.021,-1.221,-0.156,0.674,0.789,0
32.84,0.419,0.827,2.015,-0.274,0.96,0
45.91,0.571,-0.258,-0.028,-0.628,0.833,0
18.42,1.523,-0.719,-1.435,-1.004,0.927,0
386.17,0.532,0.429,1.271,1.062,0.961,0
102.65,-0.749,0.689,-0.109,0.851,0.747,0
141.71,-1.1,-0.5,0.185,-0.816,0.951,0
55.59,1.175,0.478,1.363,-1.265,0.802,0
92.48,0.01,-0.813,0.739,-1.566,0.824,0
36.13,-0.725,-0.571,-0.675,0.687,0.924,0
61.41,0.231,0.882,0.58,-0.898,0.939,0
39.12,-1.776,0.487,-0.178,-0.745,0.918,0
57.17,-1.724,-1.219,-1.938,-0.438,0.878,0
10.58,-0.479,0.451,-0.788,2.097,0.924,0
153.71,0.627,-1.046,-0.247,-0.203,0.97,0
20.27,-0.472,-0.347,0.829,-0.059,0.777,0
71.35,-1.748,-0.944,1.639,2.009,0.804,0
166.58,0.427,1.262,1.854,-1.15,0.727,0
125.52,0.586,0.052,-1.0,0.395,0.838,0
10.06,0.013,1.687,0.321,-0.089,0.973,0
264.59,0.724,-0.884,0.101,0.634,0.762,0
149.73,0.364,0.68,-0.905,-0.604,0.881,0
61.04,-0.748,0.325,-0.353,-0.938,0.775,0
87.1,1.444,-1.039,-0.666,0.572,0.967,0
136.51,0.753,0.233,-0.533,-1.593,0.725,0
56.78,2.412,0.133,-1.289,-0.332,0.92,0
98.91,-0.309,-0.119,0.565,-0.936,0.987,0
38.59,0.347,0.286,0.534,-0.039,0.856,0
27.79,-0.876,1.726,1.754,-1.145,0.984,0
35.79,-0.855,-2.308,0.735,-0.573,0.727,0
108.71,-1.602,0.211,1.289,-0.028,0.829,0
16.05,0.513,-0.202,-1.099,2.02,0.864,0
56.93,-0.093,0.897,0.215,-0.878,0.881,0
702.31,-3.643,5.51,-4.965,0.818,0.41,1
337.45,-1.711,-0.022,-0.318,-0.09,0.747,0
48.01,-1.383,-0.846,0.754,-0.817,0.785,0
109.21,1.185,-0.516,-0.308,-0.299,0.897,0
214.45,0.139,-0.081,-0.569,1.097,0.977,0
76.35,0.2,-0.422,2.395,1.23,0.988,0
19.07,-0.54,2.053,0.927,-1.093,0.894,0
170.02,0.166,1.015,0.341,-2.01,0.804,0
32.61,1.996,0.652,0.541,0.108,0.787,0
44.59,0.996,1.663,0.678,-0.491,0.951,0
33.38,-0.117,-0.157,-0.539,-0.663,0.768,0
60.56,0.619,-1.867,1.065,-0.528,0.976,0
48.98,-0.288,-0.738,0.286,2.198,0.77,0
128.92,-0.352,-0.477,-1.032,0.6,0.897,0
325.43,-0.326,0.318,-2.615,0.69,0.988,0
288.51,-0.592,-1.005,-1.338,-0.92,0.947,0
39.03,-0.444,0.983,0.292,1.819,0.928,0
19.12,1.249,0.63,-0.17,-0.488,0.838,0
36.51,-0.922,-0.542,0.052,-1.561,0.929,0
11.3,-0.993,0.387,-1.265,-0.045,0.874,0
27.52,0.657,1.235,1.245,0.274,0.845,0
31.73,0.458,0.121,1.663,1.298,0.971,0
66.55,-1.466,0.189,-1.264,-0.179,0.765,0
25.12,-0.812,-0.4,-0.572,0.633,0.821,0
6.38,0.291,0.288,-1.069,-0.264,0.731,0
84.08,-0.994,-1.173,0.202,-0.294,0.78,0
60.74,0.071,0.121,0.263,1.442,0.909,0
19.5,0.334,0.455,-0.31,0.764,0.78,0
18.99,-0.185,-0.229,0.374,0.26,0.935,0
75.41,-0.208,1.056,-1.065,-0.128,0.71,0
37.36,-0.067,-1.308,0.045,0.116,0.924,0
158.56,-1.277,1.196,-0.462,-0.605,0.944,0
106.24,-0.472,-0.044,0.911,-0.931,0.849,0
53.61,0.915,-1.594,-0.02,-0.498,0.796,0
65.74,-1.267,0.449,-0.133,1.505,0.988,0
7.16,0.589,-0.963,0.719,1.708,0.982,0
50.62,0.825,-0.167,-2.115,0.556,0.908,0
87.17,-1.1,-1.054,-0.689,-0.168,0.973,0
22.18,0.538,-1.121,0.949,0.899,0.809,0
180.62,-2.235,1.601,-0.593,0.718,0.949,0
70.79,-0.051,0.069,0.18,0.418,0.879,0
51.61,-0.071,0.575,1.516,-0.008,0.783,0
34.29,-0.45,0.333,0.438,1.13,0.856,0
27.12,0.616,0.578,-2.417,-0.372,0.771,0
124.29,-1.186,0.564,0.299,0.23,0.717,0
130.82,-0.646,-1.315,0.949,3.337,0.876,0
39.14,-0.171,0.317,-0.06,2.195,0.777,0
22.79,0.076,0.567,1.335,0.492,0.724,0
111.33,0.512,-0.714,0.202,-0.218,0.897,0
46.44,-0.98,-0.394,-1.585,-0.168,0.989,0
79.93,0.434,-0.907,-1.819,-0.375,0.727,0
27.02,1.585,0.335,0.256,0.33,0.736,0
131.21,-0.936,2.471,-0.146,0.022,0.72,0
68.43,0.178,-1.279,0.716,-0.256,0.975,0
336.61,1.128,0.517,0.394,-0.794,0.97,0
71.01,0.117,-1.358,0.985,0.756,0.852,0
25.83,0.815,-0.6,-1.325,-1.075,0.95,0
180.56,-0.109,0.931,-1.087,-1.08,0.96,0
38.38,1.754,0.088,-0.675,-0.796,0.804,0
95.27,0.194,1.318,-0.158,-1.081,0.737,0
12.86,0.529,0.104,0.47,0.579,0.911,0
198.31,0.677,1.349,-0.783,-0.266,0.834,0
224.93,-1.264,0.333,-0.491,2.12,0.97,0
19.92,0.993,1.16,0.042,0.311,0.953,0
7.13,-0.342,-0.838,-0.912,2.137,0.759,0
80.62,0.961,2.623,-1.536,0.6,0.899,0
37.52,-2.139,0.079,0.444,-1.385,0.75,0
146.83,1.723,-1.424,0.908,-0.1,0.71,0
116.07,1.294,1.317,-0.252,-0.045,0.9,0
155.35,-0.117,-0.833,0.365,-1.111,0.928,0
98.39,-0.826,-0.417,-0.631,1.054,0.706,0
77.02,0.648,-0.481,-0.204,-1.115,0.773,0
104.44,1.433,0.239,-0.157,-0.013,0.762,0
606.69,1.71,-1.346,-1.272,0.959,0.781,0
26.65,-0.443,1.125,0.81,-0.141,0.937,0
159.65,-1.003,-0.934,-2.037,1.491,0.848,0
74.6,-2.692,2.452,-5.817,2.611,0.249,1
54.09,2.337,-0.529,-0.502,-0.37,0.955,0
90.42,-0.834,0.463,-0.086,0.299,0.986,0
14.27,0.451,-0.975,-0.526,0.462,0.966,0
52.17,-0.222,1.01,-1.963,0.323,0.891,0
37.56,-0.149,-0.341,-0.826,0.664,0.787,0
205.23,0.665,0.221,0.086,0.783,0.855,0
111.18,0.283,0.919,-0.952,-0.183,0.929,0
16.67,0.217,1.759,1.499,-1.515,0.924,0
245.77,0.357,0.708,0.084,-0.516,0.917,0
246.59,1.379,0.33,-1.043,0.976,0.745,0
123.14,-0.763,-0.796,1.184,0.589,0.869,0
188.83,-0.682,-0.794,1.073,0.446,0.856,0
5.89,0.998,0.563,-0.092,-0.046,0.85,0
8.66,-0.288,-0.05,-0.542,-1.34,0.732,0
15.3,0.954,0.573,-0.265,-0.322,0.886,0
37.24,1.254,-0.088,0.327,-0.989,0.973,0
10.03,0.086,-0.688,-0.685,-0.289,0.805,0
8.85,1.057,-2.112,-0.533,0.632,0.725,0
83.54,2.105,2.696,-0.016,-0.991,0.744,0
51.61,0.401,0.576,0.985,0.399,0.737,0
79.71,-1.222,-2.021,0.081,0.863,0.727,0
240.28,1.152,0.838,-0.367,1.859,0.78,0
33.52,0.767,1.406,1.793,0.997,0.925,0
122.27,-0.278,-0.801,0.275,-1.696,0.718,0
127.18,-0.308,-0.531,0.583,0.22,0.879,0
111.0,-0.639,0.673,-1.727,0.732,0.772,0
23.17,1.343,0.39,-0.193,1.016,0.808,0
103.82,-0.714,0.811,0.307,-1.861,0.829,0
108.99,-1.005,0.012,0.902,1.135,0.874,0
64.3,2.823,0.448,-0.062,-0.337,0.927,0
59.14,0.336,0.87,0.694,0.606,0.9,0
122.62,0.477,1.845,-1.319,0.283,0.94,0
36.8,-1.634,0.233,0.482,1.223,0.865,0
62.2,-0.586,-1.138,0.606,-0.128,0.823,0
80.0,0.036,0.818,-0.667,-1.392,0.809,0
111.61,1.044,-0.924,-0.319,0.757,0.739,0
91.5,0.531,-2.172,-1.2,1.746,0.968,0
48.37,0.689,-0.344,0.117,-1.173,0.714,0
87.25,2.092,-0.701,0.513,-0.274,0.778,0
91.27,-0.132,0.592,0.235,0.496,0.799,0
16.16,-0.019,0.78,1.397,-1.858,0.731,0
36.44,-0.773,0.267,0.033,-1.122,0.881,0
22.6,-1.092,-0.695,0.923,0.172,0.84,0
131.15,2.233,-0.184,1.198,-0.84,0.905,0
51.46,-0.695,-0.217,-0.661,1.124,0.893,0
41.14,0.245,0.186,-0.058,1.251,0.724,0
44.5,0.52,-0.085,1.961,0.912,0.927,0
76.38,-1.451,0.561,0.102,-0.203,0.946,0
50.14,-1.862,0.473,-1.43,-0.245,0.92,0
62.55,-0.534,0.054,-1.229,0.506,0.811,0
50.24,-1.509,-0.284,-0.234,1.135,0.878,0
85.9,1.151,2.075,0.455,0.47,0.821,0
90.87,0.94,-0.047,1.333,1.182,0.746,0
56.33,1.35,-0.473,0.121,-1.119,0.964,0
194.54,-0.361,1.016,0.385,-0.751,0.863,0
38.71,-0.415,0.175,-0.137,-0.425,0.756,0
112.76,0.15,0.415,1.348,0.052,0.89,0
26.97,-0.888,-0.67,-0.5,-0.185,0.953,0
230.19,1.293,0.652,-1.1,1.513,0.883,0
158.84,-2.317,-0.844,0.009,1.655,0.801,0
109.16,-1.68,-0.182,0.14,-1.241,0.881,0
55.6,-0.374,-0.301,2.826,-0.339,0.788,0
26.17,0.292,-0.475,-0.13,-0.043,0.847,0
70.28,-0.951,-0.174,0.803,1.083,0.814,0
45.74,0.47,-0.638,-0.778,0.187,0.81,0
203.8,-1.943,-0.529,-1.16,0.562,0.852,0
99.11,0.441,0.813,1.348,-0.582,0.961,0
60.22,-0.942,-1.509,-0.465,1.256,0.714,0
90.89,1.016,0.553,-0.777,-0.19,0.86,0
15.96,0.636,-2.458,-1.02,1.679,0.715,0
29.76,-0.336,1.659,-1.275,-0.532,0.73,0
130.57,1.265,-0.118,0.712,-1.092,0.734,0
12.99,0.264,-0.314,-1.001,0.467,0.812,0
127.62,0.423,-0.215,0.107,0.84,0.883,0
95.02,-0.75,-1.344,-2.011,0.633,0.936,0
40.81,-1.035,0.446,-1.77,0.505,0.748,0
87.08,0.192,2.069,0.688,2.955,0.973,0
86.6,-0.476,0.246,-0.976,0.906,0.734,0
166.07,-0.806,1.666,-1.346,-0.305,0.703,0
41.53,-0.249,-1.118,0.235,-0.533,0.807,0
114.48,0.421,-0.086,-0.213,0.091,0.796,0
75.48,0.048,-0.826,-0.75,0.244,0.893,0
86.6,-0.582,-2.849,0.07,-1.818,0.744,0
99.61,0.342,-0.853,-1.164,-1.14,0.989,0
26.78,0.397,-1.322,0.546,1.777,0.819,0
81.85,-1.347,0.481,-1.068,0.619,0.842,0
30.58,0.944,-1.552,-0.117,-0.13,0.757,0
131.39,-1.428,-2.524,1.325,0.835,0.701,0
170.15,-0.024,-0.051,0.425,0.966,0.829,0
54.07,-1.926,-0.346,0.182,1.013,0.84,0
58.18,0.131,0.255,-0.2,-1.125,0.784,0
373.28,-0.7,-0.137,-1.717,-0.853,0.874,0
26.78,-0.914,-1.307,-0.517,0.753,0.709,0
133.98,-0.023,1.102,0.949,-0.75,0.703,0
224.08,0.135,1.098,-0.483,0.24,0.817,0
14.83,-0.258,0.627,-0.383,0.215,0.737,0
101.72,-0.402,0.463,1.838,-1.257,0.931,0
89.1,0.096,-0.903,-0.052,-0.967,0.925,0
17.92,-0.061,0.196,-1.169,-0.611,0.784,0
78.25,-1.326,-0.306,-0.517,0.769,0.844,0
45.78,1.371,0.327,-1.534,2.428,0.99,0
145.68,-0.547,-2.434,0.812,-0.808,0.945,0
289.92,1.871,0.722,2.131,-1.053,0.801,0
118.75,0.344,0.172,1.387,0.81,0.939,0
43.16,-0.092,0.694,0.296,-0.213,0.905,0
5.7,-1.324,0.203,-0.675,-1.23,0.778,0
143.24,-1.805,0.002,-0.152,-0.062,0.714,0
112.57,-0.063,-1.006,-0.399,1.039,0.8,0
180.44,0.585,0.093,-0.33,1.247,0.883,0
16.04,-1.663,0.361,-0.66,-0.382,0.804,0
60.81,-1.614,0.83,0.105,1.458,0.885,0
32.7,0.461,1.165,-0.108,0.115,0.81,0
15.19,-0.491,-1.325,0.136,0.942,0.796,0
121.79,-0.036,-0.135,1.475,1.786,0.876,0
25.2,0.531,-0.201,-1.263,0.705,0.807,0
138.61,1.196,0.004,1.422,1.42,0.71,0
122.72,-0.024,0.417,-0.702,-1.624,0.722,0
14.99,0.251,-1.466,2.093,1.138,0.869,0
63.11,-0.63,-0.392,-0.405,-0.064,0.956,0
28.29,-0.999,0.128,-0.543,0.063,0.923,0
269.39,-1.083,-0.865,2.125,-0.921,0.755,0
143.22,-1.017,0.064,-0.869,0.518,0.937,0
59.02,-1.306,0.276,0.37,-0.997,0.774,0
46.45,-1.56,-0.119,0.807,-0.132,0.956,0
20.43,-0.09,-1.298,-2.102,0.342,0.791,0
52.98,-0.544,0.249,0.403,0.199,0.921,0
23.09,-0.02,-0.876,-1.117,0.196,0.907,0
147.51,0.163,0.633,2.371,0.288,0.974,0
89.08,0.75,-1.336,0.177,1.004,0.846,0
117.36,-0.454,0.165,-0.644,1.569,0.973,0
305.36,0.481,-0.053,1.114,-1.153,0.722,0
18.31,-2.072,0.422,1.074,-0.142,0.761,0
34.7,-1.234,0.665,0.818,0.918,0.741,0
64.3,-0.715,0.599,-1.037,-0.102,0.789,0
25.9,-1.152,0.016,-1.463,-0.76,0.916,0
107.24,0.671,1.415,-1.32,-0.091,0.979,0
5.67,0.075,1.952,-0.237,0.801,0.85,0
120.27,-0.469,-0.383,-1.711,-0.459,0.951,0
163.14,-1.421,0.782,-1.562,0.392,0.895,0
128.72,-0.483,0.764,0.01,-0.457,0.948,0
24.8,-1.557,-0.504,0.375,-0.513,0.801,0
32.65,0.172,0.483,1.085,0.781,0.799,0
75.49,0.753,-0.517,-1.442,0.558,0.961,0
78.91,-0.534,-0.006,-1.801,1.961,0.804,0
31.52,-1.031,0.207,-0.848,1.078,0.766,0
74.37,0.78,0.912,-0.729,-1.144,0.952,0
114.19,-1.003,0.924,-0.574,1.183,0.816,0
33.82,-0.208,-0.991,-0.032,-0.347,0.91,0
280.2,-0.21,-0.404,-1.291,-0.023,0.734,0
56.18,1.249,0.315,0.72,-0.809,0.856,0
55.94,0.169,0.364,0.321,0.399,0.787,0
34.37,-1.026,0.551,-1.213,-1.529,0.795,0
13.24,-0.05,-0.486,0.484,1.167,0.948,0
66.52,0.55,-0.955,-0.847,-0.897,0.729,0
26.72,0.595,-0.157,0.248,-1.168,0.766,0
6.77,0.242,-0.478,-0.551,-0.646,0.809,0
96.01,0.677,-0.047,-1.36,-0.298,0.855,0
55.95,-0.368,1.115,1.346,-0.568,0.987,0
78.22,1.9,-0.191,-0.054,-1.399,0.791,0
20.25,1.301,1.893,0.501,0.351,0.764,0
133.59,1.39,-1.431,-0.455,0.653,0.874,0
60.64,0.668,0.984,-0.759,0.965,0.904,0
84.13,-2.192,-0.781,0.336,0.366,0.764,0
62.53,0.197,0.309,-0.003,-0.037,0.703,0
33.0,0.942,-0.154,-1.25,1.403,0.842,0
149.53,0.875,-1.524,-0.144,-1.714,0.707,0
167.55,1.125,-1.496,-0.411,0.216,0.713,0
141.37,0.824,0.527,1.143,0.804,0.81,0
80.82,-0.485,0.451,1.574,-0.505,0.854,0
102.29,-0.712,-1.155,0.736,-0.64,0.917,0
12.18,0.2,1.912,0.394,-0.605,0.725,0
21.57,-0.746,1.667,-0.515,0.585,0.97,0
106.49,1.398,0.283,0.817,0.306,0.94,0
23.74,-0.651,-1.164,0.582,0.464,0.703,0
5.61,0.361,-0.023,-0.072,-1.083,0.988,0
18.72,-1.862,0.888,0.874,-0.251,0.87,0
125.87,0.338,2.018,-1.255,-0.047,0.713,0
27.38,-0.852,-0.368,-0.067,-0.044,0.852,0
16.48,-0.825,1.197,0.765,0.344,0.725,0
388.34,-0.476,0.155,0.707,-0.34,0.873,0
33.78,0.53,0.321,-0.759,0.96,0.869,0
881.14,-4.094,3.525,-5.274,3.283,0.091,1
159.52,-0.354,0.323,0.896,1.451,0.78,0
26.93,0.844,-0.913,-1.158,-0.943,0.707,0
208.03,-0.176,1.636,-0.128,0.274,0.896,0
35.95,0.872,-0.469,-0.687,0.958,0.724,0
249.13,-4.05,4.63,-3.922,4.352,0.122,1
173.47,0.146,-0.391,-0.27,1.422,0.759,0
224.87,0.042,-0.368,-0.674,-2.201,0.856,0
70.04,0.628,-1.035,2.735,-1.404,0.78,0
73.19,-2.172,0.232,0.359,0.119,0.842,0
136.07,0.812,-0.783,1.295,1.38,0.959,0
27.59,-0.699,-0.22,0.737,0.485,0.818,0
42.51,-0.588,0.22,-0.918,-1.414,0.85,0
60.02,0.202,-1.443,1.033,1.494,0.968,0
93.11,1.309,0.606,0.633,-1.534,0.851,0
54.05,-0.224,-0.455,0.973,-0.955,0.967,0
27.3,0.69,0.341,0.342,-0.405,0.936,0
18.96,-0.501,-0.829,1.286,-0.675,0.933,0
46.45,-0.69,0.321,0.409,-0.09,0.749,0
46.42,0.628,1.103,0.996,0.371,0.708,0
130.35,-1.976,0.769,-0.108,-0.592,0.887,0
218.65,1.009,0.341,-0.267,-0.349,0.981,0
190.63,0.611,-1.338,-0.502,-2.194,0.95,0
118.11,-0.769,-1.094,0.953,-0.714,0.842,0
260.88,-0.529,0.58,0.032,1.494,0.774,0
43.38,-0.016,0.476,-0.188,1.798,0.808,0
140.29,0.064,-1.805,1.052,-0.68,0.733,0
140.87,-1.489,0.834,-1.059,-0.519,0.773,0
112.38,1.491,-0.987,-1.17,0.047,0.845,0
125.06,0.981,-1.341,-0.366,-0.303,0.804,0
46.9,-0.242,1.58,0.219,-0.683,0.836,0
39.25,-0.44,0.385,-0.254,0.632,0.834,0
230.11,-0.056,0.034,-1.745,0.72,0.847,0
120.48,-0.783,-0.007,-0.435,0.027,0.801,0
60.26,0.095,2.224,-1.336,1.097,0.98,0
187.07,0.401,-0.919,-1.343,0.263,0.768,0
75.52,0.926,-0.494,0.493,0.703,0.776,0
111.69,2.011,-0.921,0.894,-0.499,0.712,0
104.95,0.467,1.048,-0.612,-0.877,0.849,0
38.97,-0.169,0.109,-0.102,0.759,0.92,0
16.4,-0.032,-0.961,-0.686,0.92,0.916,0
131.44,-0.169,-2.243,-1.664,-0.263,0.88,0
40.1,-0.809,-0.275,1.735,1.031,0.92,0
204.2,-0.756,0.761,0.213,-0.135,0.929,0
134.57,-0.971,0.917,-0.086,0.083,0.802,0
241.42,-5.682,8.508,-2.078,1.518,0.216,1
29.45,1.107,0.625,2.167,-0.305,0.855,0
10.17,-0.174,-0.027,0.107,2.12,0.737,0
71.41,-0.291,0.726,0.6,0.546,0.819,0
48.78,-0.131,0.446,-0.831,1.494,0.758,0
147.87,2.78,-0.466,-0.369,-0.416,0.736,0
66.43,0.737,0.875,0.667,-0.453,0.731,0
15.29,-0.449,0.613,0.216,-0.802,0.753,0
7.43,-2.024,-0.395,0.522,0.495,0.878,0
34.48,1.851,-0.351,-0.203,-0.523,0.938,0
49.28,-0.784,0.242,-0.275,0.191,0.95,0
14.58,-0.286,0.821,1.041,0.374,0.703,0
31.25,-0.215,0.787,-0.749,0.43,0.897,0
11.46,-0.96,1.184,-1.257,-0.129,0.882,0
40.01,1.554,-1.191,0.324,-0.296,0.914,0
78.28,0.385,-0.766,-0.69,-0.354,0.748,0
285.54,-0.728,0.76,0.845,1.26,0.938,0
45.87,1.683,-1.326,-0.487,-0.108,0.912,0
92.06,-1.731,-0.67,1.146,-0.852,0.911,0
150.25,0.777,0.79,-0.427,-0.266,0.921,0
13.83,-2.131,0.482,1.722,0.197,0.919,0
11.5,0.531,1.143,-0.068,-0.167,0.848,0
22.75,-1.202,-0.547,0.878,1.021,0.934,0
481.65,-5.975,7.131,-5.819,4.321,0.324,1
14.32,0.018,1.138,2.465,0.882,0.925,0
60.33,-1.697,-0.581,-0.231,-0.277,0.7,0
178.04,-0.739,0.696,-0.002,-0.137,0.82,0
132.17,1.028,-0.274,-0.252,-0.761,0.971,0
6.0,-1.455,-0.661,-1.776,0.256,0.952,0
240.18,-0.315,1.084,-0.725,-0.258,0.893,0
115.84,0.136,-1.035,0.587,-0.288,0.734,0
235.43,-0.52,1.331,1.466,-0.887,0.841,0
119.06,0.783,1.831,-0.163,0.262,0.907,0
82.42,0.02,0.809,-0.774,-1.482,0.763,0
26.12,0.975,-0.073,-0.611,-0.887,0.947,0
40.22,-0.89,-0.127,-0.382,0.354,0.981,0
230.01,1.841,-0.652,0.317,-0.015,0.86,0
7.54,1.82,-0.069,-0.069,-0.379,0.745,0
92.57,0.121,0.446,-0.848,1.598,0.863,0
71.72,0.571,0.416,-0.078,0.068,0.847,0
203.52,-0.151,0.559,-0.626,1.58,0.736,0
188.55,0.008,0.765,-0.802,-0.043,0.755,0
124.26,-5.206,6.101,-4.219,1.914,0.11,1
19.68,0.399,-0.145,1.087,0.964,0.836,0
69.2,1.367,0.795,-0.175,-0.257,0.979,0
39.7,-0.541,-1.604,-0.52,-0.266,0.76,0
91.88,0.643,-1.205,0.397,0.552,0.893,0
7.67,0.697,-0.582,0.309,-0.351,0.869,0
119.62,-1.044,1.818,1.002,-1.206,0.934,0
8.89,-1.526,-1.228,-0.982,0.151,0.971,0
72.59,-0.311,-0.261,0.113,1.126,0.706,0
236.33,-1.893,-0.256,1.319,0.068,0.732,0
42.79,0.903,-0.481,-0.489,1.364,0.893,0
47.64,0.169,0.025,0.285,0.021,0.917,0
15.94,-0.49,0.428,2.313,0.66,0.959,0
25.08,-0.32,-0.184,-0.112,0.475,0.881,0
73.42,0.648,-1.097,-1.281,-0.067,0.822,0
183.17,-0.192,0.9,-0.027,1.034,0.747,0
195.81,-1.505,0.477,-1.776,0.267,0.792,0
83.28,-2.295,0.851,0.449,-1.099,0.724,0
104.09,-0.179,-0.268,-1.331,0.901,0.855,0
16.3,0.652,-0.83,-0.275,-0.509,0.727,0
175.92,1.724,0.915,0.76,2.21,0.751,0
161.28,-1.44,-0.7,0.159,0.931,0.909,0
49.62,-1.54,-0.375,0.404,0.131,0.881,0
267.14,0.648,-0.244,-0.301,-0.825,0.843,0
94.99,0.436,-0.211,1.592,-0.011,0.736,0
92.18,1.76,0.217,1.797,-0.601,0.746,0
25.53,-0.284,0.671,-2.048,-0.048,0.989,0
396.74,-0.781,-0.888,0.468,0.3,0.892,0
175.03,0.18,-0.559,-0.927,0.599,0.926,0
250.41,-0.256,0.399,-0.005,-2.044,0.746,0
266.64,0.484,-0.626,0.864,-1.859,0.714,0
24.5,1.899,-0.596,0.471,-0.713,0.936,0
27.94,-0.202,-0.133,0.849,0.189,0.743,0
123.33,0.667,0.112,0.43,0.364,0.885,0
146.76,-1.16,-0.594,0.226,0.398,0.726,0
176.42,-1.325,-0.992,1.094,1.966,0.856,0
30.01,0.048,1.011,0.496,0.829,0.845,0
43.44,-0.906,-0.881,-1.226,0.228,0.751,0
5.89,0.333,0.631,-0.403,1.384,0.786,0
44.09,0.219,-0.685,0.532,-0.658,0.755,0
27.01,-0.732,-0.002,0.239,-0.734,0.883,0
23.24,0.388,0.715,-1.043,-0.827,0.919,0
117.44,-0.409,-0.953,-0.702,-0.965,0.783,0
322.11,0.798,0.713,0.081,-0.678,0.783,0
23.22,-0.889,0.227,0.762,0.794,0.784,0
22.75,-0.553,1.019,-1.334,-0.003,0.895,0
505.06,-0.875,-0.192,0.694,-0.323,0.922,0
27.46,0.13,0.482,0.265,-1.215,0.831,0
150.62,0.842,-0.35,0.566,1.011,0.775,0
304.0,0.882,0.105,-0.34,-1.408,0.728,0
17.52,-1.238,1.116,-0.824,0.804,0.989,0
38.42,0.914,0.455,0.391,-1.166,0.809,0
28.81,1.653,1.375,0.037,1.294,0.804,0
117.25,-1.119,7.984,-3.874,1.675,0.226,1
144.19,0.723,0.099,1.007,0.047,0.851,0
74.4,-1.258,-1.678,-1.666,0.595,0.825,0
68.26,1.221,0.35,1.617,-0.968,0.942,0
162.8,-0.774,-1.269,0.931,0.229,0.929,0
79.54,-0.04,0.315,0.352,0.379,0.963,0
378.69,-1.409,-0.02,1.158,-0.128,0.942,0
39.8,0.014,-0.63,-0.861,-0.054,0.931,0
33.35,-0.761,0.278,0.42,0.633,0.813,0
89.39,0.608,0.623,-1.086,0.261,0.926,0
50.73,-0.569,-0.215,-0.38,-0.838,0.813,0
34.93,0.144,0.282,0.812,1.05,0.951,0
102.96,0.524,-1.101,0.381,0.012,0.848,0
8.33,0.357,-0.202,0.992,0.341,0.793,0
7.36,0.874,1.256,-0.396,-0.445,0.795,0
125.22,-0.098,-0.487,-0.991,0.498,0.735,0
47.04,0.925,-1.324,-0.148,0.89,0.893,0
166.84,-0.88,0.161,0.356,-0.442,0.766,0
76.55,-1.753,-0.642,0.693,0.86,0.887,0
44.63,0.09,-1.549,0.304,1.272,0.981,0
6.32,-0.485,0.977,1.442,0.041,0.921,0
39.55,1.167,-1.258,-0.102,0.721,0.802,0
196.32,-0.959,1.571,0.089,-0.179,0.802,0
11.22,-1.575,0.999,-0.271,-2.101,0.908,0
32.49,-0.142,-0.789,0.132,-0.299,0.978,0
96.39,-0.816,-0.576,-0.734,-0.705,0.791,0
13.71,-0.608,0.16,-0.314,-0.707,0.825,0
42.13,-0.365,0.958,-0.07,-1.513,0.711,0
82.94,0.571,-1.462,1.211,0.447,0.767,0
57.92,-1.461,0.685,0.803,1.042,0.871,0
106.72,0.407,2.388,-0.545,-0.101,0.951,0
175.55,-1.541,0.624,-0.203,-0.62,0.755,0
31.18,-0.169,-1.442,-1.352,-1.107,0.77,0
19.36,-2.049,-0.515,-0.841,0.783,0.914,0
33.89,1.742,1.167,-0.982,0.519,0.782,0
29.01,-0.758,0.136,-0.874,0.039,0.798,0
103.65,-1.608,-0.64,1.428,0.689,0.774,0
35.24,0.324,0.098,0.623,-1.155,0.963,0
57.69,1.129,-1.239,-0.085,-0.286,0.775,0
26.62,0.567,-0.766,-0.123,0.487,0.714,0
112.87,1.752,0.299,0.721,0.263,0.741,0
20.75,-0.116,-2.14,-0.327,0.438,0.912,0
46.11,0.125,-0.131,0.836,0.564,0.746,0
188.69,1.133,1.328,1.465,0.457,0.821,0
17.11,1.639,0.259,-0.434,-0.545,0.902,0
31.71,-0.452,-0.983,-0.87,-2.609,0.805,0
212.11,-1.229,1.387,0.047,-2.241,0.71,0
227.06,0.722,-1.011,0.595,0.505,0.748,0
70.4,-1.233,-0.049,-0.941,1.219,0.733,0
57.55,0.999,-1.911,-0.132,0.556,0.804,0
129.75,-4.512,2.176,-4.708,5.091,0.273,1
93.79,-0.269,1.115,-1.129,-0.536,0.714,0
121.28,0.953,-0.658,0.058,-0.701,0.801,0
7.59,0.471,0.166,0.715,0.392,0.755,0
11.23,-0.2,-0.609,-0.915,-2.728,0.741,0
58.01,-0.876,-0.301,-0.521,0.548,0.919,0
59.59,2.194,-0.306,-0.847,-1.763,0.825,0
101.03,-0.54,-0.7,-0.327,-0.477,0.827,0
67.11,-0.188,0.718,-0.69,0.588,0.719,0
73.69,-1.812,0.407,0.318,-0.741,0.781,0
162.9,1.034,0.303,1.48,0.363,0.785,0
64.44,0.054,-0.239,1.615,0.213,0.911,0
88.97,1.34,-0.087,2.129,-0.506,0.805,0
120.71,0.86,-0.964,0.619,-0.854,0.785,0
32.76,0.498,0.494,0.49,0.221,0.745,0
31.67,-1.035,-1.095,1.213,-1.059,0.779,0
33.62,-1.327,0.305,-0.536,-0.164,0.976,0
37.45,0.101,1.184,-0.668,-0.592,0.902,0
289.64,-0.089,-0.073,-1.483,-1.577,0.934,0
58.79,1.485,-1.117,-0.431,0.163,0.701,0
12.83,0.304,-0.974,1.702,-0.57,0.754,0
166.77,-0.324,0.757,0.985,0.681,0.782,0
42.46,2.66,0.307,-0.898,0.942,0.886,0
53.58,-0.408,0.859,-0.045,-1.524,0.785,0
27.54,-0.685,0.187,-2.432,0.194,0.854,0
37.84,-0.801,0.135,-1.334,-0.629,0.827,0
48.18,1.401,1.428,-1.244,-0.339,0.869,0
293.72,-0.576,-1.557,0.877,-0.508,0.843,0
29.02,-0.344,-0.509,0.127,-0.213,0.791,0
116.24,-0.771,0.772,2.495,2.339,0.953,0
7.21,0.732,-0.351,-0.534,-0.387,0.867,0
36.03,1.321,-0.135,2.093,2.726,0.781,0
138.82,-0.858,0.774,1.053,-0.657,0.804,0
48.93,-1.044,-0.418,1.09,-0.573,0.842,0
57.1,-0.333,-0.355,-2.583,-0.341,0.78,0
396.84,1.32,-0.466,-0.675,-0.772,0.865,0
5.34,0.153,-1.523,-1.133,1.122,0.769,0
152.1,0.486,-0.92,-0.932,-0.952,0.84,0
27.33,1.99,-1.998,1.686,-2.715,0.986,0
183.06,0.499,-1.857,0.511,-0.813,0.764,0
122.46,0.493,-0.216,1.208,-0.194,0.882,0
327.13,0.873,0.931,0.036,-1.737,0.784,0
6.66,-0.979,0.781,-1.553,-0.74,0.758,0
10.91,-0.614,-0.238,-0.381,0.032,0.973,0
293.61,-1.075,-0.875,1.77,1.396,0.96,0
210.42,0.507,0.609,0.256,-0.071,0.906,0
44.3,1.849,-0.573,1.078,-0.458,0.743,0
207.43,-0.819,-0.469,-0.41,0.564,0.945,0
34.86,-0.77,-0.099,-1.172,-1.343,0.874,0
321.66,-0.5,-0.967,-1.201,0.318,0.906,0
48.94,0.143,0.495,1.378,-0.859,0.943,0
142.01,-0.548,-1.566,-2.187,-0.937,0.79,0
123.77,0.931,-0.792,0.016,0.5,0.798,0
155.2,-0.67,-2.008,-0.458,3.292,0.762,0
56.0,-0.18,0.712,-0.627,-1.116,0.849,0
82.58,1.532,-0.4,1.773,0.907,0.95,0
175.65,0.511,-1.229,-0.736,0.45,0.944,0
21.92,-0.477,0.421,-0.655,0.45,0.81,0
18.17,-0.215,-0.902,-0.642,0.28,0.732,0
18.14,0.708,0.251,0.507,0.086,0.788,0
51.52,-0.53,-0.122,-0.628,1.553,0.702,0
34.11,0.276,-0.092,0.547,2.022,0.737,0
47.17,0.322,-1.149,-0.953,1.424,0.883,0
127.82,0.39,-1.221,-0.809,1.323,0.747,0
33.65,-0.19,0.577,-0.208,-0.178,0.844,0
41.3,0.997,-0.069,2.07,-0.722,0.747,0
9.59,-0.49,-0.671,-0.698,0.537,0.738,0
